{
    "textures": {
        "particle": "#wall",
		"top": "#top",
		"bottom": "#bottom"
    },
	"elements": [
		{
			"name": "wall",
			"from": [5, 0, 0],
			"to": [11, 16, 8],
			"faces": {
				"north": {"uv": [5, 0, 11, 16], "texture": "#wall", "cullface": "north"},
				"east": {"uv": [8, 0, 16, 16], "texture": "#wall"},
				"west": {"uv": [0, 0, 8, 16], "texture": "#wall"},
				"up": {"uv": [5, 0, 11, 8], "texture": "#top"},
				"down": {"uv": [5, 8, 11, 16], "texture": "#bottom", "cullface": "down"}
			}
		}
	]
}