{
	"texture_size": [32, 32],
	"textures": {
		"0": "craftadia/pets/babywookie"
	},
	"elements": [
		{
			"from": [6, 2.25, 7],
			"to": [10, 7.25, 9],
			"rotation": {"angle": 0, "axis": "y", "origin": [9, 2.25, 8.5]},
			"faces": {
				"north": {"uv": [1, 6, 3, 8.5], "texture": "#0"},
				"east": {"uv": [0, 6, 1, 8.5], "texture": "#0"},
				"south": {"uv": [4, 6, 6, 8.5], "texture": "#0"},
				"west": {"uv": [3, 6, 4, 8.5], "texture": "#0"},
				"up": {"uv": [3, 6, 1, 5], "texture": "#0"},
				"down": {"uv": [5, 5, 3, 6], "texture": "#0"}
			}
		},
		{
			"from": [5.5, 6.1, 5.5],
			"to": [10.5, 11.1, 10.5],
			"rotation": {"angle": 0, "axis": "y", "origin": [8, 2, 8]},
			"faces": {
				"north": {"uv": [2.5, 2.5, 5, 5], "texture": "#0"},
				"east": {"uv": [0, 2.5, 2.5, 5], "texture": "#0"},
				"south": {"uv": [7.5, 2.5, 10, 5], "texture": "#0"},
				"west": {"uv": [5, 2.5, 7.5, 5], "texture": "#0"},
				"up": {"uv": [5, 2.5, 2.5, 0], "texture": "#0"},
				"down": {"uv": [7.5, 0, 5, 2.5], "texture": "#0"}
			}
		},
		{
			"from": [4.6, 2.55, 7.3],
			"to": [6, 5.95, 8.7],
			"rotation": {"angle": 0, "axis": "y", "origin": [5.25, 5.25, 8.5]},
			"faces": {
				"north": {"uv": [0.5, 0.5, 1, 2], "texture": "#0"},
				"east": {"uv": [0, 0.5, 0.5, 2], "texture": "#0"},
				"south": {"uv": [1.5, 0.5, 2, 2], "texture": "#0"},
				"west": {"uv": [1, 0.5, 1.5, 2], "texture": "#0"},
				"up": {"uv": [1, 0.5, 0.5, 0], "texture": "#0"},
				"down": {"uv": [1.5, 0, 1, 0.5], "texture": "#0"}
			}
		},
		{
			"from": [10, 2.55, 7.3],
			"to": [11.4, 5.95, 8.7],
			"shade": false,
			"rotation": {"angle": 0, "axis": "y", "origin": [10.75, 5.25, 8.5]},
			"faces": {
				"north": {"uv": [1, 0.5, 0.5, 2], "texture": "#0"},
				"east": {"uv": [1.5, 0.5, 1, 2], "texture": "#0"},
				"south": {"uv": [2, 0.5, 1.5, 2], "texture": "#0"},
				"west": {"uv": [0.5, 0.5, 0, 2], "texture": "#0"},
				"up": {"uv": [0.5, 0.5, 1, 0], "texture": "#0"},
				"down": {"uv": [1, 0, 1.5, 0.5], "texture": "#0"}
			}
		},
		{
			"from": [6.125, 0, 7.25],
			"to": [7.625, 2.5, 8.75],
			"rotation": {"angle": 0, "axis": "y", "origin": [6.825, 1.75, 8.5]},
			"faces": {
				"north": {"uv": [6.5, 6.5, 7, 7.5], "texture": "#0"},
				"east": {"uv": [6, 6.5, 6.5, 7.5], "texture": "#0"},
				"south": {"uv": [7.5, 6.5, 8, 7.5], "texture": "#0"},
				"west": {"uv": [7, 6.5, 7.5, 7.5], "texture": "#0"},
				"up": {"uv": [7, 6.5, 6.5, 6], "texture": "#0"},
				"down": {"uv": [7.5, 6, 7, 6.5], "texture": "#0"}
			}
		},
		{
			"from": [8.35, 0, 7.25],
			"to": [9.85, 2.5, 8.75],
			"shade": false,
			"rotation": {"angle": 0, "axis": "y", "origin": [9.15, 1.75, 8.5]},
			"faces": {
				"north": {"uv": [7, 6.5, 6.5, 7.5], "texture": "#0"},
				"east": {"uv": [7.5, 6.5, 7, 7.5], "texture": "#0"},
				"south": {"uv": [8, 6.5, 7.5, 7.5], "texture": "#0"},
				"west": {"uv": [6.5, 6.5, 6, 7.5], "texture": "#0"},
				"up": {"uv": [6.5, 6.5, 7, 6], "texture": "#0"},
				"down": {"uv": [7, 6, 7.5, 6.5], "texture": "#0"}
			}
		},
		{
			"from": [6.9, 6.75, 5.15],
			"to": [8.9, 7.75, 6.15],
			"rotation": {"angle": 0, "axis": "y", "origin": [7.5, 2, 7.7]},
			"faces": {
				"north": {"uv": [7.5, 5.5, 8.5, 6], "texture": "#0"},
				"east": {"uv": [7, 5.5, 7.5, 6], "texture": "#0"},
				"south": {"uv": [9, 5.5, 10, 6], "texture": "#0"},
				"west": {"uv": [8.5, 5.5, 9, 6], "texture": "#0"},
				"up": {"uv": [8.5, 5.5, 7.5, 5], "texture": "#0"},
				"down": {"uv": [9.5, 5, 8.5, 5.5], "texture": "#0"}
			}
		},
		{
			"from": [5.35, 4.95, 5.35],
			"to": [10.65, 11.25, 10.65],
			"rotation": {"angle": 0, "axis": "y", "origin": [8, 2, 8]},
			"faces": {
				"north": {"uv": [2.5, 11, 5, 14], "texture": "#0"},
				"east": {"uv": [0, 11, 2.5, 14], "texture": "#0"},
				"south": {"uv": [7.5, 11, 10, 14], "texture": "#0"},
				"west": {"uv": [5, 11, 7.5, 14], "texture": "#0"},
				"up": {"uv": [5, 11, 2.5, 8.5], "texture": "#0"},
				"down": {"uv": [7.5, 8.5, 5, 11], "texture": "#0"}
			}
		}
	],
	"display": {
		"thirdperson_righthand": {
			"translation": [0, 3, -1]
		},
		"gui": {
			"rotation": [15, 160, 0],
			"translation": [0, 1.75, 0]
		},
		"head": {
			"translation": [0, -35.25, 0]
		}
	},
	"groups": [
		{
			"name": "body",
			"origin": [0.5, 0, -0.5],
			"children": [0,
				{
					"name": "head",
					"origin": [0.5, 2.1, -0.475],
					"children": [1]
				},
				{
					"name": "left_arm",
					"origin": [-1.5, 1.5, -0.5],
					"children": [2]
				},
				{
					"name": "right_arm",
					"origin": [2.5, 1.5, -0.5],
					"children": [3]
				},
				{
					"name": "left_leg",
					"origin": [1.25, 0, -0.5],
					"children": [4]
				},
				{
					"name": "right_leg",
					"origin": [-0.275, 0, -0.5],
					"children": [5]
				},
				{
					"name": "Overhead",
					"origin": [0, -2, 0],
					"children": [
						{
							"name": "nose",
							"origin": [0, 0, -0.825],
							"children": [6]
						}, 7]
				}
			]
		}
	]
}