{
	"credit": "Made with Blockbench",
	"textures": {
		"0": "craftadia/pets/nitropet",
		"particle": "craftadia/pets/nitropet"
	},
	"elements": [
		{
			"from": [3, 6, -0.5],
			"to": [13, 14, 7.5],
			"rotation": {"angle": 0, "axis": "y", "origin": [8, -5, 3.5]},
			"faces": {
				"north": {"uv": [2, 6.25, 4.5, 8.25], "texture": "#0"},
				"east": {"uv": [0, 6.25, 2, 8.25], "texture": "#0"},
				"south": {"uv": [6.5, 6.25, 9, 8.25], "texture": "#0"},
				"west": {"uv": [4.5, 6.25, 6.5, 8.25], "texture": "#0"},
				"up": {"uv": [4.5, 6.25, 2, 4.25], "texture": "#0"},
				"down": {"uv": [7, 4.25, 4.5, 6.25], "texture": "#0"}
			}
		},
		{
			"from": [4, 3, 2.5],
			"to": [12, 9, 13.5],
			"rotation": {"angle": 0, "axis": "y", "origin": [8, -5, 3.5]},
			"faces": {
				"north": {"uv": [2.75, 2.75, 4.75, 4.25], "texture": "#0"},
				"east": {"uv": [0, 2.75, 2.75, 4.25], "texture": "#0"},
				"south": {"uv": [7.5, 2.75, 9.5, 4.25], "texture": "#0"},
				"west": {"uv": [4.75, 2.75, 7.5, 4.25], "texture": "#0"},
				"up": {"uv": [4.75, 2.75, 2.75, 0], "texture": "#0"},
				"down": {"uv": [6.75, 0, 4.75, 2.75], "texture": "#0"}
			}
		},
		{
			"from": [10, 0, 11.5],
			"to": [12, 3, 13.5],
			"rotation": {"angle": 0, "axis": "y", "origin": [8, -5, 3.5]},
			"faces": {
				"north": {"uv": [7.25, 2, 7.75, 2.75], "texture": "#0"},
				"east": {"uv": [6.75, 2, 7.25, 2.75], "texture": "#0"},
				"south": {"uv": [8.25, 2, 8.75, 2.75], "texture": "#0"},
				"west": {"uv": [7.75, 2, 8.25, 2.75], "texture": "#0"},
				"up": {"uv": [7.75, 2, 7.25, 1.5], "texture": "#0"},
				"down": {"uv": [8.25, 1.5, 7.75, 2], "texture": "#0"}
			}
		},
		{
			"from": [9.5, 0, 2.5],
			"to": [11.5, 3, 4.5],
			"rotation": {"angle": 0, "axis": "y", "origin": [8, -5, 3.5]},
			"faces": {
				"north": {"uv": [0.5, 1.75, 1, 2.5], "texture": "#0"},
				"east": {"uv": [0, 1.75, 0.5, 2.5], "texture": "#0"},
				"south": {"uv": [1.5, 1.75, 2, 2.5], "texture": "#0"},
				"west": {"uv": [1, 1.75, 1.5, 2.5], "texture": "#0"},
				"up": {"uv": [1, 1.75, 0.5, 1.25], "texture": "#0"},
				"down": {"uv": [1.5, 1.25, 1, 1.75], "texture": "#0"}
			}
		},
		{
			"from": [4.5, 0, 2.5],
			"to": [6.5, 3, 4.5],
			"rotation": {"angle": 0, "axis": "y", "origin": [8, -5, 3.5]},
			"faces": {
				"north": {"uv": [0.5, 0.5, 1, 1.25], "texture": "#0"},
				"east": {"uv": [0, 0.5, 0.5, 1.25], "texture": "#0"},
				"south": {"uv": [1.5, 0.5, 2, 1.25], "texture": "#0"},
				"west": {"uv": [1, 0.5, 1.5, 1.25], "texture": "#0"},
				"up": {"uv": [1, 0.5, 0.5, 0], "texture": "#0"},
				"down": {"uv": [1.5, 0, 1, 0.5], "texture": "#0"}
			}
		},
		{
			"from": [4, 0, 11.5],
			"to": [6, 3, 13.5],
			"rotation": {"angle": 0, "axis": "y", "origin": [8, -5, 3.5]},
			"faces": {
				"north": {"uv": [0.5, 4.75, 1, 5.5], "texture": "#0"},
				"east": {"uv": [0, 4.75, 0.5, 5.5], "texture": "#0"},
				"south": {"uv": [1.5, 4.75, 2, 5.5], "texture": "#0"},
				"west": {"uv": [1, 4.75, 1.5, 5.5], "texture": "#0"},
				"up": {"uv": [1, 4.75, 0.5, 4.25], "texture": "#0"},
				"down": {"uv": [1.5, 4.25, 1, 4.75], "texture": "#0"}
			}
		},
		{
			"from": [7, 9, 14.5],
			"to": [9, 11, 16.5],
			"rotation": {"angle": 0, "axis": "y", "origin": [8, -5, 3.5]},
			"faces": {
				"north": {"uv": [7.5, 4.75, 8, 5.25], "texture": "#0"},
				"east": {"uv": [7, 4.75, 7.5, 5.25], "texture": "#0"},
				"south": {"uv": [8.5, 4.75, 9, 5.25], "texture": "#0"},
				"west": {"uv": [8, 4.75, 8.5, 5.25], "texture": "#0"},
				"up": {"uv": [8, 4.75, 7.5, 4.25], "texture": "#0"},
				"down": {"uv": [8.5, 4.25, 8, 4.75], "texture": "#0"}
			}
		},
		{
			"from": [11.5, 10, -1],
			"to": [12.5, 11, -0.5],
			"rotation": {"angle": 0, "axis": "y", "origin": [8, -5, 3.5]},
			"faces": {
				"north": {"uv": [1.75, 1.5, 2, 1.75], "texture": "#0"},
				"east": {"uv": [1.5, 1.5, 1.75, 1.75], "texture": "#0"},
				"south": {"uv": [2.25, 1.5, 2.5, 1.75], "texture": "#0"},
				"west": {"uv": [2, 1.5, 2.25, 1.75], "texture": "#0"},
				"up": {"uv": [2, 1.5, 1.75, 1.25], "texture": "#0"},
				"down": {"uv": [2.25, 1.25, 2, 1.5], "texture": "#0"}
			}
		},
		{
			"from": [3.5, 10, -1],
			"to": [4.5, 11, -0.5],
			"rotation": {"angle": 0, "axis": "y", "origin": [8, -5, 3.5]},
			"faces": {
				"north": {"uv": [1.75, 0.25, 2, 0.5], "texture": "#0"},
				"east": {"uv": [1.5, 0.25, 1.75, 0.5], "texture": "#0"},
				"south": {"uv": [2.25, 0.25, 2.5, 0.5], "texture": "#0"},
				"west": {"uv": [2, 0.25, 2.25, 0.5], "texture": "#0"},
				"up": {"uv": [2, 0.25, 1.75, 0], "texture": "#0"},
				"down": {"uv": [2.25, 0, 2, 0.25], "texture": "#0"}
			}
		},
		{
			"from": [5, 8, -2],
			"to": [11, 11.5, 5],
			"rotation": {"angle": 0, "axis": "y", "origin": [8, -5, 3.5]},
			"faces": {
				"north": {"uv": [9, 9, 10.5, 9.75], "texture": "#0"},
				"east": {"uv": [7.25, 9, 9, 9.75], "texture": "#0"},
				"south": {"uv": [12.25, 9, 13.75, 9.75], "texture": "#0"},
				"west": {"uv": [10.5, 9, 12.25, 9.75], "texture": "#0"},
				"up": {"uv": [10.5, 9, 9, 7.25], "texture": "#0"},
				"down": {"uv": [12, 7.25, 10.5, 9], "texture": "#0"}
			}
		},
		{
			"from": [1, 8.5, 2.5],
			"to": [15, 12.5, 4.5],
			"rotation": {"angle": 0, "axis": "y", "origin": [8, -5, 3.5]},
			"faces": {
				"north": {"uv": [7.25, 0.5, 10.75, 1.5], "texture": "#0"},
				"east": {"uv": [6.75, 0.5, 7.25, 1.5], "texture": "#0"},
				"south": {"uv": [11.25, 0.5, 14.75, 1.5], "texture": "#0"},
				"west": {"uv": [10.75, 0.5, 11.25, 1.5], "texture": "#0"},
				"up": {"uv": [10.75, 0.5, 7.25, 0], "texture": "#0"},
				"down": {"uv": [14.25, 0, 10.75, 0.5], "texture": "#0"}
			}
		}
	],
	"display": {
		"thirdperson_righthand": {
			"rotation": [75, 45, 0],
			"translation": [0, 2.5, 0],
			"scale": [0.375, 0.375, 0.375]
		},
		"thirdperson_lefthand": {
			"rotation": [75, 45, 0],
			"translation": [0, 2.5, 0],
			"scale": [0.375, 0.375, 0.375]
		},
		"firstperson_righthand": {
			"rotation": [0, 45, 0],
			"scale": [0.4, 0.4, 0.4]
		},
		"firstperson_lefthand": {
			"rotation": [0, 225, 0],
			"scale": [0.4, 0.4, 0.4]
		},
		"ground": {
			"translation": [0, 3, 0],
			"scale": [0.25, 0.25, 0.25]
		},
		"gui": {
			"rotation": [30, 225, 0],
			"translation": [0, -1, 0],
			"scale": [0.625, 0.625, 0.625]
		},
		"head": {
			"translation": [0, -30, 0],
			"scale": [1.3, 1.3, 1.3]
		}
	}
}