{
	"credit": "Model by Samuel McLaughlin with Blockbench ",
	"texture_size": [128, 128],
	"textures": {
		"0": "craftadia/pets/pinata",
		"particle": "craftadia/pets/pinata"
	},
	"elements": [
		{
			"from": [11, -16, -6],
			"to": [16, -13, -5],
			"rotation": {"angle": 0, "axis": "y", "origin": [8, -8, 3]},
			"faces": {
				"north": {"uv": [4.875, 2.625, 5.5, 3], "texture": "#0"},
				"east": {"uv": [4.75, 7.25, 4.875, 7.625], "texture": "#0"},
				"south": {"uv": [5.25, 8.375, 5.875, 8.75], "texture": "#0"},
				"west": {"uv": [4.875, 7.25, 5, 7.625], "texture": "#0"},
				"up": {"uv": [2.25, 1.625, 1.625, 1.5], "texture": "#0"},
				"down": {"uv": [2.875, 1.5, 2.25, 1.625], "texture": "#0"}
			}
		},
		{
			"from": [11, -16, 9],
			"to": [16, -13, 10],
			"rotation": {"angle": 0, "axis": "y", "origin": [8, -8, 18]},
			"faces": {
				"north": {"uv": [4.875, 2.625, 5.5, 3], "texture": "#0"},
				"east": {"uv": [4.75, 7.25, 4.875, 7.625], "texture": "#0"},
				"south": {"uv": [5.25, 8.375, 5.875, 8.75], "texture": "#0"},
				"west": {"uv": [4.875, 7.25, 5, 7.625], "texture": "#0"},
				"up": {"uv": [2.25, 1.625, 1.625, 1.5], "texture": "#0"},
				"down": {"uv": [2.875, 1.5, 2.25, 1.625], "texture": "#0"}
			}
		},
		{
			"from": [3, -16, -6],
			"to": [8, -13, -5],
			"rotation": {"angle": 0, "axis": "y", "origin": [11, -8, 3]},
			"faces": {
				"north": {"uv": [5.5, 2.625, 4.875, 3], "texture": "#0"},
				"east": {"uv": [5, 7.25, 4.875, 7.625], "texture": "#0"},
				"south": {"uv": [5.875, 8.375, 5.25, 8.75], "texture": "#0"},
				"west": {"uv": [4.875, 7.25, 4.75, 7.625], "texture": "#0"},
				"up": {"uv": [1.625, 1.625, 2.25, 1.5], "texture": "#0"},
				"down": {"uv": [2.25, 1.5, 2.875, 1.625], "texture": "#0"}
			}
		},
		{
			"from": [3, -16, 9],
			"to": [8, -13, 10],
			"rotation": {"angle": 0, "axis": "y", "origin": [11, -8, 18]},
			"faces": {
				"north": {"uv": [5.5, 2.625, 4.875, 3], "texture": "#0"},
				"east": {"uv": [5, 7.25, 4.875, 7.625], "texture": "#0"},
				"south": {"uv": [5.875, 8.375, 5.25, 8.75], "texture": "#0"},
				"west": {"uv": [4.875, 7.25, 4.75, 7.625], "texture": "#0"},
				"up": {"uv": [1.625, 1.625, 2.25, 1.5], "texture": "#0"},
				"down": {"uv": [2.25, 1.5, 2.875, 1.625], "texture": "#0"}
			}
		},
		{
			"from": [11, -16, -5],
			"to": [16, -5, 0],
			"rotation": {"angle": 0, "axis": "y", "origin": [8, -8, 3]},
			"faces": {
				"north": {"uv": [2.25, 7.5, 2.875, 8.875], "texture": "#0"},
				"east": {"uv": [2.875, 7.5, 3.5, 8.875], "texture": "#0"},
				"south": {"uv": [7.5, 4.125, 8.125, 5.5], "texture": "#0"},
				"west": {"uv": [0, 7.625, 0.625, 9], "texture": "#0"},
				"up": {"uv": [3.125, 4.75, 2.5, 4.125], "texture": "#0"},
				"down": {"uv": [4.75, 0.875, 4.125, 1.5], "texture": "#0"}
			}
		},
		{
			"from": [11, -16, 10],
			"to": [16, -5, 15],
			"rotation": {"angle": 0, "axis": "y", "origin": [8, -8, 18]},
			"faces": {
				"north": {"uv": [2.25, 7.5, 2.875, 8.875], "texture": "#0"},
				"east": {"uv": [2.875, 7.5, 3.5, 8.875], "texture": "#0"},
				"south": {"uv": [7.5, 4.125, 8.125, 5.5], "texture": "#0"},
				"west": {"uv": [0, 7.625, 0.625, 9], "texture": "#0"},
				"up": {"uv": [3.125, 4.75, 2.5, 4.125], "texture": "#0"},
				"down": {"uv": [4.75, 0.875, 4.125, 1.5], "texture": "#0"}
			}
		},
		{
			"from": [3, -16, -5],
			"to": [8, -5, 0],
			"rotation": {"angle": 0, "axis": "y", "origin": [11, -8, 3]},
			"faces": {
				"north": {"uv": [2.875, 7.5, 2.25, 8.875], "texture": "#0"},
				"east": {"uv": [0.625, 7.625, 0, 9], "texture": "#0"},
				"south": {"uv": [8.125, 4.125, 7.5, 5.5], "texture": "#0"},
				"west": {"uv": [3.5, 7.5, 2.875, 8.875], "texture": "#0"},
				"up": {"uv": [2.5, 4.75, 3.125, 4.125], "texture": "#0"},
				"down": {"uv": [4.125, 0.875, 4.75, 1.5], "texture": "#0"}
			}
		},
		{
			"from": [3, -16, 10],
			"to": [8, -5, 15],
			"rotation": {"angle": 0, "axis": "y", "origin": [11, -8, 18]},
			"faces": {
				"north": {"uv": [2.875, 7.5, 2.25, 8.875], "texture": "#0"},
				"east": {"uv": [0.625, 7.625, 0, 9], "texture": "#0"},
				"south": {"uv": [8.125, 4.125, 7.5, 5.5], "texture": "#0"},
				"west": {"uv": [3.5, 7.5, 2.875, 8.875], "texture": "#0"},
				"up": {"uv": [2.5, 4.75, 3.125, 4.125], "texture": "#0"},
				"down": {"uv": [4.125, 0.875, 4.75, 1.5], "texture": "#0"}
			}
		},
		{
			"from": [11, -11, -8],
			"to": [16, -11, -5],
			"rotation": {"angle": -45, "axis": "x", "origin": [13.5, -11, -5.025]},
			"faces": {
				"north": {"uv": [0, 0, 0.625, 0], "texture": "#0"},
				"east": {"uv": [0, 0, 0.375, 0], "texture": "#0"},
				"south": {"uv": [0, 0, 0.625, 0], "texture": "#0"},
				"west": {"uv": [0, 0, 0.375, 0], "texture": "#0"},
				"up": {"uv": [2.75, 9.25, 2.125, 8.875], "texture": "#0"},
				"down": {"uv": [3.375, 8.875, 2.75, 9.25], "texture": "#0"}
			}
		},
		{
			"from": [11, -11, 7],
			"to": [16, -11, 10],
			"rotation": {"angle": -45, "axis": "x", "origin": [13.5, -11, 9.975]},
			"faces": {
				"north": {"uv": [0, 0, 0.625, 0], "texture": "#0"},
				"east": {"uv": [0, 0, 0.375, 0], "texture": "#0"},
				"south": {"uv": [0, 0, 0.625, 0], "texture": "#0"},
				"west": {"uv": [0, 0, 0.375, 0], "texture": "#0"},
				"up": {"uv": [2.75, 9.25, 2.125, 8.875], "texture": "#0"},
				"down": {"uv": [3.375, 8.875, 2.75, 9.25], "texture": "#0"}
			}
		},
		{
			"from": [3, -11, -8],
			"to": [8, -11, -5],
			"rotation": {"angle": -45, "axis": "x", "origin": [5.5, -11, -5.025]},
			"faces": {
				"north": {"uv": [0.625, 0, 0, 0], "texture": "#0"},
				"east": {"uv": [0.375, 0, 0, 0], "texture": "#0"},
				"south": {"uv": [0.625, 0, 0, 0], "texture": "#0"},
				"west": {"uv": [0.375, 0, 0, 0], "texture": "#0"},
				"up": {"uv": [2.125, 9.25, 2.75, 8.875], "texture": "#0"},
				"down": {"uv": [2.75, 8.875, 3.375, 9.25], "texture": "#0"}
			}
		},
		{
			"from": [3, -11, 7],
			"to": [8, -11, 10],
			"rotation": {"angle": -45, "axis": "x", "origin": [5.5, -11, 9.975]},
			"faces": {
				"north": {"uv": [0.625, 0, 0, 0], "texture": "#0"},
				"east": {"uv": [0.375, 0, 0, 0], "texture": "#0"},
				"south": {"uv": [0.625, 0, 0, 0], "texture": "#0"},
				"west": {"uv": [0.375, 0, 0, 0], "texture": "#0"},
				"up": {"uv": [2.125, 9.25, 2.75, 8.875], "texture": "#0"},
				"down": {"uv": [2.75, 8.875, 3.375, 9.25], "texture": "#0"}
			}
		},
		{
			"from": [11, -10.975, -5.025],
			"to": [16, -7.975, -5.025],
			"rotation": {"angle": 22.5, "axis": "x", "origin": [13.5, -8, -5.025]},
			"faces": {
				"north": {"uv": [8.875, 8.875, 9.5, 9.25], "texture": "#0"},
				"east": {"uv": [0, 0, 0, 0.375], "texture": "#0"},
				"south": {"uv": [8.875, 2.5, 9.5, 2.875], "texture": "#0"},
				"west": {"uv": [0, 0, 0, 0.375], "texture": "#0"},
				"up": {"uv": [0.625, 0, 0, 0], "texture": "#0"},
				"down": {"uv": [0.625, 0, 0, 0], "texture": "#0"}
			}
		},
		{
			"from": [11, -10.975, 9.975],
			"to": [16, -7.975, 9.975],
			"rotation": {"angle": 22.5, "axis": "x", "origin": [13.5, -8, 9.975]},
			"faces": {
				"north": {"uv": [8.875, 8.875, 9.5, 9.25], "texture": "#0"},
				"east": {"uv": [0, 0, 0, 0.375], "texture": "#0"},
				"south": {"uv": [8.875, 2.5, 9.5, 2.875], "texture": "#0"},
				"west": {"uv": [0, 0, 0, 0.375], "texture": "#0"},
				"up": {"uv": [0.625, 0, 0, 0], "texture": "#0"},
				"down": {"uv": [0.625, 0, 0, 0], "texture": "#0"}
			}
		},
		{
			"from": [3, -10.975, -5.025],
			"to": [8, -7.975, -5.025],
			"rotation": {"angle": 22.5, "axis": "x", "origin": [5.5, -8, -5.025]},
			"faces": {
				"north": {"uv": [9.5, 8.875, 8.875, 9.25], "texture": "#0"},
				"east": {"uv": [0, 0, 0, 0.375], "texture": "#0"},
				"south": {"uv": [9.5, 2.5, 8.875, 2.875], "texture": "#0"},
				"west": {"uv": [0, 0, 0, 0.375], "texture": "#0"},
				"up": {"uv": [0, 0, 0.625, 0], "texture": "#0"},
				"down": {"uv": [0, 0, 0.625, 0], "texture": "#0"}
			}
		},
		{
			"from": [3, -10.975, 9.975],
			"to": [8, -7.975, 9.975],
			"rotation": {"angle": 22.5, "axis": "x", "origin": [5.5, -8, 9.975]},
			"faces": {
				"north": {"uv": [9.5, 8.875, 8.875, 9.25], "texture": "#0"},
				"east": {"uv": [0, 0, 0, 0.375], "texture": "#0"},
				"south": {"uv": [9.5, 2.5, 8.875, 2.875], "texture": "#0"},
				"west": {"uv": [0, 0, 0, 0.375], "texture": "#0"},
				"up": {"uv": [0, 0, 0.625, 0], "texture": "#0"},
				"down": {"uv": [0, 0, 0.625, 0], "texture": "#0"}
			}
		},
		{
			"from": [11, -7.975, -5.025],
			"to": [16, -4.975, -5.025],
			"rotation": {"angle": 22.5, "axis": "x", "origin": [13.5, -5, -5.025]},
			"faces": {
				"north": {"uv": [8.875, 2.875, 9.5, 3.25], "texture": "#0"},
				"east": {"uv": [0, 0, 0, 0.375], "texture": "#0"},
				"south": {"uv": [8.875, 3.25, 9.5, 3.625], "texture": "#0"},
				"west": {"uv": [0, 0, 0, 0.375], "texture": "#0"},
				"up": {"uv": [0.625, 0, 0, 0], "texture": "#0"},
				"down": {"uv": [0.625, 0, 0, 0], "texture": "#0"}
			}
		},
		{
			"from": [14.5, 7.025, -3.525],
			"to": [14.5, 10.025, 1.475],
			"rotation": {"angle": 22.5, "axis": "z", "origin": [14.5, 10, -1.025]},
			"faces": {
				"north": {"uv": [0, 0, 0, 0.375], "texture": "#0"},
				"east": {"uv": [8.875, 2.875, 9.5, 3.25], "texture": "#0"},
				"south": {"uv": [0, 0, 0, 0.375], "texture": "#0"},
				"west": {"uv": [8.875, 3.25, 9.5, 3.625], "texture": "#0"},
				"up": {"uv": [0.625, 0, 0, 0], "rotation": 90, "texture": "#0"},
				"down": {"uv": [0.625, 0, 0, 0], "rotation": 270, "texture": "#0"}
			}
		},
		{
			"from": [4.925, 7.025, -3.525],
			"to": [4.925, 10.025, 1.475],
			"rotation": {"angle": -22.5, "axis": "z", "origin": [4.925, 10, -1.025]},
			"faces": {
				"north": {"uv": [0, 0, 0, 0.375], "texture": "#0"},
				"east": {"uv": [9.5, 3.25, 8.875, 3.625], "texture": "#0"},
				"south": {"uv": [0, 0, 0, 0.375], "texture": "#0"},
				"west": {"uv": [9.5, 2.875, 8.875, 3.25], "texture": "#0"},
				"up": {"uv": [0.625, 0, 0, 0], "rotation": 90, "texture": "#0"},
				"down": {"uv": [0.625, 0, 0, 0], "rotation": 270, "texture": "#0"}
			}
		},
		{
			"from": [6.925, 7.025, 2.4],
			"to": [11.925, 10.025, 2.4],
			"rotation": {"angle": -22.5, "axis": "x", "origin": [9.425, 10, 2.4]},
			"faces": {
				"north": {"uv": [8.875, 3.25, 9.5, 3.625], "texture": "#0"},
				"east": {"uv": [0, 0, 0, 0.375], "texture": "#0"},
				"south": {"uv": [8.875, 2.875, 9.5, 3.25], "texture": "#0"},
				"west": {"uv": [0, 0, 0, 0.375], "texture": "#0"},
				"up": {"uv": [0.625, 0, 0, 0], "rotation": 180, "texture": "#0"},
				"down": {"uv": [0.625, 0, 0, 0], "rotation": 180, "texture": "#0"}
			}
		},
		{
			"from": [14.5, 13.025, -3.525],
			"to": [14.5, 16.025, 1.475],
			"rotation": {"angle": 22.5, "axis": "z", "origin": [14.5, 16, -1.025]},
			"faces": {
				"north": {"uv": [0, 0, 0, 0.375], "texture": "#0"},
				"east": {"uv": [8.875, 2.875, 9.5, 3.25], "texture": "#0"},
				"south": {"uv": [0, 0, 0, 0.375], "texture": "#0"},
				"west": {"uv": [8.875, 3.25, 9.5, 3.625], "texture": "#0"},
				"up": {"uv": [0.625, 0, 0, 0], "rotation": 90, "texture": "#0"},
				"down": {"uv": [0.625, 0, 0, 0], "rotation": 270, "texture": "#0"}
			}
		},
		{
			"from": [4.925, 13.025, -3.525],
			"to": [4.925, 16.025, 1.475],
			"rotation": {"angle": -22.5, "axis": "z", "origin": [4.925, 16, -1.025]},
			"faces": {
				"north": {"uv": [0, 0, 0, 0.375], "texture": "#0"},
				"east": {"uv": [9.5, 3.25, 8.875, 3.625], "texture": "#0"},
				"south": {"uv": [0, 0, 0, 0.375], "texture": "#0"},
				"west": {"uv": [9.5, 2.875, 8.875, 3.25], "texture": "#0"},
				"up": {"uv": [0.625, 0, 0, 0], "rotation": 90, "texture": "#0"},
				"down": {"uv": [0.625, 0, 0, 0], "rotation": 270, "texture": "#0"}
			}
		},
		{
			"from": [6.925, 13.025, 2.4],
			"to": [11.925, 16.025, 2.4],
			"rotation": {"angle": -22.5, "axis": "x", "origin": [9.425, 16, 2.4]},
			"faces": {
				"north": {"uv": [8.875, 3.25, 9.5, 3.625], "texture": "#0"},
				"east": {"uv": [0, 0, 0, 0.375], "texture": "#0"},
				"south": {"uv": [8.875, 2.875, 9.5, 3.25], "texture": "#0"},
				"west": {"uv": [0, 0, 0, 0.375], "texture": "#0"},
				"up": {"uv": [0.625, 0, 0, 0], "rotation": 180, "texture": "#0"},
				"down": {"uv": [0.625, 0, 0, 0], "rotation": 180, "texture": "#0"}
			}
		},
		{
			"from": [11, -7.975, 9.975],
			"to": [16, -4.975, 9.975],
			"rotation": {"angle": 22.5, "axis": "x", "origin": [13.5, -5, 9.975]},
			"faces": {
				"north": {"uv": [8.875, 2.875, 9.5, 3.25], "texture": "#0"},
				"east": {"uv": [0, 0, 0, 0.375], "texture": "#0"},
				"south": {"uv": [8.875, 3.25, 9.5, 3.625], "texture": "#0"},
				"west": {"uv": [0, 0, 0, 0.375], "texture": "#0"},
				"up": {"uv": [0.625, 0, 0, 0], "texture": "#0"},
				"down": {"uv": [0.625, 0, 0, 0], "texture": "#0"}
			}
		},
		{
			"from": [3, -7.975, -5.025],
			"to": [8, -4.975, -5.025],
			"rotation": {"angle": 22.5, "axis": "x", "origin": [5.5, -5, -5.025]},
			"faces": {
				"north": {"uv": [9.5, 2.875, 8.875, 3.25], "texture": "#0"},
				"east": {"uv": [0, 0, 0, 0.375], "texture": "#0"},
				"south": {"uv": [9.5, 3.25, 8.875, 3.625], "texture": "#0"},
				"west": {"uv": [0, 0, 0, 0.375], "texture": "#0"},
				"up": {"uv": [0, 0, 0.625, 0], "texture": "#0"},
				"down": {"uv": [0, 0, 0.625, 0], "texture": "#0"}
			}
		},
		{
			"from": [3, -7.975, 9.975],
			"to": [8, -4.975, 9.975],
			"rotation": {"angle": 22.5, "axis": "x", "origin": [5.5, -5, 9.975]},
			"faces": {
				"north": {"uv": [9.5, 2.875, 8.875, 3.25], "texture": "#0"},
				"east": {"uv": [0, 0, 0, 0.375], "texture": "#0"},
				"south": {"uv": [9.5, 3.25, 8.875, 3.625], "texture": "#0"},
				"west": {"uv": [0, 0, 0, 0.375], "texture": "#0"},
				"up": {"uv": [0, 0, 0.625, 0], "texture": "#0"},
				"down": {"uv": [0, 0, 0.625, 0], "texture": "#0"}
			}
		},
		{
			"from": [16, -14, -5],
			"to": [16, -11, 0],
			"rotation": {"angle": 22.5, "axis": "z", "origin": [16, -11, -2.5]},
			"faces": {
				"north": {"uv": [0, 0, 0, 0.375], "texture": "#0"},
				"east": {"uv": [8.625, 6.625, 9.25, 7], "texture": "#0"},
				"south": {"uv": [0, 0, 0, 0.375], "texture": "#0"},
				"west": {"uv": [8.75, 7, 9.375, 7.375], "texture": "#0"},
				"up": {"uv": [0, 0.625, 0, 0], "texture": "#0"},
				"down": {"uv": [0, 0, 0, 0.625], "texture": "#0"}
			}
		},
		{
			"from": [16, -14, 10],
			"to": [16, -11, 15],
			"rotation": {"angle": 22.5, "axis": "z", "origin": [16, -11, 12.5]},
			"faces": {
				"north": {"uv": [0, 0, 0, 0.375], "texture": "#0"},
				"east": {"uv": [8.625, 6.625, 9.25, 7], "texture": "#0"},
				"south": {"uv": [0, 0, 0, 0.375], "texture": "#0"},
				"west": {"uv": [8.75, 7, 9.375, 7.375], "texture": "#0"},
				"up": {"uv": [0, 0.625, 0, 0], "texture": "#0"},
				"down": {"uv": [0, 0, 0, 0.625], "texture": "#0"}
			}
		},
		{
			"from": [3, -14, -5],
			"to": [3, -11, 0],
			"rotation": {"angle": -22.5, "axis": "z", "origin": [3, -11, -2.5]},
			"faces": {
				"north": {"uv": [0, 0, 0, 0.375], "texture": "#0"},
				"east": {"uv": [9.375, 7, 8.75, 7.375], "texture": "#0"},
				"south": {"uv": [0, 0, 0, 0.375], "texture": "#0"},
				"west": {"uv": [9.25, 6.625, 8.625, 7], "texture": "#0"},
				"up": {"uv": [0, 0.625, 0, 0], "texture": "#0"},
				"down": {"uv": [0, 0, 0, 0.625], "texture": "#0"}
			}
		},
		{
			"from": [3, -14, 10],
			"to": [3, -11, 15],
			"rotation": {"angle": -22.5, "axis": "z", "origin": [3, -11, 12.5]},
			"faces": {
				"north": {"uv": [0, 0, 0, 0.375], "texture": "#0"},
				"east": {"uv": [9.375, 7, 8.75, 7.375], "texture": "#0"},
				"south": {"uv": [0, 0, 0, 0.375], "texture": "#0"},
				"west": {"uv": [9.25, 6.625, 8.625, 7], "texture": "#0"},
				"up": {"uv": [0, 0.625, 0, 0], "texture": "#0"},
				"down": {"uv": [0, 0, 0, 0.625], "texture": "#0"}
			}
		},
		{
			"from": [16, -16, -5],
			"to": [16, -13, 0],
			"rotation": {"angle": 22.5, "axis": "z", "origin": [16, -13, -2.5]},
			"faces": {
				"north": {"uv": [0, 0, 0, 0.375], "texture": "#0"},
				"east": {"uv": [8.75, 7.375, 9.375, 7.75], "texture": "#0"},
				"south": {"uv": [0, 0, 0, 0.375], "texture": "#0"},
				"west": {"uv": [8.75, 7.75, 9.375, 8.125], "texture": "#0"},
				"up": {"uv": [0, 0.625, 0, 0], "texture": "#0"},
				"down": {"uv": [0, 0, 0, 0.625], "texture": "#0"}
			}
		},
		{
			"from": [16, -16, 10],
			"to": [16, -13, 15],
			"rotation": {"angle": 22.5, "axis": "z", "origin": [16, -13, 12.5]},
			"faces": {
				"north": {"uv": [0, 0, 0, 0.375], "texture": "#0"},
				"east": {"uv": [8.75, 7.375, 9.375, 7.75], "texture": "#0"},
				"south": {"uv": [0, 0, 0, 0.375], "texture": "#0"},
				"west": {"uv": [8.75, 7.75, 9.375, 8.125], "texture": "#0"},
				"up": {"uv": [0, 0.625, 0, 0], "texture": "#0"},
				"down": {"uv": [0, 0, 0, 0.625], "texture": "#0"}
			}
		},
		{
			"from": [3, -16, -5],
			"to": [3, -13, 0],
			"rotation": {"angle": -22.5, "axis": "z", "origin": [3, -13, -2.5]},
			"faces": {
				"north": {"uv": [0, 0, 0, 0.375], "texture": "#0"},
				"east": {"uv": [9.375, 7.75, 8.75, 8.125], "texture": "#0"},
				"south": {"uv": [0, 0, 0, 0.375], "texture": "#0"},
				"west": {"uv": [9.375, 7.375, 8.75, 7.75], "texture": "#0"},
				"up": {"uv": [0, 0.625, 0, 0], "texture": "#0"},
				"down": {"uv": [0, 0, 0, 0.625], "texture": "#0"}
			}
		},
		{
			"from": [3, -16, 10],
			"to": [3, -13, 15],
			"rotation": {"angle": -22.5, "axis": "z", "origin": [3, -13, 12.5]},
			"faces": {
				"north": {"uv": [0, 0, 0, 0.375], "texture": "#0"},
				"east": {"uv": [9.375, 7.75, 8.75, 8.125], "texture": "#0"},
				"south": {"uv": [0, 0, 0, 0.375], "texture": "#0"},
				"west": {"uv": [9.375, 7.375, 8.75, 7.75], "texture": "#0"},
				"up": {"uv": [0, 0.625, 0, 0], "texture": "#0"},
				"down": {"uv": [0, 0, 0, 0.625], "texture": "#0"}
			}
		},
		{
			"from": [4.98, 3.03, -6.695],
			"to": [14.02, 17.07, 2.345],
			"rotation": {"angle": 0, "axis": "x", "origin": [11, 15.18589, -4.26161]},
			"faces": {
				"north": {"uv": [5.75, 2.625, 6.875, 4.375], "texture": "#0"},
				"east": {"uv": [0, 5.875, 1.125, 7.625], "texture": "#0"},
				"south": {"uv": [1.125, 5.875, 2.25, 7.625], "texture": "#0"},
				"west": {"uv": [5, 5.875, 6.125, 7.625], "texture": "#0"},
				"up": {"uv": [7.25, 8.25, 6.125, 7.125], "texture": "#0"},
				"down": {"uv": [8.375, 7.25, 7.25, 8.375], "texture": "#0"}
			}
		},
		{
			"from": [10.99, 14.44752, -2.96597],
			"to": [14.01, 20.45752, 1.05403],
			"rotation": {"angle": -22.5, "axis": "x", "origin": [11, 15.18589, -4.26161]},
			"faces": {
				"north": {"uv": [5.75, 7.625, 6.125, 8.375], "texture": "#0"},
				"east": {"uv": [6.625, 0, 7.125, 0.75], "texture": "#0"},
				"south": {"uv": [8.125, 4.125, 8.5, 4.875], "texture": "#0"},
				"west": {"uv": [6.875, 4.125, 7.375, 4.875], "texture": "#0"},
				"up": {"uv": [9.25, 4.125, 8.875, 3.625], "texture": "#0"},
				"down": {"uv": [9.25, 4.125, 8.875, 4.625], "texture": "#0"}
			}
		},
		{
			"from": [4.99, 14.44752, -2.96597],
			"to": [8.01, 20.45752, 1.05403],
			"rotation": {"angle": -22.5, "axis": "x", "origin": [8, 15.18589, -4.26161]},
			"faces": {
				"north": {"uv": [6.125, 7.625, 5.75, 8.375], "texture": "#0"},
				"east": {"uv": [7.375, 4.125, 6.875, 4.875], "texture": "#0"},
				"south": {"uv": [8.5, 4.125, 8.125, 4.875], "texture": "#0"},
				"west": {"uv": [7.125, 0, 6.625, 0.75], "texture": "#0"},
				"up": {"uv": [8.875, 4.125, 9.25, 3.625], "texture": "#0"},
				"down": {"uv": [8.875, 4.125, 9.25, 4.625], "texture": "#0"}
			}
		},
		{
			"from": [13.99, 19.43752, -2.96597],
			"to": [15.01, 19.45752, 1.05403],
			"rotation": {"angle": -22.5, "axis": "x", "origin": [11, 15.18589, -4.26161]},
			"faces": {
				"north": {"uv": [0, 0, 0.125, 0], "texture": "#0"},
				"east": {"uv": [0, 0, 0.5, 0], "texture": "#0"},
				"south": {"uv": [0, 0, 0.125, 0], "texture": "#0"},
				"west": {"uv": [0, 0, 0.5, 0], "texture": "#0"},
				"up": {"uv": [3.25, 4.625, 3.125, 4.125], "texture": "#0"},
				"down": {"uv": [4.875, 0.875, 4.75, 1.375], "texture": "#0"}
			}
		},
		{
			"from": [3.99, 19.43752, -2.96597],
			"to": [5.01, 19.45752, 1.05403],
			"rotation": {"angle": -22.5, "axis": "x", "origin": [8, 15.18589, -4.26161]},
			"faces": {
				"north": {"uv": [0.125, 0, 0, 0], "texture": "#0"},
				"east": {"uv": [0.5, 0, 0, 0], "texture": "#0"},
				"south": {"uv": [0.125, 0, 0, 0], "texture": "#0"},
				"west": {"uv": [0.5, 0, 0, 0], "texture": "#0"},
				"up": {"uv": [3.125, 4.625, 3.25, 4.125], "texture": "#0"},
				"down": {"uv": [4.75, 0.875, 4.875, 1.375], "texture": "#0"}
			}
		},
		{
			"from": [9.99, 19.43752, -2.96597],
			"to": [11.01, 19.45752, 1.05403],
			"rotation": {"angle": -22.5, "axis": "x", "origin": [14, 15.18589, -4.26161]},
			"faces": {
				"north": {"uv": [0.125, 0, 0, 0], "texture": "#0"},
				"east": {"uv": [0.5, 0, 0, 0], "texture": "#0"},
				"south": {"uv": [0.125, 0, 0, 0], "texture": "#0"},
				"west": {"uv": [0.5, 0, 0, 0], "texture": "#0"},
				"up": {"uv": [3.125, 4.625, 3.25, 4.125], "texture": "#0"},
				"down": {"uv": [4.75, 0.875, 4.875, 1.375], "texture": "#0"}
			}
		},
		{
			"from": [7.99, 19.43752, -2.96597],
			"to": [9.01, 19.45752, 1.05403],
			"rotation": {"angle": -22.5, "axis": "x", "origin": [5, 15.18589, -4.26161]},
			"faces": {
				"north": {"uv": [0, 0, 0.125, 0], "texture": "#0"},
				"east": {"uv": [0, 0, 0.5, 0], "texture": "#0"},
				"south": {"uv": [0, 0, 0.125, 0], "texture": "#0"},
				"west": {"uv": [0, 0, 0.5, 0], "texture": "#0"},
				"up": {"uv": [3.25, 4.625, 3.125, 4.125], "texture": "#0"},
				"down": {"uv": [4.875, 0.875, 4.75, 1.375], "texture": "#0"}
			}
		},
		{
			"from": [13.99, 17.43752, -2.96597],
			"to": [15.01, 17.45752, 1.05403],
			"rotation": {"angle": -22.5, "axis": "x", "origin": [11, 15.18589, -4.26161]},
			"faces": {
				"north": {"uv": [0, 0, 0.125, 0], "texture": "#0"},
				"east": {"uv": [0, 0, 0.5, 0], "texture": "#0"},
				"south": {"uv": [0, 0, 0.125, 0], "texture": "#0"},
				"west": {"uv": [0, 0, 0.5, 0], "texture": "#0"},
				"up": {"uv": [6.875, 4.875, 6.75, 4.375], "texture": "#0"},
				"down": {"uv": [7.5, 4.125, 7.375, 4.625], "texture": "#0"}
			}
		},
		{
			"from": [3.99, 17.43752, -2.96597],
			"to": [5.01, 17.45752, 1.05403],
			"rotation": {"angle": -22.5, "axis": "x", "origin": [8, 15.18589, -4.26161]},
			"faces": {
				"north": {"uv": [0.125, 0, 0, 0], "texture": "#0"},
				"east": {"uv": [0.5, 0, 0, 0], "texture": "#0"},
				"south": {"uv": [0.125, 0, 0, 0], "texture": "#0"},
				"west": {"uv": [0.5, 0, 0, 0], "texture": "#0"},
				"up": {"uv": [6.75, 4.875, 6.875, 4.375], "texture": "#0"},
				"down": {"uv": [7.375, 4.125, 7.5, 4.625], "texture": "#0"}
			}
		},
		{
			"from": [9.99, 17.43752, -2.96597],
			"to": [11.01, 17.45752, 1.05403],
			"rotation": {"angle": -22.5, "axis": "x", "origin": [14, 15.18589, -4.26161]},
			"faces": {
				"north": {"uv": [0.125, 0, 0, 0], "texture": "#0"},
				"east": {"uv": [0.5, 0, 0, 0], "texture": "#0"},
				"south": {"uv": [0.125, 0, 0, 0], "texture": "#0"},
				"west": {"uv": [0.5, 0, 0, 0], "texture": "#0"},
				"up": {"uv": [6.75, 4.875, 6.875, 4.375], "texture": "#0"},
				"down": {"uv": [7.375, 4.125, 7.5, 4.625], "texture": "#0"}
			}
		},
		{
			"from": [7.99, 17.43752, -2.96597],
			"to": [9.01, 17.45752, 1.05403],
			"rotation": {"angle": -22.5, "axis": "x", "origin": [5, 15.18589, -4.26161]},
			"faces": {
				"north": {"uv": [0, 0, 0.125, 0], "texture": "#0"},
				"east": {"uv": [0, 0, 0.5, 0], "texture": "#0"},
				"south": {"uv": [0, 0, 0.125, 0], "texture": "#0"},
				"west": {"uv": [0, 0, 0.5, 0], "texture": "#0"},
				"up": {"uv": [6.875, 4.875, 6.75, 4.375], "texture": "#0"},
				"down": {"uv": [7.5, 4.125, 7.375, 4.625], "texture": "#0"}
			}
		},
		{
			"from": [11.49, 16.84603, -0.94361],
			"to": [13.51, 22.85603, 2.07639],
			"rotation": {"angle": -45, "axis": "x", "origin": [11, 15.18589, -4.26161]},
			"faces": {
				"north": {"uv": [4.75, 6.5, 5, 7.25], "texture": "#0"},
				"east": {"uv": [4.5, 8.25, 4.875, 9], "texture": "#0"},
				"south": {"uv": [7.125, 0, 7.375, 0.75], "texture": "#0"},
				"west": {"uv": [4.875, 8.25, 5.25, 9], "texture": "#0"},
				"up": {"uv": [5.75, 3, 5.5, 2.625], "texture": "#0"},
				"down": {"uv": [2.5, 5.875, 2.25, 6.25], "texture": "#0"}
			}
		},
		{
			"from": [5.49, 16.84603, -0.94361],
			"to": [7.51, 22.85603, 2.07639],
			"rotation": {"angle": -45, "axis": "x", "origin": [8, 15.18589, -4.26161]},
			"faces": {
				"north": {"uv": [5, 6.5, 4.75, 7.25], "texture": "#0"},
				"east": {"uv": [5.25, 8.25, 4.875, 9], "texture": "#0"},
				"south": {"uv": [7.375, 0, 7.125, 0.75], "texture": "#0"},
				"west": {"uv": [4.875, 8.25, 4.5, 9], "texture": "#0"},
				"up": {"uv": [5.5, 3, 5.75, 2.625], "texture": "#0"},
				"down": {"uv": [2.25, 5.875, 2.5, 6.25], "texture": "#0"}
			}
		},
		{
			"from": [13.49, 21.83603, -0.94361],
			"to": [14.51, 21.85603, 2.07639],
			"rotation": {"angle": -45, "axis": "x", "origin": [11, 15.18589, -4.26161]},
			"faces": {
				"north": {"uv": [0, 0, 0.125, 0], "texture": "#0"},
				"east": {"uv": [0, 0, 0.375, 0], "texture": "#0"},
				"south": {"uv": [0, 0, 0.125, 0], "texture": "#0"},
				"west": {"uv": [0, 0, 0.375, 0], "texture": "#0"},
				"up": {"uv": [7.5, 5, 7.375, 4.625], "texture": "#0"},
				"down": {"uv": [3.625, 7.5, 3.5, 7.875], "texture": "#0"}
			}
		},
		{
			"from": [4.49, 21.83603, -0.94361],
			"to": [5.51, 21.85603, 2.07639],
			"rotation": {"angle": -45, "axis": "x", "origin": [8, 15.18589, -4.26161]},
			"faces": {
				"north": {"uv": [0.125, 0, 0, 0], "texture": "#0"},
				"east": {"uv": [0.375, 0, 0, 0], "texture": "#0"},
				"south": {"uv": [0.125, 0, 0, 0], "texture": "#0"},
				"west": {"uv": [0.375, 0, 0, 0], "texture": "#0"},
				"up": {"uv": [7.375, 5, 7.5, 4.625], "texture": "#0"},
				"down": {"uv": [3.5, 7.5, 3.625, 7.875], "texture": "#0"}
			}
		},
		{
			"from": [10.49, 21.83603, -0.94361],
			"to": [11.51, 21.85603, 2.07639],
			"rotation": {"angle": -45, "axis": "x", "origin": [14, 15.18589, -4.26161]},
			"faces": {
				"north": {"uv": [0.125, 0, 0, 0], "texture": "#0"},
				"east": {"uv": [0.375, 0, 0, 0], "texture": "#0"},
				"south": {"uv": [0.125, 0, 0, 0], "texture": "#0"},
				"west": {"uv": [0.375, 0, 0, 0], "texture": "#0"},
				"up": {"uv": [7.375, 5, 7.5, 4.625], "texture": "#0"},
				"down": {"uv": [3.5, 7.5, 3.625, 7.875], "texture": "#0"}
			}
		},
		{
			"from": [7.49, 21.83603, -0.94361],
			"to": [8.51, 21.85603, 2.07639],
			"rotation": {"angle": -45, "axis": "x", "origin": [5, 15.18589, -4.26161]},
			"faces": {
				"north": {"uv": [0, 0, 0.125, 0], "texture": "#0"},
				"east": {"uv": [0, 0, 0.375, 0], "texture": "#0"},
				"south": {"uv": [0, 0, 0.125, 0], "texture": "#0"},
				"west": {"uv": [0, 0, 0.375, 0], "texture": "#0"},
				"up": {"uv": [7.5, 5, 7.375, 4.625], "texture": "#0"},
				"down": {"uv": [3.625, 7.5, 3.5, 7.875], "texture": "#0"}
			}
		},
		{
			"from": [13.49, 19.83603, -0.94361],
			"to": [14.51, 19.85603, 2.07639],
			"rotation": {"angle": -45, "axis": "x", "origin": [11, 15.18589, -4.26161]},
			"faces": {
				"north": {"uv": [0, 0, 0.125, 0], "texture": "#0"},
				"east": {"uv": [0, 0, 0.375, 0], "texture": "#0"},
				"south": {"uv": [0, 0, 0.125, 0], "texture": "#0"},
				"west": {"uv": [0, 0, 0.375, 0], "texture": "#0"},
				"up": {"uv": [3.75, 7.875, 3.625, 7.5], "texture": "#0"},
				"down": {"uv": [0.5, 9, 0.375, 9.375], "texture": "#0"}
			}
		},
		{
			"from": [4.49, 19.83603, -0.94361],
			"to": [5.51, 19.85603, 2.07639],
			"rotation": {"angle": -45, "axis": "x", "origin": [8, 15.18589, -4.26161]},
			"faces": {
				"north": {"uv": [0.125, 0, 0, 0], "texture": "#0"},
				"east": {"uv": [0.375, 0, 0, 0], "texture": "#0"},
				"south": {"uv": [0.125, 0, 0, 0], "texture": "#0"},
				"west": {"uv": [0.375, 0, 0, 0], "texture": "#0"},
				"up": {"uv": [3.625, 7.875, 3.75, 7.5], "texture": "#0"},
				"down": {"uv": [0.375, 9, 0.5, 9.375], "texture": "#0"}
			}
		},
		{
			"from": [10.49, 19.83603, -0.94361],
			"to": [11.51, 19.85603, 2.07639],
			"rotation": {"angle": -45, "axis": "x", "origin": [14, 15.18589, -4.26161]},
			"faces": {
				"north": {"uv": [0.125, 0, 0, 0], "texture": "#0"},
				"east": {"uv": [0.375, 0, 0, 0], "texture": "#0"},
				"south": {"uv": [0.125, 0, 0, 0], "texture": "#0"},
				"west": {"uv": [0.375, 0, 0, 0], "texture": "#0"},
				"up": {"uv": [3.625, 7.875, 3.75, 7.5], "texture": "#0"},
				"down": {"uv": [0.375, 9, 0.5, 9.375], "texture": "#0"}
			}
		},
		{
			"from": [7.49, 19.83603, -0.94361],
			"to": [8.51, 19.85603, 2.07639],
			"rotation": {"angle": -45, "axis": "x", "origin": [5, 15.18589, -4.26161]},
			"faces": {
				"north": {"uv": [0, 0, 0.125, 0], "texture": "#0"},
				"east": {"uv": [0, 0, 0.375, 0], "texture": "#0"},
				"south": {"uv": [0, 0, 0.125, 0], "texture": "#0"},
				"west": {"uv": [0, 0, 0.375, 0], "texture": "#0"},
				"up": {"uv": [3.75, 7.875, 3.625, 7.5], "texture": "#0"},
				"down": {"uv": [0.5, 9, 0.375, 9.375], "texture": "#0"}
			}
		},
		{
			"from": [5.5, 8.80509, -15.20484],
			"to": [13.5, 16.80509, -3.20484],
			"rotation": {"angle": -22.5, "axis": "x", "origin": [11.5, 15.18589, -4.26161]},
			"faces": {
				"north": {"uv": [7.375, 0, 8.375, 1], "texture": "#0"},
				"east": {"uv": [6.125, 6.125, 7.625, 7.125], "texture": "#0"},
				"south": {"uv": [7.375, 1, 8.375, 2], "texture": "#0"},
				"west": {"uv": [2.25, 6.5, 3.75, 7.5], "texture": "#0"},
				"up": {"uv": [4.75, 8, 3.75, 6.5], "texture": "#0"},
				"down": {"uv": [7.875, 2.625, 6.875, 4.125], "texture": "#0"}
			}
		},
		{
			"from": [5.5, 15.80509, -14.20484],
			"to": [13.5, 17.80509, -14.20484],
			"rotation": {"angle": -22.5, "axis": "x", "origin": [11.5, 15.18589, -4.26161]},
			"faces": {
				"north": {"uv": [3.25, 3, 4.25, 3.25], "texture": "#0"},
				"east": {"uv": [0, 0, 0, 0.25], "texture": "#0"},
				"south": {"uv": [4.25, 3, 5.25, 3.25], "texture": "#0"},
				"west": {"uv": [0, 0, 0, 0.25], "texture": "#0"},
				"up": {"uv": [1, 0, 0, 0], "texture": "#0"},
				"down": {"uv": [1, 0, 0, 0], "texture": "#0"}
			}
		},
		{
			"from": [5.5, 15.80509, -12.20484],
			"to": [13.5, 17.80509, -12.20484],
			"rotation": {"angle": -22.5, "axis": "x", "origin": [11.5, 15.18589, -4.26161]},
			"faces": {
				"north": {"uv": [6.125, 5.875, 7.125, 6.125], "texture": "#0"},
				"east": {"uv": [0, 0, 0, 0.25], "texture": "#0"},
				"south": {"uv": [8.125, 4.875, 9.125, 5.125], "texture": "#0"},
				"west": {"uv": [0, 0, 0, 0.25], "texture": "#0"},
				"up": {"uv": [1, 0, 0, 0], "texture": "#0"},
				"down": {"uv": [1, 0, 0, 0], "texture": "#0"}
			}
		},
		{
			"from": [5.5, 15.80509, -10.20484],
			"to": [13.5, 17.80509, -10.20484],
			"rotation": {"angle": -22.5, "axis": "x", "origin": [11.5, 15.18589, -4.26161]},
			"faces": {
				"north": {"uv": [8.125, 5.125, 9.125, 5.375], "texture": "#0"},
				"east": {"uv": [0, 0, 0, 0.25], "texture": "#0"},
				"south": {"uv": [6.125, 8.25, 7.125, 8.5], "texture": "#0"},
				"west": {"uv": [0, 0, 0, 0.25], "texture": "#0"},
				"up": {"uv": [1, 0, 0, 0], "texture": "#0"},
				"down": {"uv": [1, 0, 0, 0], "texture": "#0"}
			}
		},
		{
			"from": [5.5, 15.80509, -8.20484],
			"to": [13.5, 17.80509, -8.20484],
			"rotation": {"angle": -22.5, "axis": "x", "origin": [11.5, 15.18589, -4.26161]},
			"faces": {
				"north": {"uv": [7.125, 8.375, 8.125, 8.625], "texture": "#0"},
				"east": {"uv": [0, 0, 0, 0.25], "texture": "#0"},
				"south": {"uv": [8.125, 8.375, 9.125, 8.625], "texture": "#0"},
				"west": {"uv": [0, 0, 0, 0.25], "texture": "#0"},
				"up": {"uv": [1, 0, 0, 0], "texture": "#0"},
				"down": {"uv": [1, 0, 0, 0], "texture": "#0"}
			}
		},
		{
			"from": [5.5, 7.69718, -15.05909],
			"to": [13.5, 12.69718, -15.05909],
			"rotation": {"angle": 45, "axis": "x", "origin": [9.5, 12.54502, -15.17729]},
			"faces": {
				"north": {"uv": [5.75, 4.375, 6.75, 5], "texture": "#0"},
				"east": {"uv": [0, 0, 0, 0.625], "texture": "#0"},
				"south": {"uv": [7.375, 2, 8.375, 2.625], "texture": "#0"},
				"west": {"uv": [0, 0, 0, 0.625], "texture": "#0"},
				"up": {"uv": [1, 0, 0, 0], "texture": "#0"},
				"down": {"uv": [1, 0, 0, 0], "texture": "#0"}
			}
		},
		{
			"from": [5.5, 4.94718, -7.50909],
			"to": [13.5, 9.94718, -7.50909],
			"rotation": {"angle": 45, "axis": "x", "origin": [9.5, 12.54502, -15.17729]},
			"faces": {
				"north": {"uv": [5.75, 4.375, 6.75, 5], "texture": "#0"},
				"east": {"uv": [0, 0, 0, 0.625], "texture": "#0"},
				"south": {"uv": [7.375, 2, 8.375, 2.625], "texture": "#0"},
				"west": {"uv": [0, 0, 0, 0.625], "texture": "#0"},
				"up": {"uv": [1, 0, 0, 0], "texture": "#0"},
				"down": {"uv": [1, 0, 0, 0], "texture": "#0"}
			}
		},
		{
			"from": [13.5, 14.80509, -15.20484],
			"to": [14.5, 14.80509, -6.20484],
			"rotation": {"angle": -22.5, "axis": "x", "origin": [11.5, 15.18589, -4.26161]},
			"faces": {
				"north": {"uv": [0, 0, 0.125, 0], "texture": "#0"},
				"east": {"uv": [0, 0, 1.125, 0], "texture": "#0"},
				"south": {"uv": [0, 0, 0.125, 0], "texture": "#0"},
				"west": {"uv": [0, 0, 1.125, 0], "texture": "#0"},
				"up": {"uv": [2.25, 8.75, 2.125, 7.625], "texture": "#0"},
				"down": {"uv": [4.375, 8.5, 4.25, 9.625], "texture": "#0"}
			}
		},
		{
			"from": [4.5, 14.80509, -15.20484],
			"to": [5.5, 14.80509, -6.20484],
			"rotation": {"angle": -22.5, "axis": "x", "origin": [4.5, 15.18589, -4.26161]},
			"faces": {
				"north": {"uv": [0.125, 0, 0, 0], "texture": "#0"},
				"east": {"uv": [1.125, 0, 0, 0], "texture": "#0"},
				"south": {"uv": [0.125, 0, 0, 0], "texture": "#0"},
				"west": {"uv": [1.125, 0, 0, 0], "texture": "#0"},
				"up": {"uv": [2.125, 8.75, 2.25, 7.625], "texture": "#0"},
				"down": {"uv": [4.25, 8.5, 4.375, 9.625], "texture": "#0"}
			}
		},
		{
			"from": [13.5, 12.80509, -15.20484],
			"to": [14.5, 12.80509, -6.20484],
			"rotation": {"angle": -22.5, "axis": "x", "origin": [11.5, 15.18589, -4.26161]},
			"faces": {
				"north": {"uv": [0, 0, 0.125, 0], "texture": "#0"},
				"east": {"uv": [0, 0, 1.125, 0], "texture": "#0"},
				"south": {"uv": [0, 0, 0.125, 0], "texture": "#0"},
				"west": {"uv": [0, 0, 1.125, 0], "texture": "#0"},
				"up": {"uv": [4.5, 9.625, 4.375, 8.5], "texture": "#0"},
				"down": {"uv": [5.75, 8.75, 5.625, 9.875], "texture": "#0"}
			}
		},
		{
			"from": [4.5, 12.80509, -15.20484],
			"to": [5.5, 12.80509, -6.20484],
			"rotation": {"angle": -22.5, "axis": "x", "origin": [4.5, 15.18589, -4.26161]},
			"faces": {
				"north": {"uv": [0.125, 0, 0, 0], "texture": "#0"},
				"east": {"uv": [1.125, 0, 0, 0], "texture": "#0"},
				"south": {"uv": [0.125, 0, 0, 0], "texture": "#0"},
				"west": {"uv": [1.125, 0, 0, 0], "texture": "#0"},
				"up": {"uv": [4.375, 9.625, 4.5, 8.5], "texture": "#0"},
				"down": {"uv": [5.625, 8.75, 5.75, 9.875], "texture": "#0"}
			}
		},
		{
			"from": [13.5, 10.80509, -15.20484],
			"to": [14.5, 10.80509, -6.20484],
			"rotation": {"angle": -22.5, "axis": "x", "origin": [11.5, 15.18589, -4.26161]},
			"faces": {
				"north": {"uv": [0, 0, 0.125, 0], "texture": "#0"},
				"east": {"uv": [0, 0, 1.125, 0], "texture": "#0"},
				"south": {"uv": [0, 0, 0.125, 0], "texture": "#0"},
				"west": {"uv": [0, 0, 1.125, 0], "texture": "#0"},
				"up": {"uv": [5.875, 9.875, 5.75, 8.75], "texture": "#0"},
				"down": {"uv": [3.5, 8.875, 3.375, 10], "texture": "#0"}
			}
		},
		{
			"from": [4.5, 10.80509, -15.20484],
			"to": [5.5, 10.80509, -6.20484],
			"rotation": {"angle": -22.5, "axis": "x", "origin": [4.5, 15.18589, -4.26161]},
			"faces": {
				"north": {"uv": [0.125, 0, 0, 0], "texture": "#0"},
				"east": {"uv": [1.125, 0, 0, 0], "texture": "#0"},
				"south": {"uv": [0.125, 0, 0, 0], "texture": "#0"},
				"west": {"uv": [1.125, 0, 0, 0], "texture": "#0"},
				"up": {"uv": [5.75, 9.875, 5.875, 8.75], "texture": "#0"},
				"down": {"uv": [3.375, 8.875, 3.5, 10], "texture": "#0"}
			}
		},
		{
			"from": [3, -5, -5],
			"to": [16, 7, 15],
			"rotation": {"angle": 0, "axis": "y", "origin": [8, 6, 3]},
			"faces": {
				"north": {"uv": [0, 2.5, 1.625, 4], "texture": "#0"},
				"east": {"uv": [1.625, 0, 4.125, 1.5], "texture": "#0"},
				"south": {"uv": [3.25, 1.5, 4.875, 3], "texture": "#0"},
				"west": {"uv": [3.25, 3.25, 5.75, 4.75], "texture": "#0"},
				"up": {"uv": [1.625, 2.5, 0, 0], "texture": "#0"},
				"down": {"uv": [3.25, 1.625, 1.625, 4.125], "texture": "#0"}
			}
		},
		{
			"from": [8, -12, 15],
			"to": [11, -7, 15],
			"rotation": {"angle": 22.5, "axis": "x", "origin": [9.5, -7, 15]},
			"faces": {
				"north": {"uv": [8.375, 1.25, 8.75, 1.875], "texture": "#0"},
				"east": {"uv": [0, 0, 0, 0.625], "texture": "#0"},
				"south": {"uv": [8.375, 1.875, 8.75, 2.5], "texture": "#0"},
				"west": {"uv": [0, 0, 0, 0.625], "texture": "#0"},
				"up": {"uv": [0.375, 0, 0, 0], "texture": "#0"},
				"down": {"uv": [0.375, 0, 0, 0], "texture": "#0"}
			}
		},
		{
			"from": [8, -7, 15],
			"to": [11, -2, 15],
			"rotation": {"angle": 22.5, "axis": "x", "origin": [9.5, -2, 15]},
			"faces": {
				"north": {"uv": [6.625, 8.5, 7, 9.125], "texture": "#0"},
				"east": {"uv": [0, 0, 0, 0.625], "texture": "#0"},
				"south": {"uv": [8.5, 4.125, 8.875, 4.75], "texture": "#0"},
				"west": {"uv": [0, 0, 0, 0.625], "texture": "#0"},
				"up": {"uv": [0.375, 0, 0, 0], "texture": "#0"},
				"down": {"uv": [0.375, 0, 0, 0], "texture": "#0"}
			}
		},
		{
			"from": [16, 0, -5],
			"to": [16, 7, 15],
			"rotation": {"angle": 22.5, "axis": "z", "origin": [16, 7, 5]},
			"faces": {
				"north": {"uv": [0, 0, 0, 0.875], "texture": "#0"},
				"east": {"uv": [0, 4.125, 2.5, 5], "texture": "#0"},
				"south": {"uv": [0, 0, 0, 0.875], "texture": "#0"},
				"west": {"uv": [4.125, 0, 6.625, 0.875], "texture": "#0"},
				"up": {"uv": [0, 2.5, 0, 0], "texture": "#0"},
				"down": {"uv": [0, 0, 0, 2.5], "texture": "#0"}
			}
		},
		{
			"from": [3, 0, -5],
			"to": [3, 7, 15],
			"rotation": {"angle": -22.5, "axis": "z", "origin": [3, 7, 5]},
			"faces": {
				"north": {"uv": [0, 0, 0, 0.875], "texture": "#0"},
				"east": {"uv": [6.625, 0, 4.125, 0.875], "texture": "#0"},
				"south": {"uv": [0, 0, 0, 0.875], "texture": "#0"},
				"west": {"uv": [2.5, 4.125, 0, 5], "texture": "#0"},
				"up": {"uv": [0, 2.5, 0, 0], "texture": "#0"},
				"down": {"uv": [0, 0, 0, 2.5], "texture": "#0"}
			}
		},
		{
			"from": [16, -3, -5],
			"to": [16, 4, 15],
			"rotation": {"angle": 22.5, "axis": "z", "origin": [16, 4, 5]},
			"faces": {
				"north": {"uv": [0, 0, 0, 0.875], "texture": "#0"},
				"east": {"uv": [2.5, 4.75, 5, 5.625], "texture": "#0"},
				"south": {"uv": [0, 0, 0, 0.875], "texture": "#0"},
				"west": {"uv": [4.875, 0.875, 7.375, 1.75], "texture": "#0"},
				"up": {"uv": [0, 2.5, 0, 0], "texture": "#0"},
				"down": {"uv": [0, 0, 0, 2.5], "texture": "#0"}
			}
		},
		{
			"from": [3, -3, -5],
			"to": [3, 4, 15],
			"rotation": {"angle": -22.5, "axis": "z", "origin": [3, 4, 5]},
			"faces": {
				"north": {"uv": [0, 0, 0, 0.875], "texture": "#0"},
				"east": {"uv": [7.375, 0.875, 4.875, 1.75], "texture": "#0"},
				"south": {"uv": [0, 0, 0, 0.875], "texture": "#0"},
				"west": {"uv": [5, 4.75, 2.5, 5.625], "texture": "#0"},
				"up": {"uv": [0, 2.5, 0, 0], "texture": "#0"},
				"down": {"uv": [0, 0, 0, 2.5], "texture": "#0"}
			}
		},
		{
			"from": [16, -7, -5],
			"to": [16, 0, 15],
			"rotation": {"angle": 22.5, "axis": "z", "origin": [16, 0, 5]},
			"faces": {
				"north": {"uv": [0, 0, 0, 0.875], "texture": "#0"},
				"east": {"uv": [4.875, 1.75, 7.375, 2.625], "texture": "#0"},
				"south": {"uv": [0, 0, 0, 0.875], "texture": "#0"},
				"west": {"uv": [0, 5, 2.5, 5.875], "texture": "#0"},
				"up": {"uv": [0, 2.5, 0, 0], "texture": "#0"},
				"down": {"uv": [0, 0, 0, 2.5], "texture": "#0"}
			}
		},
		{
			"from": [3, -7, -5],
			"to": [3, 0, 15],
			"rotation": {"angle": -22.5, "axis": "z", "origin": [3, 0, 5]},
			"faces": {
				"north": {"uv": [0, 0, 0, 0.875], "texture": "#0"},
				"east": {"uv": [2.5, 5, 0, 5.875], "texture": "#0"},
				"south": {"uv": [0, 0, 0, 0.875], "texture": "#0"},
				"west": {"uv": [7.375, 1.75, 4.875, 2.625], "texture": "#0"},
				"up": {"uv": [0, 2.5, 0, 0], "texture": "#0"},
				"down": {"uv": [0, 0, 0, 2.5], "texture": "#0"}
			}
		},
		{
			"from": [16, -11, -5],
			"to": [16, -4, 15],
			"rotation": {"angle": 22.5, "axis": "z", "origin": [16, -4, 5]},
			"faces": {
				"north": {"uv": [0, 0, 0, 0.875], "texture": "#0"},
				"east": {"uv": [5, 5, 7.5, 5.875], "texture": "#0"},
				"south": {"uv": [0, 0, 0, 0.875], "texture": "#0"},
				"west": {"uv": [2.5, 5.625, 5, 6.5], "texture": "#0"},
				"up": {"uv": [0, 2.5, 0, 0], "texture": "#0"},
				"down": {"uv": [0, 0, 0, 2.5], "texture": "#0"}
			}
		},
		{
			"from": [9.75, -11, 15],
			"to": [9.75, 12, 31],
			"faces": {
				"north": {"uv": [0, 0, 0, 2.875], "texture": "#missing"},
				"east": {"uv": [9.74987, 5.25, 11.74975, 8.12487], "texture": "#0"},
				"south": {"uv": [0, 0, 0, 2.875], "texture": "#missing"},
				"west": {"uv": [9.87487, 0, 11.87463, 2.87488], "texture": "#0"},
				"up": {"uv": [0, 0, 0, 2], "texture": "#missing"},
				"down": {"uv": [0, 0, 0, 2], "texture": "#missing"}
			}
		}
	],
	"display": {
		"thirdperson_righthand": {
			"rotation": [30, 19, 0],
			"scale": [0.5, 0.5, 0.5]
		},
		"thirdperson_lefthand": {
			"rotation": [30, 19, 0],
			"scale": [0.5, 0.5, 0.5]
		},
		"firstperson_righthand": {
			"scale": [0.75, 0.75, 0.75]
		},
		"firstperson_lefthand": {
			"scale": [0.75, 0.75, 0.75]
		},
		"gui": {
			"rotation": [30, 45, 0],
			"translation": [0, 0, 0],
			"scale": [0.425, 0.425, 0.425]
		},
		"head": {
			"translation": [0, -20, 0]
		}
	}
}