{
	"credit": "Made by CookiesNom with Blockbench",
	"ambientocclusion": false,
	"textures": {
		"0": "craftadia/pets/reindeer_pet",
		"particle": "craftadia/pets/reindeer_pet"
	},
	"elements": [
		{
			"from": [7.5, 7, 11.5],
			"to": [8.5, 8.5, 12],
			"rotation": {"angle": 22.5, "axis": "x", "origin": [8, 6.25, 11.25]},
			"faces": {
				"north": {"uv": [0.25, 6, 0.75, 6.75], "texture": "#0"},
				"east": {"uv": [0, 6, 0.25, 6.75], "texture": "#0"},
				"south": {"uv": [1, 6, 1.5, 6.75], "texture": "#0"},
				"west": {"uv": [0.75, 6, 1, 6.75], "texture": "#0"},
				"up": {"uv": [0.75, 6, 0.25, 5.75], "texture": "#0"},
				"down": {"uv": [1.25, 5.75, 0.75, 6], "texture": "#0"}
			}
		},
		{
			"from": [7.75, 9.15739, 0.29295],
			"to": [8.25, 9.65739, 0.79295],
			"rotation": {"angle": -22.5, "axis": "x", "origin": [8, 9.03239, 1.29295]},
			"faces": {
				"north": {"uv": [3.25, 0.25, 3.5, 0.5], "texture": "#0"},
				"east": {"uv": [3, 0.25, 3.25, 0.5], "texture": "#0"},
				"south": {"uv": [3.75, 0.25, 4, 0.5], "texture": "#0"},
				"west": {"uv": [3.5, 0.25, 3.75, 0.5], "texture": "#0"},
				"up": {"uv": [3.5, 0.25, 3.25, 0], "texture": "#0"},
				"down": {"uv": [3.75, 0, 3.5, 0.25], "texture": "#0"}
			}
		},
		{
			"from": [7.25, 8.21989, 0.35545],
			"to": [8.75, 9.46989, 2.35545],
			"rotation": {"angle": -22.5, "axis": "x", "origin": [8, 9.09489, 1.10545]},
			"faces": {
				"north": {"uv": [9, 9, 9.75, 9.625], "texture": "#0"},
				"east": {"uv": [8, 9, 9, 9.625], "texture": "#0"},
				"south": {"uv": [10.75, 9, 11.5, 9.625], "texture": "#0"},
				"west": {"uv": [9.75, 9, 10.75, 9.625], "texture": "#0"},
				"up": {"uv": [9.75, 9, 9, 8], "texture": "#0"},
				"down": {"uv": [10.5, 8, 9.75, 9], "texture": "#0"}
			}
		},
		{
			"from": [6.3125, 9.90433, 3.76903],
			"to": [7.0625, 10.90433, 4.26903],
			"shade": false,
			"rotation": {"angle": 45, "axis": "z", "origin": [6.6875, 10.40433, 4.01903]},
			"faces": {
				"north": {"uv": [5.125, 8.5, 4.75, 9], "texture": "#0"},
				"east": {"uv": [5.375, 8.5, 5.125, 9], "texture": "#0"},
				"south": {"uv": [5.75, 8.5, 5.375, 9], "texture": "#0"},
				"west": {"uv": [4.75, 8.5, 4.5, 9], "texture": "#0"},
				"up": {"uv": [4.75, 8.5, 5.125, 8.25], "texture": "#0"},
				"down": {"uv": [5.125, 8.25, 5.5, 8.5], "texture": "#0"}
			}
		},
		{
			"from": [8.9375, 9.90433, 3.76903],
			"to": [9.6875, 10.90433, 4.26903],
			"rotation": {"angle": -45, "axis": "z", "origin": [9.3125, 10.40433, 4.01903]},
			"faces": {
				"north": {"uv": [4.75, 8.5, 5.125, 9], "texture": "#0"},
				"east": {"uv": [4.5, 8.5, 4.75, 9], "texture": "#0"},
				"south": {"uv": [5.375, 8.5, 5.75, 9], "texture": "#0"},
				"west": {"uv": [5.125, 8.5, 5.375, 9], "texture": "#0"},
				"up": {"uv": [5.125, 8.5, 4.75, 8.25], "texture": "#0"},
				"down": {"uv": [5.5, 8.25, 5.125, 8.5], "texture": "#0"}
			}
		},
		{
			"from": [8.19822, 12.97581, 4.28944],
			"to": [8.94822, 13.35081, 4.66444],
			"rotation": {"angle": -45, "axis": "z", "origin": [8.44822, 13.22581, 4.53944]},
			"faces": {
				"north": {"uv": [3.125, 0.625, 3.5, 0.75], "rotation": 90, "texture": "#0"},
				"east": {"uv": [3, 0.625, 3.125, 0.75], "rotation": 270, "texture": "#0"},
				"south": {"uv": [3.625, 0.625, 4, 0.75], "rotation": 270, "texture": "#0"},
				"west": {"uv": [3.5, 0.625, 3.625, 0.75], "rotation": 270, "texture": "#0"},
				"up": {"uv": [3.5, 0.625, 3.125, 0.5], "rotation": 270, "texture": "#0"},
				"down": {"uv": [3.875, 0.5, 3.5, 0.625], "rotation": 270, "texture": "#0"}
			}
		},
		{
			"from": [7.05178, 12.97581, 4.28944],
			"to": [7.80178, 13.35081, 4.66444],
			"rotation": {"angle": 45, "axis": "z", "origin": [7.55178, 13.22581, 4.53944]},
			"faces": {
				"north": {"uv": [3.125, 0.75, 3.5, 0.625], "rotation": 90, "texture": "#0"},
				"east": {"uv": [3.5, 0.75, 3.625, 0.625], "rotation": 270, "texture": "#0"},
				"south": {"uv": [3.625, 0.75, 4, 0.625], "rotation": 270, "texture": "#0"},
				"west": {"uv": [3, 0.75, 3.125, 0.625], "rotation": 270, "texture": "#0"},
				"up": {"uv": [3.5, 0.5, 3.125, 0.625], "rotation": 270, "texture": "#0"},
				"down": {"uv": [3.875, 0.625, 3.5, 0.5], "rotation": 270, "texture": "#0"}
			}
		},
		{
			"from": [8.80178, 12.97581, 4.28944],
			"to": [9.80178, 13.35081, 4.66444],
			"rotation": {"angle": 45, "axis": "z", "origin": [9.30178, 13.22581, 4.53944]},
			"faces": {
				"north": {"uv": [1.375, 3.875, 1.875, 4], "rotation": 90, "texture": "#0"},
				"east": {"uv": [1.25, 3.875, 1.375, 4], "rotation": 270, "texture": "#0"},
				"south": {"uv": [2, 3.875, 2.5, 4], "rotation": 270, "texture": "#0"},
				"west": {"uv": [1.875, 3.875, 2, 4], "rotation": 270, "texture": "#0"},
				"up": {"uv": [1.875, 3.875, 1.375, 3.75], "rotation": 270, "texture": "#0"},
				"down": {"uv": [2.375, 3.75, 1.875, 3.875], "rotation": 270, "texture": "#0"}
			}
		},
		{
			"from": [6.19822, 12.97581, 4.28944],
			"to": [7.19822, 13.35081, 4.66444],
			"rotation": {"angle": -45, "axis": "z", "origin": [6.69822, 13.22581, 4.53944]},
			"faces": {
				"north": {"uv": [1.375, 4, 1.875, 3.875], "rotation": 90, "texture": "#0"},
				"east": {"uv": [1.875, 4, 2, 3.875], "rotation": 270, "texture": "#0"},
				"south": {"uv": [2, 4, 2.5, 3.875], "rotation": 270, "texture": "#0"},
				"west": {"uv": [1.25, 4, 1.375, 3.875], "rotation": 270, "texture": "#0"},
				"up": {"uv": [1.875, 3.75, 1.375, 3.875], "rotation": 270, "texture": "#0"},
				"down": {"uv": [2.375, 3.875, 1.875, 3.75], "rotation": 270, "texture": "#0"}
			}
		},
		{
			"from": [8.13373, 11.91947, 3.90291],
			"to": [8.75873, 12.29447, 4.27791],
			"rotation": {"angle": -22.5, "axis": "z", "origin": [8.25873, 12.16947, 4.15291]},
			"faces": {
				"north": {"uv": [2.625, 3.875, 2.875, 4], "rotation": 90, "texture": "#0"},
				"east": {"uv": [2.5, 3.875, 2.625, 4], "rotation": 270, "texture": "#0"},
				"south": {"uv": [3, 3.875, 3.25, 4], "rotation": 270, "texture": "#0"},
				"west": {"uv": [2.875, 3.875, 3, 4], "rotation": 270, "texture": "#0"},
				"up": {"uv": [2.875, 3.875, 2.625, 3.75], "rotation": 270, "texture": "#0"},
				"down": {"uv": [3.125, 3.75, 2.875, 3.875], "rotation": 270, "texture": "#0"}
			}
		},
		{
			"from": [7.24127, 11.91947, 3.90291],
			"to": [7.86627, 12.29447, 4.27791],
			"rotation": {"angle": 22.5, "axis": "z", "origin": [7.74127, 12.16947, 4.15291]},
			"faces": {
				"north": {"uv": [2.625, 4, 2.875, 3.875], "rotation": 90, "texture": "#0"},
				"east": {"uv": [2.875, 4, 3, 3.875], "rotation": 270, "texture": "#0"},
				"south": {"uv": [3, 4, 3.25, 3.875], "rotation": 270, "texture": "#0"},
				"west": {"uv": [2.5, 4, 2.625, 3.875], "rotation": 270, "texture": "#0"},
				"up": {"uv": [2.875, 3.75, 2.625, 3.875], "rotation": 270, "texture": "#0"},
				"down": {"uv": [3.125, 3.875, 2.875, 3.75], "rotation": 270, "texture": "#0"}
			}
		},
		{
			"from": [8.99127, 11.23197, 3.40291],
			"to": [9.99127, 11.60697, 3.77791],
			"rotation": {"angle": 22.5, "axis": "z", "origin": [9.49127, 11.48197, 3.65291]},
			"faces": {
				"north": {"uv": [0.125, 3.875, 0.625, 4], "rotation": 90, "texture": "#0"},
				"east": {"uv": [0, 3.875, 0.125, 4], "rotation": 270, "texture": "#0"},
				"south": {"uv": [0.75, 3.875, 1.25, 4], "rotation": 270, "texture": "#0"},
				"west": {"uv": [0.625, 3.875, 0.75, 4], "rotation": 270, "texture": "#0"},
				"up": {"uv": [0.625, 3.875, 0.125, 3.75], "rotation": 270, "texture": "#0"},
				"down": {"uv": [1.125, 3.75, 0.625, 3.875], "rotation": 270, "texture": "#0"}
			}
		},
		{
			"from": [6.00873, 11.23197, 3.40291],
			"to": [7.00873, 11.60697, 3.77791],
			"rotation": {"angle": -22.5, "axis": "z", "origin": [6.50873, 11.48197, 3.65291]},
			"faces": {
				"north": {"uv": [0.125, 4, 0.625, 3.875], "rotation": 90, "texture": "#0"},
				"east": {"uv": [0.625, 4, 0.75, 3.875], "rotation": 270, "texture": "#0"},
				"south": {"uv": [0.75, 4, 1.25, 3.875], "rotation": 270, "texture": "#0"},
				"west": {"uv": [0, 4, 0.125, 3.875], "rotation": 270, "texture": "#0"},
				"up": {"uv": [0.625, 3.75, 0.125, 3.875], "rotation": 270, "texture": "#0"},
				"down": {"uv": [1.125, 3.875, 0.625, 3.75], "rotation": 270, "texture": "#0"}
			}
		},
		{
			"from": [8.625, 12.69548, 4.28944],
			"to": [9.125, 12.96064, 4.66444],
			"rotation": {"angle": 0, "axis": "x", "origin": [8.875, 13.44548, 4.41444]},
			"faces": {
				"north": {"uv": [3.125, 0.875, 3.375, 1], "texture": "#0"},
				"east": {"uv": [3, 0.875, 3.125, 1], "texture": "#0"},
				"south": {"uv": [3.5, 0.875, 3.75, 1], "texture": "#0"},
				"west": {"uv": [3.375, 0.875, 3.5, 1], "texture": "#0"},
				"up": {"uv": [3.375, 0.875, 3.125, 0.75], "texture": "#0"},
				"down": {"uv": [3.625, 0.75, 3.375, 0.875], "texture": "#0"}
			}
		},
		{
			"from": [6.875, 12.69548, 4.28944],
			"to": [7.375, 12.96064, 4.66444],
			"rotation": {"angle": 0, "axis": "x", "origin": [7.125, 13.44548, 4.41444]},
			"faces": {
				"north": {"uv": [3.375, 0.875, 3.125, 1], "texture": "#0"},
				"east": {"uv": [3.5, 0.875, 3.375, 1], "texture": "#0"},
				"south": {"uv": [3.75, 0.875, 3.5, 1], "texture": "#0"},
				"west": {"uv": [3.125, 0.875, 3, 1], "texture": "#0"},
				"up": {"uv": [3.125, 0.875, 3.375, 0.75], "texture": "#0"},
				"down": {"uv": [3.375, 0.75, 3.625, 0.875], "texture": "#0"}
			}
		},
		{
			"from": [8.625, 11.45421, 4.05463],
			"to": [9.125, 12.95421, 4.55463],
			"rotation": {"angle": 22.5, "axis": "x", "origin": [8.875, 12.45421, 4.30463]},
			"faces": {
				"north": {"uv": [0.25, 0.25, 0.5, 1], "texture": "#0"},
				"east": {"uv": [0, 0.25, 0.25, 1], "texture": "#0"},
				"south": {"uv": [0.75, 0.25, 1, 1], "texture": "#0"},
				"west": {"uv": [0.5, 0.25, 0.75, 1], "texture": "#0"},
				"up": {"uv": [0.5, 0.25, 0.25, 0], "texture": "#0"},
				"down": {"uv": [0.75, 0, 0.5, 0.25], "texture": "#0"}
			}
		},
		{
			"from": [6.875, 11.45421, 4.05463],
			"to": [7.375, 12.95421, 4.55463],
			"rotation": {"angle": 22.5, "axis": "x", "origin": [7.125, 12.45421, 4.30463]},
			"faces": {
				"north": {"uv": [0.5, 0.25, 0.25, 1], "texture": "#0"},
				"east": {"uv": [0.75, 0.25, 0.5, 1], "texture": "#0"},
				"south": {"uv": [1, 0.25, 0.75, 1], "texture": "#0"},
				"west": {"uv": [0.25, 0.25, 0, 1], "texture": "#0"},
				"up": {"uv": [0.25, 0.25, 0.5, 0], "texture": "#0"},
				"down": {"uv": [0.5, 0, 0.75, 0.25], "texture": "#0"}
			}
		},
		{
			"from": [8.625, 9.90433, 3.01903],
			"to": [9.125, 11.90433, 3.51903],
			"rotation": {"angle": 45, "axis": "x", "origin": [8.875, 10.90433, 3.26903]},
			"faces": {
				"north": {"uv": [8, 6, 8.25, 7], "texture": "#0"},
				"east": {"uv": [7.75, 6, 8, 7], "texture": "#0"},
				"south": {"uv": [8.5, 6, 8.75, 7], "texture": "#0"},
				"west": {"uv": [8.25, 6, 8.5, 7], "texture": "#0"},
				"up": {"uv": [8.25, 6, 8, 5.75], "texture": "#0"},
				"down": {"uv": [8.5, 5.75, 8.25, 6], "texture": "#0"}
			}
		},
		{
			"from": [6.875, 9.90433, 3.01903],
			"to": [7.375, 11.90433, 3.51903],
			"rotation": {"angle": 45, "axis": "x", "origin": [7.125, 10.90433, 3.26903]},
			"faces": {
				"north": {"uv": [8.25, 6, 8, 7], "texture": "#0"},
				"east": {"uv": [8.5, 6, 8.25, 7], "texture": "#0"},
				"south": {"uv": [8.75, 6, 8.5, 7], "texture": "#0"},
				"west": {"uv": [8, 6, 7.75, 7], "texture": "#0"},
				"up": {"uv": [8, 6, 8.25, 5.75], "texture": "#0"},
				"down": {"uv": [8.25, 5.75, 8.5, 6], "texture": "#0"}
			}
		},
		{
			"from": [6.75, 8.40433, 1.76903],
			"to": [9.25, 10.40433, 4.76903],
			"rotation": {"angle": 0, "axis": "x", "origin": [8, 7.65433, 3.76903]},
			"faces": {
				"north": {"uv": [1.5, 7.25, 2.75, 8.25], "texture": "#0"},
				"east": {"uv": [0, 7.25, 1.5, 8.25], "texture": "#0"},
				"south": {"uv": [4.25, 7.25, 5.5, 8.25], "texture": "#0"},
				"west": {"uv": [2.75, 7.25, 4.25, 8.25], "texture": "#0"},
				"up": {"uv": [2.75, 7.25, 1.5, 5.75], "texture": "#0"},
				"down": {"uv": [4, 5.75, 2.75, 7.25], "texture": "#0"}
			}
		},
		{
			"from": [7, 4, 3.25],
			"to": [9, 9.5, 5.25],
			"rotation": {"angle": -22.5, "axis": "x", "origin": [8, 6.75, 4.5]},
			"faces": {
				"north": {"uv": [1, 1, 2, 3.75], "texture": "#0"},
				"east": {"uv": [0, 1, 1, 3.75], "texture": "#0"},
				"south": {"uv": [3, 1, 4, 3.75], "texture": "#0"},
				"west": {"uv": [2, 1, 3, 3.75], "texture": "#0"},
				"up": {"uv": [2, 1, 1, 0], "texture": "#0"},
				"down": {"uv": [3, 0, 2, 1], "texture": "#0"}
			}
		},
		{
			"from": [5.525, -0.01865, 5.39336],
			"to": [6.475, 0.68135, 6.46836],
			"shade": false,
			"rotation": {"angle": 0, "axis": "x", "origin": [6, 2.58135, 3.86836]},
			"faces": {
				"north": {"uv": [8.75, 3.625, 8.375, 3.875], "texture": "#0"},
				"east": {"uv": [9.125, 3.625, 8.75, 3.875], "texture": "#0"},
				"south": {"uv": [9.5, 3.625, 9.125, 3.875], "texture": "#0"},
				"west": {"uv": [8.375, 3.625, 8, 3.875], "texture": "#0"},
				"up": {"uv": [8.375, 3.625, 8.75, 3.25], "texture": "#0"},
				"down": {"uv": [8.75, 3.25, 9.125, 3.625], "texture": "#0"}
			}
		},
		{
			"from": [9.525, -0.01865, 5.39336],
			"to": [10.475, 0.68135, 6.46836],
			"rotation": {"angle": 0, "axis": "x", "origin": [10, 2.58135, 3.86836]},
			"faces": {
				"north": {"uv": [8.375, 3.625, 8.75, 3.875], "texture": "#0"},
				"east": {"uv": [8, 3.625, 8.375, 3.875], "texture": "#0"},
				"south": {"uv": [9.125, 3.625, 9.5, 3.875], "texture": "#0"},
				"west": {"uv": [8.75, 3.625, 9.125, 3.875], "texture": "#0"},
				"up": {"uv": [8.75, 3.625, 8.375, 3.25], "texture": "#0"},
				"down": {"uv": [9.125, 3.25, 8.75, 3.625], "texture": "#0"}
			}
		},
		{
			"from": [5.525, -0.01865, 11.64336],
			"to": [6.475, 0.68135, 12.71836],
			"shade": false,
			"rotation": {"angle": 0, "axis": "x", "origin": [6, 2.58135, 10.11836]},
			"faces": {
				"north": {"uv": [3.75, 8.625, 3.375, 8.875], "texture": "#0"},
				"east": {"uv": [4.125, 8.625, 3.75, 8.875], "texture": "#0"},
				"south": {"uv": [4.5, 8.625, 4.125, 8.875], "texture": "#0"},
				"west": {"uv": [3.375, 8.625, 3, 8.875], "texture": "#0"},
				"up": {"uv": [3.375, 8.625, 3.75, 8.25], "texture": "#0"},
				"down": {"uv": [3.75, 8.25, 4.125, 8.625], "texture": "#0"}
			}
		},
		{
			"from": [9.525, -0.01865, 11.64336],
			"to": [10.475, 0.68135, 12.71836],
			"rotation": {"angle": 0, "axis": "x", "origin": [10, 2.58135, 10.11836]},
			"faces": {
				"north": {"uv": [3.375, 8.625, 3.75, 8.875], "texture": "#0"},
				"east": {"uv": [3, 8.625, 3.375, 8.875], "texture": "#0"},
				"south": {"uv": [4.125, 8.625, 4.5, 8.875], "texture": "#0"},
				"west": {"uv": [3.75, 8.625, 4.125, 8.875], "texture": "#0"},
				"up": {"uv": [3.75, 8.625, 3.375, 8.25], "texture": "#0"},
				"down": {"uv": [4.125, 8.25, 3.75, 8.625], "texture": "#0"}
			}
		},
		{
			"from": [5.49, 4.32135, 4.66902],
			"to": [6.51, 5.84135, 6.18902],
			"shade": false,
			"rotation": {"angle": 45, "axis": "x", "origin": [6, 5.08135, 5.42902]},
			"faces": {
				"north": {"uv": [9.25, 0.75, 8.75, 1.5], "texture": "#0"},
				"east": {"uv": [10, 0.75, 9.25, 1.5], "texture": "#0"},
				"south": {"uv": [10.5, 0.75, 10, 1.5], "texture": "#0"},
				"west": {"uv": [8.75, 0.75, 8, 1.5], "texture": "#0"},
				"up": {"uv": [8.75, 0.75, 9.25, 0], "texture": "#0"},
				"down": {"uv": [9.25, 0, 9.75, 0.75], "texture": "#0"}
			}
		},
		{
			"from": [9.49, 4.32135, 4.66902],
			"to": [10.51, 5.84135, 6.18902],
			"rotation": {"angle": 45, "axis": "x", "origin": [10, 5.08135, 5.42902]},
			"faces": {
				"north": {"uv": [8.75, 0.75, 9.25, 1.5], "texture": "#0"},
				"east": {"uv": [8, 0.75, 8.75, 1.5], "texture": "#0"},
				"south": {"uv": [10, 0.75, 10.5, 1.5], "texture": "#0"},
				"west": {"uv": [9.25, 0.75, 10, 1.5], "texture": "#0"},
				"up": {"uv": [9.25, 0.75, 8.75, 0], "texture": "#0"},
				"down": {"uv": [9.75, 0, 9.25, 0.75], "texture": "#0"}
			}
		},
		{
			"from": [5.5, 2.58135, 5.36836],
			"to": [6.5, 5.08135, 6.49336],
			"shade": false,
			"rotation": {"angle": 0, "axis": "x", "origin": [6, 5.58135, 3.86836]},
			"faces": {
				"north": {"uv": [9, 2, 8.5, 3.25], "texture": "#0"},
				"east": {"uv": [9.5, 2, 9, 3.25], "texture": "#0"},
				"south": {"uv": [10, 2, 9.5, 3.25], "texture": "#0"},
				"west": {"uv": [8.5, 2, 8, 3.25], "texture": "#0"},
				"up": {"uv": [8.5, 2, 9, 1.5], "texture": "#0"},
				"down": {"uv": [9, 1.5, 9.5, 2], "texture": "#0"}
			}
		},
		{
			"from": [9.5, 2.58135, 5.36836],
			"to": [10.5, 5.08135, 6.49336],
			"rotation": {"angle": 0, "axis": "x", "origin": [10, 5.58135, 3.86836]},
			"faces": {
				"north": {"uv": [8.5, 2, 9, 3.25], "texture": "#0"},
				"east": {"uv": [8, 2, 8.5, 3.25], "texture": "#0"},
				"south": {"uv": [9.5, 2, 10, 3.25], "texture": "#0"},
				"west": {"uv": [9, 2, 9.5, 3.25], "texture": "#0"},
				"up": {"uv": [9, 2, 8.5, 1.5], "texture": "#0"},
				"down": {"uv": [9.5, 1.5, 9, 2], "texture": "#0"}
			}
		},
		{
			"from": [5.625, 0.08135, 5.49336],
			"to": [6.375, 2.58135, 6.36836],
			"shade": false,
			"rotation": {"angle": 0, "axis": "x", "origin": [6, 2.58135, 3.86836]},
			"faces": {
				"north": {"uv": [2.25, 8.625, 1.875, 9.875], "texture": "#0"},
				"east": {"uv": [2.625, 8.625, 2.25, 9.875], "texture": "#0"},
				"south": {"uv": [3, 8.625, 2.625, 9.875], "texture": "#0"},
				"west": {"uv": [1.875, 8.625, 1.5, 9.875], "texture": "#0"},
				"up": {"uv": [1.875, 8.625, 2.25, 8.25], "texture": "#0"},
				"down": {"uv": [2.25, 8.25, 2.625, 8.625], "texture": "#0"}
			}
		},
		{
			"from": [9.625, 0.08135, 5.49336],
			"to": [10.375, 2.58135, 6.36836],
			"rotation": {"angle": 0, "axis": "x", "origin": [10, 2.58135, 3.86836]},
			"faces": {
				"north": {"uv": [1.875, 8.625, 2.25, 9.875], "texture": "#0"},
				"east": {"uv": [1.5, 8.625, 1.875, 9.875], "texture": "#0"},
				"south": {"uv": [2.625, 8.625, 3, 9.875], "texture": "#0"},
				"west": {"uv": [2.25, 8.625, 2.625, 9.875], "texture": "#0"},
				"up": {"uv": [2.25, 8.625, 1.875, 8.25], "texture": "#0"},
				"down": {"uv": [2.625, 8.25, 2.25, 8.625], "texture": "#0"}
			}
		},
		{
			"from": [5.625, 0.08135, 11.74336],
			"to": [6.375, 3.08135, 12.61836],
			"shade": false,
			"rotation": {"angle": 0, "axis": "x", "origin": [6, 2.58135, 10.11836]},
			"faces": {
				"north": {"uv": [0.75, 8.625, 0.375, 10.125], "texture": "#0"},
				"east": {"uv": [1.125, 8.625, 0.75, 10.125], "texture": "#0"},
				"south": {"uv": [1.5, 8.625, 1.125, 10.125], "texture": "#0"},
				"west": {"uv": [0.375, 8.625, 0, 10.125], "texture": "#0"},
				"up": {"uv": [0.375, 8.625, 0.75, 8.25], "texture": "#0"},
				"down": {"uv": [0.75, 8.25, 1.125, 8.625], "texture": "#0"}
			}
		},
		{
			"from": [9.625, 0.08135, 11.74336],
			"to": [10.375, 3.08135, 12.61836],
			"rotation": {"angle": 0, "axis": "x", "origin": [10, 2.58135, 10.11836]},
			"faces": {
				"north": {"uv": [0.375, 8.625, 0.75, 10.125], "texture": "#0"},
				"east": {"uv": [0, 8.625, 0.375, 10.125], "texture": "#0"},
				"south": {"uv": [1.125, 8.625, 1.5, 10.125], "texture": "#0"},
				"west": {"uv": [0.75, 8.625, 1.125, 10.125], "texture": "#0"},
				"up": {"uv": [0.75, 8.625, 0.375, 8.25], "texture": "#0"},
				"down": {"uv": [1.125, 8.25, 0.75, 8.625], "texture": "#0"}
			}
		},
		{
			"from": [5.5, 2.88478, 11.07926],
			"to": [6.5, 3.88478, 12.57926],
			"shade": false,
			"rotation": {"angle": 22.5, "axis": "x", "origin": [6, 3.38478, 10.57926]},
			"faces": {
				"north": {"uv": [5.25, 6.5, 4.75, 7], "texture": "#0"},
				"east": {"uv": [6, 6.5, 5.25, 7], "texture": "#0"},
				"south": {"uv": [6.5, 6.5, 6, 7], "texture": "#0"},
				"west": {"uv": [4.75, 6.5, 4, 7], "texture": "#0"},
				"up": {"uv": [4.75, 6.5, 5.25, 5.75], "texture": "#0"},
				"down": {"uv": [5.25, 5.75, 5.75, 6.5], "texture": "#0"}
			}
		},
		{
			"from": [9.5, 2.88478, 11.07926],
			"to": [10.5, 3.88478, 12.57926],
			"rotation": {"angle": 22.5, "axis": "x", "origin": [10, 3.38478, 10.57926]},
			"faces": {
				"north": {"uv": [4.75, 6.5, 5.25, 7], "texture": "#0"},
				"east": {"uv": [4, 6.5, 4.75, 7], "texture": "#0"},
				"south": {"uv": [6, 6.5, 6.5, 7], "texture": "#0"},
				"west": {"uv": [5.25, 6.5, 6, 7], "texture": "#0"},
				"up": {"uv": [5.25, 6.5, 4.75, 5.75], "texture": "#0"},
				"down": {"uv": [5.75, 5.75, 5.25, 6.5], "texture": "#0"}
			}
		},
		{
			"from": [5.5, 3, 9],
			"to": [6.5, 6, 11.5],
			"shade": false,
			"rotation": {"angle": 22.5, "axis": "x", "origin": [6.25, 4.5, 10.5]},
			"faces": {
				"north": {"uv": [7.25, 7, 6.75, 8.5], "texture": "#0"},
				"east": {"uv": [8.5, 7, 7.25, 8.5], "texture": "#0"},
				"south": {"uv": [9, 7, 8.5, 8.5], "texture": "#0"},
				"west": {"uv": [6.75, 7, 5.5, 8.5], "texture": "#0"},
				"up": {"uv": [6.75, 7, 7.25, 5.75], "texture": "#0"},
				"down": {"uv": [7.25, 5.75, 7.75, 7], "texture": "#0"}
			}
		},
		{
			"from": [9.5, 3, 9],
			"to": [10.5, 6, 11.5],
			"rotation": {"angle": 22.5, "axis": "x", "origin": [9.75, 4.5, 10.5]},
			"faces": {
				"north": {"uv": [6.75, 7, 7.25, 8.5], "texture": "#0"},
				"east": {"uv": [5.5, 7, 6.75, 8.5], "texture": "#0"},
				"south": {"uv": [8.5, 7, 9, 8.5], "texture": "#0"},
				"west": {"uv": [7.25, 7, 8.5, 8.5], "texture": "#0"},
				"up": {"uv": [7.25, 7, 6.75, 5.75], "texture": "#0"},
				"down": {"uv": [7.75, 5.75, 7.25, 7], "texture": "#0"}
			}
		},
		{
			"from": [6, 3.5, 4.25],
			"to": [10, 7, 12.25],
			"rotation": {"angle": 0, "axis": "y", "origin": [16, 14, 15.75]},
			"faces": {
				"north": {"uv": [4, 4, 6, 5.75], "texture": "#0"},
				"east": {"uv": [0, 4, 4, 5.75], "texture": "#0"},
				"south": {"uv": [10, 4, 12, 5.75], "texture": "#0"},
				"west": {"uv": [6, 4, 10, 5.75], "texture": "#0"},
				"up": {"uv": [6, 4, 4, 0], "texture": "#0"},
				"down": {"uv": [8, 0, 6, 4], "texture": "#0"}
			}
		}
	],
	"display": {
		"thirdperson_righthand": {
			"rotation": [75, 45, 0],
			"translation": [0, 2.5, 0],
			"scale": [0.375, 0.375, 0.375]
		},
		"thirdperson_lefthand": {
			"rotation": [75, 45, 0],
			"translation": [0, 2.5, 0],
			"scale": [0.375, 0.375, 0.375]
		},
		"firstperson_righthand": {
			"rotation": [0, 45, 0],
			"scale": [0.4, 0.4, 0.4]
		},
		"firstperson_lefthand": {
			"rotation": [0, 45, 0],
			"scale": [0.4, 0.4, 0.4]
		},
		"ground": {
			"translation": [0, 3, 0],
			"scale": [0.25, 0.25, 0.25]
		},
		"gui": {
			"rotation": [30, -135, 0],
			"translation": [0, 2.75, 0]
		},
		"head": {
			"translation": [0, -11, -2],
			"scale": [4, 4, 4]
		},
		"fixed": {
			"rotation": [0, 180, 0],
			"translation": [0, -7.5, 0]
		}
	},
	"groups": [
		{
			"name": "bone",
			"origin": [8, 8, 8],
			"children": [0, 1, 2, 3, 4, 5, 6, 7, 8, 9, 10, 11, 12, 13, 14, 15, 16, 17, 18, 19, 20, 21, 22, 23, 24, 25, 26, 27, 28, 29, 30, 31, 32, 33, 34, 35, 36, 37]
		}
	]
}