{
  "file_name": "broom",
  "texture_size": [
    32,
    32
  ],
  "textures": {
    "layer0": "modelengine:entity/broom"
  },
  "elements": [
    {
      "name": "broom_0",
      "from": [
        7.1560583,
        7.1,
        -3.2414565
      ],
      "to": [
        7.996058,
        7.94,
        3.4785438
      ],
      "rotation": {
        "angle": 0.0,
        "axis": "z",
        "origin": [
          8.0,
          8.0,
          8.0
        ]
      },
      "faces": {
        "down": {
          "uv": [
            7.0,
            0.0,
            12.5,
            0.5
          ],
          "texture": "#layer0",
          "tintindex": 0
        },
        "east": {
          "uv": [
            5.0,
            4.0,
            10.5,
            4.5
          ],
          "texture": "#layer0",
          "tintindex": 0
        },
        "north": {
          "uv": [
            4.0,
            9.5,
            4.5,
            10.0
          ],
          "texture": "#layer0",
          "tintindex": 0
        },
        "south": {
          "uv": [
            3.5,
            9.5,
            4.0,
            10.0
          ],
          "texture": "#layer0",
          "tintindex": 0
        },
        "up": {
          "uv": [
            11.5,
            7.5,
            6.0,
            7.0
          ],
          "texture": "#layer0",
          "tintindex": 0
        },
        "west": {
          "uv": [
            5.0,
            4.5,
            10.5,
            5.0
          ],
          "texture": "#layer0",
          "tintindex": 0
        }
      }
    },
    {
      "name": "broom_1",
      "from": [
        7.1560583,
        8.643332,
        -11.000297
      ],
      "to": [
        7.996058,
        9.483332,
        -6.800297
      ],
      "rotation": {
        "angle": 0.0,
        "axis": "z",
        "origin": [
          8.0,
          8.0,
          8.0
        ]
      },
      "faces": {
        "down": {
          "uv": [
            9.0,
            8.0,
            12.5,
            8.5
          ],
          "texture": "#layer0",
          "tintindex": 0
        },
        "east": {
          "uv": [
            3.5,
            9.0,
            7.0,
            9.5
          ],
          "texture": "#layer0",
          "tintindex": 0
        },
        "north": {
          "uv": [
            6.0,
            9.5,
            6.5,
            10.0
          ],
          "texture": "#layer0",
          "tintindex": 0
        },
        "south": {
          "uv": [
            5.5,
            9.5,
            6.0,
            10.0
          ],
          "texture": "#layer0",
          "tintindex": 0
        },
        "up": {
          "uv": [
            12.5,
            8.0,
            9.0,
            7.5
          ],
          "texture": "#layer0",
          "tintindex": 0
        },
        "west": {
          "uv": [
            7.0,
            9.0,
            10.5,
            9.5
          ],
          "texture": "#layer0",
          "tintindex": 0
        }
      }
    },
    {
      "name": "broom_2",
      "from": [
        7.1560583,
        7.421456,
        -7.377515
      ],
      "to": [
        7.996058,
        8.261456,
        -3.1775146
      ],
      "rotation": {
        "angle": 22.5,
        "axis": "x",
        "origin": [
          7.996058,
          7.4214563,
          -4.0175147
        ]
      },
      "faces": {
        "down": {
          "uv": [
            0.0,
            9.0,
            3.5,
            9.5
          ],
          "texture": "#layer0",
          "tintindex": 0
        },
        "east": {
          "uv": [
            7.0,
            3.0,
            10.5,
            3.5
          ],
          "texture": "#layer0",
          "tintindex": 0
        },
        "north": {
          "uv": [
            5.0,
            9.5,
            5.5,
            10.0
          ],
          "texture": "#layer0",
          "tintindex": 0
        },
        "south": {
          "uv": [
            4.5,
            9.5,
            5.0,
            10.0
          ],
          "texture": "#layer0",
          "tintindex": 0
        },
        "up": {
          "uv": [
            10.5,
            7.0,
            7.0,
            6.5
          ],
          "texture": "#layer0",
          "tintindex": 0
        },
        "west": {
          "uv": [
            7.0,
            3.5,
            10.5,
            4.0
          ],
          "texture": "#layer0",
          "tintindex": 0
        }
      }
    },
    {
      "name": "broom_3",
      "from": [
        6.7360573,
        6.6800003,
        3.4785438
      ],
      "to": [
        8.416058,
        8.360001,
        5.158544
      ],
      "rotation": {
        "angle": 0.0,
        "axis": "z",
        "origin": [
          8.0,
          8.0,
          8.0
        ]
      },
      "faces": {
        "down": {
          "uv": [
            8.5,
            5.0,
            10.0,
            6.5
          ],
          "texture": "#layer0",
          "tintindex": 0
        },
        "east": {
          "uv": [
            7.0,
            1.5,
            8.5,
            3.0
          ],
          "texture": "#layer0",
          "tintindex": 0
        },
        "north": {
          "uv": [
            7.5,
            7.5,
            9.0,
            9.0
          ],
          "texture": "#layer0",
          "tintindex": 0
        },
        "south": {
          "uv": [
            7.0,
            5.0,
            8.5,
            6.5
          ],
          "texture": "#layer0",
          "tintindex": 0
        },
        "up": {
          "uv": [
            10.0,
            3.0,
            8.5,
            1.5
          ],
          "texture": "#layer0",
          "tintindex": 0
        },
        "west": {
          "uv": [
            6.0,
            7.5,
            7.5,
            9.0
          ],
          "texture": "#layer0",
          "tintindex": 0
        }
      }
    },
    {
      "name": "broom_4",
      "from": [
        6.316058,
        6.26,
        5.158544
      ],
      "to": [
        8.836058,
        8.78,
        7.678544
      ],
      "rotation": {
        "angle": 0.0,
        "axis": "z",
        "origin": [
          8.0,
          8.0,
          8.0
        ]
      },
      "faces": {
        "down": {
          "uv": [
            4.0,
            7.0,
            6.0,
            9.0
          ],
          "texture": "#layer0",
          "tintindex": 0
        },
        "east": {
          "uv": [
            5.0,
            5.0,
            7.0,
            7.0
          ],
          "texture": "#layer0",
          "tintindex": 0
        },
        "north": {
          "uv": [
            0.0,
            7.0,
            2.0,
            9.0
          ],
          "texture": "#layer0",
          "tintindex": 0
        },
        "south": {
          "uv": [
            5.0,
            0.0,
            7.0,
            2.0
          ],
          "texture": "#layer0",
          "tintindex": 0
        },
        "up": {
          "uv": [
            4.0,
            9.0,
            2.0,
            7.0
          ],
          "texture": "#layer0",
          "tintindex": 0
        },
        "west": {
          "uv": [
            5.0,
            2.0,
            7.0,
            4.0
          ],
          "texture": "#layer0",
          "tintindex": 0
        }
      }
    },
    {
      "name": "broom_5",
      "from": [
        6.188174,
        5.42,
        8.321456
      ],
      "to": [
        7.028174,
        9.62,
        14.201456
      ],
      "rotation": {
        "angle": -22.5,
        "axis": "y",
        "origin": [
          7.868174,
          7.94,
          8.321456
        ]
      },
      "faces": {
        "down": {
          "uv": [
            12.0,
            1.0,
            7.0,
            1.5
          ],
          "texture": "#layer0",
          "tintindex": 0
        },
        "east": {
          "uv": [
            5.0,
            3.5,
            0.0,
            7.0
          ],
          "texture": "#layer0",
          "tintindex": 0
        },
        "north": {
          "uv": [
            0.0,
            9.5,
            3.5,
            10.0
          ],
          "texture": "#layer0",
          "tintindex": 0
        },
        "south": {
          "uv": [
            9.0,
            8.5,
            12.5,
            9.0
          ],
          "texture": "#layer0",
          "tintindex": 0
        },
        "up": {
          "uv": [
            7.0,
            0.5,
            12.0,
            1.0
          ],
          "texture": "#layer0",
          "tintindex": 0
        },
        "west": {
          "uv": [
            5.0,
            3.5,
            0.0,
            0.0
          ],
          "texture": "#layer0",
          "tintindex": 0
        }
      }
    },
    {
      "name": "broom_6",
      "from": [
        6.2481737,
        5.42,
        8.321456
      ],
      "to": [
        7.088174,
        9.62,
        14.201456
      ],
      "rotation": {
        "angle": -22.5,
        "axis": "y",
        "origin": [
          7.928174,
          7.94,
          8.321456
        ]
      },
      "faces": {
        "down": {
          "uv": [
            12.0,
            1.0,
            7.0,
            1.5
          ],
          "texture": "#layer0",
          "tintindex": 0
        },
        "east": {
          "uv": [
            5.0,
            3.5,
            0.0,
            7.0
          ],
          "texture": "#layer0",
          "tintindex": 0
        },
        "north": {
          "uv": [
            0.0,
            9.5,
            3.5,
            10.0
          ],
          "texture": "#layer0",
          "tintindex": 0
        },
        "south": {
          "uv": [
            9.0,
            8.5,
            12.5,
            9.0
          ],
          "texture": "#layer0",
          "tintindex": 0
        },
        "up": {
          "uv": [
            7.0,
            0.5,
            12.0,
            1.0
          ],
          "texture": "#layer0",
          "tintindex": 0
        },
        "west": {
          "uv": [
            5.0,
            3.5,
            0.0,
            0.0
          ],
          "texture": "#layer0",
          "tintindex": 0
        }
      }
    },
    {
      "name": "broom_7",
      "from": [
        5.458544,
        6.1796303,
        8.321456
      ],
      "to": [
        9.658544,
        7.0196304,
        14.201456
      ],
      "rotation": {
        "angle": 22.5,
        "axis": "x",
        "origin": [
          7.138544,
          7.85963,
          8.321456
        ]
      },
      "faces": {
        "down": {
          "uv": [
            0.0,
            3.5,
            5.0,
            0.0
          ],
          "texture": "#layer0",
          "tintindex": 0
        },
        "east": {
          "uv": [
            7.0,
            1.0,
            12.0,
            1.5
          ],
          "texture": "#layer0",
          "tintindex": 0
        },
        "north": {
          "uv": [
            0.0,
            9.5,
            3.5,
            10.0
          ],
          "texture": "#layer0",
          "tintindex": 0
        },
        "south": {
          "uv": [
            9.0,
            8.5,
            12.5,
            9.0
          ],
          "texture": "#layer0",
          "tintindex": 0
        },
        "up": {
          "uv": [
            5.0,
            3.5,
            0.0,
            7.0
          ],
          "texture": "#layer0",
          "tintindex": 0
        },
        "west": {
          "uv": [
            7.0,
            0.5,
            12.0,
            1.0
          ],
          "texture": "#layer0",
          "tintindex": 0
        }
      }
    },
    {
      "name": "broom_8",
      "from": [
        8.063942,
        5.4799995,
        8.321456
      ],
      "to": [
        8.903942,
        9.68,
        14.201456
      ],
      "rotation": {
        "angle": 22.5,
        "axis": "y",
        "origin": [
          7.2239423,
          7.9999995,
          8.321456
        ]
      },
      "faces": {
        "down": {
          "uv": [
            12.0,
            1.5,
            7.0,
            1.0
          ],
          "texture": "#layer0",
          "tintindex": 0
        },
        "east": {
          "uv": [
            0.0,
            0.0,
            5.0,
            3.5
          ],
          "texture": "#layer0",
          "tintindex": 0
        },
        "north": {
          "uv": [
            0.0,
            10.0,
            3.5,
            9.5
          ],
          "texture": "#layer0",
          "tintindex": 0
        },
        "south": {
          "uv": [
            9.0,
            9.0,
            12.5,
            8.5
          ],
          "texture": "#layer0",
          "tintindex": 0
        },
        "up": {
          "uv": [
            7.0,
            1.0,
            12.0,
            0.5
          ],
          "texture": "#layer0",
          "tintindex": 0
        },
        "west": {
          "uv": [
            5.0,
            7.0,
            0.0,
            3.5
          ],
          "texture": "#layer0",
          "tintindex": 0
        }
      }
    },
    {
      "name": "broom_9",
      "from": [
        8.123942,
        5.4799995,
        8.321456
      ],
      "to": [
        8.963942,
        9.68,
        14.201456
      ],
      "rotation": {
        "angle": 22.5,
        "axis": "y",
        "origin": [
          7.283942,
          7.9999995,
          8.321456
        ]
      },
      "faces": {
        "down": {
          "uv": [
            12.0,
            1.5,
            7.0,
            1.0
          ],
          "texture": "#layer0",
          "tintindex": 0
        },
        "east": {
          "uv": [
            0.0,
            0.0,
            5.0,
            3.5
          ],
          "texture": "#layer0",
          "tintindex": 0
        },
        "north": {
          "uv": [
            0.0,
            10.0,
            3.5,
            9.5
          ],
          "texture": "#layer0",
          "tintindex": 0
        },
        "south": {
          "uv": [
            9.0,
            9.0,
            12.5,
            8.5
          ],
          "texture": "#layer0",
          "tintindex": 0
        },
        "up": {
          "uv": [
            7.0,
            1.0,
            12.0,
            0.5
          ],
          "texture": "#layer0",
          "tintindex": 0
        },
        "west": {
          "uv": [
            5.0,
            7.0,
            0.0,
            3.5
          ],
          "texture": "#layer0",
          "tintindex": 0
        }
      }
    },
    {
      "name": "broom_10",
      "from": [
        5.3985434,
        8.055398,
        8.321456
      ],
      "to": [
        9.598543,
        8.895397,
        14.201456
      ],
      "rotation": {
        "angle": -22.5,
        "axis": "x",
        "origin": [
          7.0785437,
          7.215398,
          8.321456
        ]
      },
      "faces": {
        "down": {
          "uv": [
            0.0,
            7.0,
            5.0,
            3.5
          ],
          "texture": "#layer0",
          "tintindex": 0
        },
        "east": {
          "uv": [
            7.0,
            1.5,
            12.0,
            1.0
          ],
          "texture": "#layer0",
          "tintindex": 0
        },
        "north": {
          "uv": [
            0.0,
            10.0,
            3.5,
            9.5
          ],
          "texture": "#layer0",
          "tintindex": 0
        },
        "south": {
          "uv": [
            9.0,
            9.0,
            12.5,
            8.5
          ],
          "texture": "#layer0",
          "tintindex": 0
        },
        "up": {
          "uv": [
            0.0,
            0.0,
            5.0,
            3.5
          ],
          "texture": "#layer0",
          "tintindex": 0
        },
        "west": {
          "uv": [
            7.0,
            1.0,
            12.0,
            0.5
          ],
          "texture": "#layer0",
          "tintindex": 0
        }
      }
    },
    {
      "name": "broom_11",
      "from": [
        5.4121156,
        5.42,
        8.0
      ],
      "to": [
        6.2521157,
        9.62,
        13.88
      ],
      "rotation": {
        "angle": -22.5,
        "axis": "y",
        "origin": [
          7.0921164,
          7.94,
          8.0
        ]
      },
      "faces": {
        "down": {
          "uv": [
            12.0,
            1.0,
            7.0,
            1.5
          ],
          "texture": "#layer0",
          "tintindex": 0
        },
        "east": {
          "uv": [
            0.0,
            0.0,
            5.0,
            3.5
          ],
          "texture": "#layer0",
          "tintindex": 0
        },
        "north": {
          "uv": [
            0.0,
            9.5,
            3.5,
            10.0
          ],
          "texture": "#layer0",
          "tintindex": 0
        },
        "south": {
          "uv": [
            9.0,
            8.5,
            12.5,
            9.0
          ],
          "texture": "#layer0",
          "tintindex": 0
        },
        "up": {
          "uv": [
            7.0,
            0.5,
            12.0,
            1.0
          ],
          "texture": "#layer0",
          "tintindex": 0
        },
        "west": {
          "uv": [
            5.0,
            7.0,
            0.0,
            3.5
          ],
          "texture": "#layer0",
          "tintindex": 0
        }
      }
    },
    {
      "name": "broom_12",
      "from": [
        5.458544,
        5.3435717,
        8.0
      ],
      "to": [
        9.658544,
        6.183572,
        13.88
      ],
      "rotation": {
        "angle": 22.5,
        "axis": "x",
        "origin": [
          7.138544,
          7.023572,
          8.0
        ]
      },
      "faces": {
        "down": {
          "uv": [
            0.0,
            7.0,
            5.0,
            3.5
          ],
          "texture": "#layer0",
          "tintindex": 0
        },
        "east": {
          "uv": [
            7.0,
            1.0,
            12.0,
            1.5
          ],
          "texture": "#layer0",
          "tintindex": 0
        },
        "north": {
          "uv": [
            0.0,
            9.5,
            3.5,
            10.0
          ],
          "texture": "#layer0",
          "tintindex": 0
        },
        "south": {
          "uv": [
            9.0,
            8.5,
            12.5,
            9.0
          ],
          "texture": "#layer0",
          "tintindex": 0
        },
        "up": {
          "uv": [
            0.0,
            0.0,
            5.0,
            3.5
          ],
          "texture": "#layer0",
          "tintindex": 0
        },
        "west": {
          "uv": [
            7.0,
            0.5,
            12.0,
            1.0
          ],
          "texture": "#layer0",
          "tintindex": 0
        }
      }
    },
    {
      "name": "broom_13",
      "from": [
        5.4121156,
        5.42,
        8.0
      ],
      "to": [
        6.2521157,
        9.62,
        13.88
      ],
      "rotation": {
        "angle": -22.5,
        "axis": "y",
        "origin": [
          7.0921164,
          7.94,
          8.0
        ]
      },
      "faces": {
        "down": {
          "uv": [
            12.0,
            1.0,
            7.0,
            1.5
          ],
          "texture": "#layer0",
          "tintindex": 0
        },
        "east": {
          "uv": [
            0.0,
            0.0,
            5.0,
            3.5
          ],
          "texture": "#layer0",
          "tintindex": 0
        },
        "north": {
          "uv": [
            0.0,
            9.5,
            3.5,
            10.0
          ],
          "texture": "#layer0",
          "tintindex": 0
        },
        "south": {
          "uv": [
            9.0,
            8.5,
            12.5,
            9.0
          ],
          "texture": "#layer0",
          "tintindex": 0
        },
        "up": {
          "uv": [
            7.0,
            0.5,
            12.0,
            1.0
          ],
          "texture": "#layer0",
          "tintindex": 0
        },
        "west": {
          "uv": [
            5.0,
            7.0,
            0.0,
            3.5
          ],
          "texture": "#layer0",
          "tintindex": 0
        }
      }
    },
    {
      "name": "broom_14",
      "from": [
        8.84,
        5.4799995,
        8.0
      ],
      "to": [
        9.68,
        9.68,
        13.88
      ],
      "rotation": {
        "angle": 22.5,
        "axis": "y",
        "origin": [
          8.0,
          7.9999995,
          8.0
        ]
      },
      "faces": {
        "down": {
          "uv": [
            12.0,
            1.5,
            7.0,
            1.0
          ],
          "texture": "#layer0",
          "tintindex": 0
        },
        "east": {
          "uv": [
            5.0,
            3.5,
            0.0,
            7.0
          ],
          "texture": "#layer0",
          "tintindex": 0
        },
        "north": {
          "uv": [
            0.0,
            10.0,
            3.5,
            9.5
          ],
          "texture": "#layer0",
          "tintindex": 0
        },
        "south": {
          "uv": [
            9.0,
            9.0,
            12.5,
            8.5
          ],
          "texture": "#layer0",
          "tintindex": 0
        },
        "up": {
          "uv": [
            7.0,
            1.0,
            12.0,
            0.5
          ],
          "texture": "#layer0",
          "tintindex": 0
        },
        "west": {
          "uv": [
            5.0,
            3.5,
            0.0,
            0.0
          ],
          "texture": "#layer0",
          "tintindex": 0
        }
      }
    },
    {
      "name": "broom_15",
      "from": [
        5.3985434,
        8.771456,
        8.0
      ],
      "to": [
        9.598543,
        9.611456,
        13.88
      ],
      "rotation": {
        "angle": -22.5,
        "axis": "x",
        "origin": [
          7.0785437,
          7.931456,
          8.0
        ]
      },
      "faces": {
        "down": {
          "uv": [
            0.0,
            3.5,
            5.0,
            0.0
          ],
          "texture": "#layer0",
          "tintindex": 0
        },
        "east": {
          "uv": [
            7.0,
            1.5,
            12.0,
            1.0
          ],
          "texture": "#layer0",
          "tintindex": 0
        },
        "north": {
          "uv": [
            0.0,
            10.0,
            3.5,
            9.5
          ],
          "texture": "#layer0",
          "tintindex": 0
        },
        "south": {
          "uv": [
            9.0,
            9.0,
            12.5,
            8.5
          ],
          "texture": "#layer0",
          "tintindex": 0
        },
        "up": {
          "uv": [
            5.0,
            3.5,
            0.0,
            7.0
          ],
          "texture": "#layer0",
          "tintindex": 0
        },
        "west": {
          "uv": [
            7.0,
            1.0,
            12.0,
            0.5
          ],
          "texture": "#layer0",
          "tintindex": 0
        }
      }
    },
    {
      "name": "broom_16",
      "from": [
        8.84,
        5.4799995,
        8.0
      ],
      "to": [
        9.68,
        9.68,
        13.88
      ],
      "rotation": {
        "angle": 22.5,
        "axis": "y",
        "origin": [
          8.0,
          7.9999995,
          8.0
        ]
      },
      "faces": {
        "down": {
          "uv": [
            12.0,
            1.5,
            7.0,
            1.0
          ],
          "texture": "#layer0",
          "tintindex": 0
        },
        "east": {
          "uv": [
            5.0,
            3.5,
            0.0,
            7.0
          ],
          "texture": "#layer0",
          "tintindex": 0
        },
        "north": {
          "uv": [
            0.0,
            10.0,
            3.5,
            9.5
          ],
          "texture": "#layer0",
          "tintindex": 0
        },
        "south": {
          "uv": [
            9.0,
            9.0,
            12.5,
            8.5
          ],
          "texture": "#layer0",
          "tintindex": 0
        },
        "up": {
          "uv": [
            7.0,
            1.0,
            12.0,
            0.5
          ],
          "texture": "#layer0",
          "tintindex": 0
        },
        "west": {
          "uv": [
            5.0,
            3.5,
            0.0,
            0.0
          ],
          "texture": "#layer0",
          "tintindex": 0
        }
      }
    }
  ],
  "display": {
    "head": {
      "translation": [
        0.0,
        -6.4,
        0.0
      ],
      "rotation": [
        0.0,
        0.0,
        0.0
      ],
      "scale": [
        3.8095,
        3.8095,
        3.8095
      ]
    },
    "gui": {
      "translation": [
        0.0,
        0.0,
        0.0
      ],
      "rotation": [
        35.0,
        225.0,
        0.0
      ],
      "scale": [
        0.625,
        0.625,
        0.625
      ]
    }
  }
}