{
	"credit": "Made by CookiesNom with Blockbench",
	"textures": {
		"0": "craftadia/turkey/pilgrim_hat",
		"particle": "craftadia/turkey/pilgrim_hat"
	},
	"elements": [
		{
			"from": [4, 0, 4],
			"to": [12, 4, 12],
			"rotation": {"angle": 0, "axis": "y", "origin": [12, 8, 12]},
			"faces": {
				"north": {"uv": [0, 8, 3.5, 10], "texture": "#0"},
				"east": {"uv": [10.5, 8, 14, 10], "texture": "#0"},
				"south": {"uv": [7, 8, 10.5, 10], "texture": "#0"},
				"west": {"uv": [3.5, 8, 7, 10], "texture": "#0"},
				"up": {"uv": [3.5, 8, 0, 4.5], "texture": "#0"}
			}
		},
		{
			"from": [4.5, 4, 4.5],
			"to": [11.5, 8, 11.5],
			"rotation": {"angle": 0, "axis": "y", "origin": [12, 13, 12]},
			"faces": {
				"north": {"uv": [0, 14, 4, 16], "texture": "#0"},
				"east": {"uv": [12, 14, 16, 16], "texture": "#0"},
				"south": {"uv": [8, 14, 12, 16], "texture": "#0"},
				"west": {"uv": [4, 14, 8, 16], "texture": "#0"},
				"up": {"uv": [4, 14, 0, 10], "texture": "#0"}
			}
		},
		{
			"from": [2, -1, 2],
			"to": [14, 0, 14],
			"rotation": {"angle": 0, "axis": "y", "origin": [12, 7, 12]},
			"faces": {
				"north": {"uv": [16, 6, 10, 6.5], "texture": "#0"},
				"east": {"uv": [16, 6, 10, 6.5], "texture": "#0"},
				"south": {"uv": [16, 6, 10, 6.5], "texture": "#0"},
				"west": {"uv": [16, 6, 10, 6.5], "texture": "#0"},
				"up": {"uv": [16, 6, 10, 0], "texture": "#0"},
				"down": {"uv": [16, 6, 10, 0], "texture": "#0"}
			}
		},
		{
			"from": [6.5, 1.5, 3.5],
			"to": [9.5, 2, 4],
			"rotation": {"angle": 0, "axis": "y", "origin": [12, 9.5, 11.5]},
			"faces": {
				"north": {"uv": [0, 0, 1.5, 0.25], "texture": "#0"},
				"east": {"uv": [0, 0, 0.25, 0.25], "texture": "#0"},
				"west": {"uv": [1.25, 0, 1.5, 0.25], "texture": "#0"},
				"up": {"uv": [0, 0, 1.5, 0.25], "texture": "#0"},
				"down": {"uv": [0, 0, 1.5, 0.25], "texture": "#0"}
			}
		},
		{
			"from": [9, 0.5, 3.5],
			"to": [9.5, 1.5, 4],
			"rotation": {"angle": 0, "axis": "y", "origin": [12, 8.5, 11.5]},
			"faces": {
				"north": {"uv": [0, 0.25, 0.25, 0.75], "texture": "#0"},
				"east": {"uv": [0, 0.25, 0.25, 0.75], "texture": "#0"},
				"west": {"uv": [0, 0.25, 0.25, 0.75], "texture": "#0"}
			}
		},
		{
			"from": [6.5, 0, 3.5],
			"to": [9.5, 0.5, 4],
			"rotation": {"angle": 0, "axis": "y", "origin": [12, 8, 11.5]},
			"faces": {
				"north": {"uv": [0, 0.75, 1.5, 1], "texture": "#0"},
				"east": {"uv": [0, 0.75, 0.25, 1], "texture": "#0"},
				"west": {"uv": [1.25, 0.75, 1.5, 1], "texture": "#0"},
				"up": {"uv": [0, 0.75, 1.5, 1], "texture": "#0"},
				"down": {"uv": [0, 0.75, 1.5, 1], "texture": "#0"}
			}
		},
		{
			"from": [6.25, 0.75, 3.375],
			"to": [7.75, 1.25, 4],
			"rotation": {"angle": 0, "axis": "y", "origin": [10.25, 8.75, 11.5]},
			"faces": {
				"north": {"uv": [1.75, 0.25, 2.5, 0.5], "texture": "#0"},
				"east": {"uv": [1.75, 0.25, 2, 0.5], "texture": "#0"},
				"west": {"uv": [2.25, 0.25, 2.5, 0.5], "texture": "#0"},
				"up": {"uv": [1.75, 0.25, 2.5, 0.5], "texture": "#0"},
				"down": {"uv": [1.75, 0.25, 2.5, 0.5], "texture": "#0"}
			}
		},
		{
			"from": [6.5, 0.5, 3.5],
			"to": [7, 1.5, 4],
			"rotation": {"angle": 0, "axis": "y", "origin": [9.5, 8.5, 11.5]},
			"faces": {
				"north": {"uv": [1.25, 0.25, 1.5, 0.75], "texture": "#0"},
				"east": {"uv": [1.25, 0.25, 1.5, 0.75], "texture": "#0"},
				"west": {"uv": [1.25, 0.25, 1.5, 0.75], "texture": "#0"}
			}
		}
	],
	"display": {
		"thirdperson_righthand": {
			"rotation": [0, 45, 0],
			"translation": [0, 2.5, 0],
			"scale": [0.375, 0.375, 0.375]
		},
		"thirdperson_lefthand": {
			"rotation": [0, 45, 0],
			"translation": [0, 2.5, 0],
			"scale": [0.375, 0.375, 0.375]
		},
		"firstperson_righthand": {
			"rotation": [0, 45, 0],
			"scale": [0.4, 0.4, 0.4]
		},
		"firstperson_lefthand": {
			"rotation": [0, 225, 0],
			"scale": [0.4, 0.4, 0.4]
		},
		"ground": {
			"translation": [0, 3, 0],
			"scale": [0.25, 0.25, 0.25]
		},
		"gui": {
			"rotation": [30, 225, 0],
			"translation": [0, 2.75, 0],
			"scale": [0.625, 0.625, 0.625]
		},
		"head": {
			"translation": [0, 19.2, 0],
			"scale": [1.6, 1.6, 1.6]
		}
	},
	"groups": [0, 1, 2,
		{
			"name": "group",
			"origin": [10.25, 8.75, 11.5],
			"children": [3, 4, 5, 6, 7]
		}
	]
}