{
	"credit": "Made by CookiesNom with Blockbench",
	"textures": {
		"0": "craftadia/turkey/turkey",
		"1": "craftadia/turkey/turkey_legs",
		"particle": "craftadia/turkey/turkey"
	},
	"elements": [
		{
			"from": [4, 2, 8],
			"to": [6, 7, 10],
			"rotation": {"angle": -22.5, "axis": "x", "origin": [5, 4.5, 9]},
			"faces": {
				"north": {"uv": [2, 6, 4, 11], "texture": "#1"},
				"east": {"uv": [4, 6, 6, 11], "texture": "#1"},
				"south": {"uv": [0, 6, 2, 11], "texture": "#1"},
				"west": {"uv": [4, 6, 6, 11], "texture": "#1"},
				"up": {"uv": [2, 6, 0, 4], "texture": "#1"},
				"down": {"uv": [2, 4, 0, 6], "texture": "#1"}
			}
		},
		{
			"from": [10, 2, 8],
			"to": [12, 7, 10],
			"rotation": {"angle": -22.5, "axis": "x", "origin": [11, 4.5, 9]},
			"faces": {
				"north": {"uv": [4, 6, 2, 11], "texture": "#1"},
				"east": {"uv": [6, 6, 4, 11], "texture": "#1"},
				"south": {"uv": [2, 6, 0, 11], "texture": "#1"},
				"west": {"uv": [6, 6, 4, 11], "texture": "#1"},
				"up": {"uv": [0, 6, 2, 4], "texture": "#1"},
				"down": {"uv": [0, 4, 2, 6], "texture": "#1"}
			}
		},
		{
			"from": [4.5, -0.5, 7.5],
			"to": [5.5, 4.5, 8.5],
			"rotation": {"angle": 45, "axis": "x", "origin": [5, 2, 7.5]},
			"faces": {
				"north": {"uv": [0, 11, 1, 16], "texture": "#1"},
				"east": {"uv": [2, 11, 3, 16], "texture": "#1"},
				"south": {"uv": [1, 11, 2, 16], "texture": "#1"},
				"west": {"uv": [2, 11, 3, 16], "texture": "#1"},
				"up": {"uv": [1, 6, 0, 5], "texture": "#1"},
				"down": {"uv": [1, 6, 0, 5], "texture": "#1"}
			}
		},
		{
			"from": [10.5, -0.5, 7.5],
			"to": [11.5, 4.5, 8.5],
			"rotation": {"angle": 45, "axis": "x", "origin": [11, 2, 7.5]},
			"faces": {
				"north": {"uv": [1, 11, 0, 16], "texture": "#1"},
				"east": {"uv": [3, 11, 2, 16], "texture": "#1"},
				"south": {"uv": [2, 11, 1, 16], "texture": "#1"},
				"west": {"uv": [3, 11, 2, 16], "texture": "#1"},
				"up": {"uv": [0, 6, 1, 5], "texture": "#1"},
				"down": {"uv": [0, 6, 1, 5], "texture": "#1"}
			}
		},
		{
			"from": [3, 6, 0],
			"to": [13, 14, 12],
			"rotation": {"angle": 0, "axis": "y", "origin": [18, 20, 16]},
			"faces": {
				"north": {"uv": [3, 3, 5.5, 5], "texture": "#0"},
				"east": {"uv": [0, 3, 3, 5], "texture": "#0"},
				"south": {"uv": [8.5, 3, 11, 5], "texture": "#0"},
				"west": {"uv": [5.5, 3, 8.5, 5], "texture": "#0"},
				"up": {"uv": [5.5, 3, 3, 0], "texture": "#0"},
				"down": {"uv": [8, 0, 5.5, 3], "texture": "#0"}
			}
		},
		{
			"from": [3.4, -0.1, 3.4],
			"to": [6.6, 0.1, 7.1],
			"rotation": {"angle": 0, "axis": "y", "origin": [-2, 14, 16]},
			"faces": {
				"up": {"uv": [3, 3, 0, 0], "texture": "#1"},
				"down": {"uv": [3, 0, 0, 3], "texture": "#1"}
			}
		},
		{
			"from": [9.4, -0.1, 3.4],
			"to": [12.6, 0.1, 7.1],
			"rotation": {"angle": 0, "axis": "y", "origin": [18, 14, 16]},
			"faces": {
				"up": {"uv": [0, 3, 3, 0], "texture": "#1"},
				"down": {"uv": [0, 0, 3, 3], "texture": "#1"}
			}
		},
		{
			"from": [1.9, 5.9, 0.4],
			"to": [3.1, 13.1, 10.6],
			"rotation": {"angle": 22.5, "axis": "x", "origin": [2.5, 9.5, 5.5]},
			"faces": {
				"north": {"uv": [9.5, 9.5, 9.75, 11.25], "texture": "#0"},
				"east": {"uv": [7, 9.5, 9.5, 11.25], "texture": "#0"},
				"south": {"uv": [12.25, 9.5, 12.5, 11.25], "texture": "#0"},
				"west": {"uv": [9.75, 9.5, 12.25, 11.25], "texture": "#0"},
				"up": {"uv": [9.75, 9.5, 9.5, 7], "texture": "#0"},
				"down": {"uv": [10, 7, 9.75, 9.5], "texture": "#0"}
			}
		},
		{
			"from": [12.9, 5.9, 0.4],
			"to": [14.1, 13.1, 10.6],
			"rotation": {"angle": 22.5, "axis": "x", "origin": [13.5, 9.5, 5.5]},
			"faces": {
				"north": {"uv": [9.75, 9.5, 9.5, 11.25], "texture": "#0"},
				"east": {"uv": [12.25, 9.5, 9.75, 11.25], "texture": "#0"},
				"south": {"uv": [12.5, 9.5, 12.25, 11.25], "texture": "#0"},
				"west": {"uv": [9.5, 9.5, 7, 11.25], "texture": "#0"},
				"up": {"uv": [9.5, 9.5, 9.75, 7], "texture": "#0"},
				"down": {"uv": [9.75, 7, 10, 9.5], "texture": "#0"}
			}
		},
		{
			"from": [-1.1, 5.92552, 13.71704],
			"to": [17.1, 21.12552, 13.91704],
			"rotation": {"angle": 22.5, "axis": "x", "origin": [8, 13.52552, 13.81704]},
			"faces": {
				"north": {"uv": [0.25, 5.25, 4.75, 9], "texture": "#0"},
				"east": {"uv": [0, 5.25, 0.25, 9], "texture": "#0"},
				"south": {"uv": [5, 5.25, 9.5, 9], "texture": "#0"},
				"west": {"uv": [4.75, 5.25, 5, 9], "texture": "#0"},
				"up": {"uv": [4.75, 5.25, 0.25, 5], "texture": "#0"},
				"down": {"uv": [9.25, 5, 4.75, 5.25], "texture": "#0"}
			}
		},
		{
			"from": [5, 5.25, -2.25],
			"to": [11, 13.25, 1.75],
			"rotation": {"angle": -22.5, "axis": "x", "origin": [8, 10.25, 0.75]},
			"faces": {
				"north": {"uv": [9, 1, 10.5, 3], "texture": "#0"},
				"east": {"uv": [8, 1, 9, 3], "texture": "#0"},
				"south": {"uv": [11.5, 1, 13, 3], "texture": "#0"},
				"west": {"uv": [10.5, 1, 11.5, 3], "texture": "#0"},
				"up": {"uv": [10.5, 1, 9, 0], "texture": "#0"},
				"down": {"uv": [12, 0, 10.5, 1], "texture": "#0"}
			}
		},
		{
			"from": [6.999, 11.749, -3.001],
			"to": [9.001, 13.751, -0.999],
			"rotation": {"angle": 0, "axis": "x", "origin": [8, 16.75, 0]},
			"faces": {
				"north": {"uv": [0.5, 1.75, 1, 2.25], "texture": "#0"},
				"east": {"uv": [0, 1.75, 0.5, 2.25], "texture": "#0"},
				"south": {"uv": [1.5, 1.75, 2, 2.25], "texture": "#0"},
				"west": {"uv": [1, 1.75, 1.5, 2.25], "texture": "#0"},
				"up": {"uv": [1, 1.75, 0.5, 1.25], "texture": "#0"},
				"down": {"uv": [1.5, 1.25, 1, 1.75], "texture": "#0"}
			}
		},
		{
			"from": [7, 13.21508, -2.31075],
			"to": [9, 19.21508, -0.31075],
			"rotation": {"angle": 22.5, "axis": "x", "origin": [8, 15.21508, -1.31075]},
			"faces": {
				"north": {"uv": [0.5, 9.5, 1, 11], "texture": "#0"},
				"east": {"uv": [0, 9.5, 0.5, 11], "texture": "#0"},
				"south": {"uv": [1.5, 9.5, 2, 11], "texture": "#0"},
				"west": {"uv": [1, 9.5, 1.5, 11], "texture": "#0"},
				"up": {"uv": [1, 9.5, 0.5, 9], "texture": "#0"},
				"down": {"uv": [1.5, 9, 1, 9.5], "texture": "#0"}
			}
		},
		{
			"from": [6.5, 18.52791, -2.35614],
			"to": [9.5, 21.02791, 1.14386],
			"rotation": {"angle": 0, "axis": "x", "origin": [8, 19.52791, -0.85614]},
			"faces": {
				"north": {"uv": [0.75, 0.75, 1.5, 1.25], "texture": "#0"},
				"east": {"uv": [0, 0.75, 0.75, 1.25], "texture": "#0"},
				"south": {"uv": [2.25, 0.75, 3, 1.25], "texture": "#0"},
				"west": {"uv": [1.5, 0.75, 2.25, 1.25], "texture": "#0"},
				"up": {"uv": [1.5, 0.75, 0.75, 0], "texture": "#0"},
				"down": {"uv": [2.25, 0, 1.5, 0.75], "texture": "#0"}
			}
		},
		{
			"from": [7.25, 18.27791, -4.35614],
			"to": [8.75, 19.52791, -1.85614],
			"rotation": {"angle": -22.5, "axis": "x", "origin": [8, 19.02791, -3.85614]},
			"faces": {
				"north": {"uv": [2, 2.25, 2.25, 2.5], "texture": "#0"},
				"east": {"uv": [1.5, 2.25, 2, 2.5], "texture": "#0"},
				"south": {"uv": [2.75, 2.25, 3, 2.5], "texture": "#0"},
				"west": {"uv": [2.25, 2.25, 2.75, 2.5], "texture": "#0"},
				"up": {"uv": [2.25, 2.25, 2, 1.75], "texture": "#0"},
				"down": {"uv": [2.5, 1.75, 2.25, 2.25], "texture": "#0"}
			}
		}
	],
	"display": {
		"thirdperson_righthand": {
			"rotation": [75, 45, 0],
			"translation": [0, 2.5, 0],
			"scale": [0.375, 0.375, 0.375]
		},
		"thirdperson_lefthand": {
			"rotation": [75, 45, 0],
			"translation": [0, 2.5, 0],
			"scale": [0.375, 0.375, 0.375]
		},
		"firstperson_righthand": {
			"rotation": [0, 45, 0],
			"scale": [0.4, 0.4, 0.4]
		},
		"firstperson_lefthand": {
			"rotation": [0, 225, 0],
			"scale": [0.4, 0.4, 0.4]
		},
		"ground": {
			"translation": [0, 3, 0],
			"scale": [0.25, 0.25, 0.25]
		},
		"gui": {
			"rotation": [30, 225, 0],
			"translation": [0, -1, 0],
			"scale": [0.625, 0.625, 0.625]
		},
		"head": {
			"translation": [0, -31, 0],
			"scale": [1.5, 1.5, 1.5]
		}
	}
}