{
   "providers": [
      {
         "type": "bitmap",
         "file": "craftadia:skills-hud-icons.png",
         "ascent": 8,
         "height": 25,
         "chars": [
            "\ueafa\ueafb\ueafc\ueafd\ueafe",
            "\ueb01\ueb02\ueb03\ueb04\ueb05",
            "\ueb06\ueb07\ueb08\ueb09\ueb0a"
         ]
      },
      {
         "type": "bitmap",
         "file": "craftadia:clover.png",
         "ascent": 9,
         "height": 12,
         "chars": [
            "\ueab1"
         ]
      },
      {
        "type": "bitmap",
        "file": "craftadia:vader.png",
        "ascent": 9,
        "height": 12,
        "chars": [
           "\ueab3"
        ]
     },
     {
        "type": "bitmap",
        "file": "craftadia:cake.png",
        "ascent": 9,
        "height": 12,
        "chars": [
           "\ueab4"
        ]
     },
     {
        "type": "bitmap",
        "file": "craftadia:summer.png",
        "ascent": 9,
        "height": 12,
        "chars": [
           "\ueab5"
        ]
     },
     {
        "type": "bitmap",
        "file": "craftadia:fire.png",
        "ascent": 9,
        "height": 12,
        "chars": [
           "\ueab6"
        ]
     },
      {
        "type": "bitmap",
        "file": "craftadia:rabbit.png",
        "ascent": 9,
        "height": 12,
        "chars": [
           "\ueab2"
        ]
     },
      {
        "type": "bitmap",
        "file": "craftadia:logo.png",
        "ascent": 10,
        "height": 48,
        "chars": [
           "\ueab7"
        ]
     },
      {
        "type": "bitmap",
        "file": "craftadia:pumpkin.png",
        "ascent": 9,
        "height": 12,
        "chars": [
           "\ueab8"
        ]
     },
      {
        "type": "bitmap",
        "file": "craftadia:speech.png",
        "ascent": 9,
        "height": 12,
        "chars": [
           "\ueab9"
        ]
     },
      {
         "type": "bitmap",
         "file": "craftadia:skills_iconbar_concept.png",
         "ascent": -2.5,
         "height": 6,
         "chars": [
            "\ud101\ud201\ud301\ud401\ud501",
            "\ud102\ud202\ud302\ud402\ud502",
            "\ud103\ud203\ud303\ud403\ud503",
            "\ud104\ud204\ud304\ud404\ud504",
            "\ud105\ud205\ud305\ud405\ud505",
            "\ud106\ud206\ud306\ud406\ud506",
            "\ud107\ud207\ud307\ud407\ud507",
            "\ud108\ud208\ud308\ud408\ud508",
            "\ud109\ud209\ud309\ud409\ud509",
            "\ud10a\ud20a\ud30a\ud40a\ud50a",
            "\ud10b\ud20b\ud30b\ud40b\ud50b",
            "\ud10c\ud20c\ud30c\ud40c\ud50c",
            "\ud10d\ud20d\ud30d\ud40d\ud50d",
            "\ud10e\ud20e\ud30e\ud40e\ud50e",
            "\ud10f\ud20f\ud30f\ud40f\ud50f",
            "\ud111\ud211\ud311\ud411\ud511",
            "\ud112\ud212\ud312\ud412\ud512",
            "\ud113\ud213\ud313\ud413\ud513",
            "\ud114\ud214\ud314\ud414\ud514",
            "\ud115\ud215\ud315\ud415\ud515",
            "\ud116\ud216\ud316\ud416\ud516",
            "\ud117\ud217\ud317\ud417\ud517",
            "\ud118\ud218\ud318\ud418\ud518",
            "\ud119\ud219\ud319\ud419\ud519",
            "\ud11a\ud21a\ud31a\ud41a\ud51a",
            "\ud11b\ud21b\ud31b\ud41b\ud51b",
            "\ud11c\ud21c\ud31c\ud41c\ud51c",
            "\ud11d\ud21d\ud31d\ud41d\ud51d",
            "\ud11e\ud21e\ud31e\ud41e\ud51e",
            "\ud11f\ud21f\ud31f\ud41f\ud51f",
            "\ud121\ud221\ud321\ud421\ud521",
            "\ud122\ud222\ud322\ud422\ud522",
            "\ud123\ud223\ud323\ud423\ud523",
            "\ud124\ud224\ud324\ud424\ud524",
            "\ud125\ud225\ud325\ud425\ud525",
            "\ud126\ud226\ud326\ud426\ud526",
            "\ud127\ud227\ud327\ud427\ud527",
            "\ud128\ud228\ud328\ud428\ud528",
            "\ud129\ud229\ud329\ud429\ud529",
            "\ud12a\ud22a\ud32a\ud42a\ud52a",
            "\ud12b\ud22b\ud32b\ud42b\ud52b",
            "\ud12c\ud22c\ud32c\ud42c\ud52c"
         ]
      },
      {
         "type": "bitmap",
         "file": "custom/ui/pixel.png",
         "ascent": -32768,
         "height": -4,
         "chars": [
             "\uF802"
         ]
     },
     {
         "type": "bitmap",
         "file": "custom/ui/pixel.png",
         "ascent": -32768,
         "height": -5,
         "chars": [
             "\uF803"
         ]
     },
     {
         "type": "bitmap",
         "file": "custom/ui/pixel.png",
         "ascent": -32768,
         "height": -6,
         "chars": [
             "\uF804"
         ]
     },
     {
         "type": "bitmap",
         "file": "custom/ui/pixel.png",
         "ascent": -32768,
         "height": -7,
         "chars": [
             "\uF805"
         ]
     },
     {
         "type": "bitmap",
         "file": "custom/ui/pixel.png",
         "ascent": -32768,
         "height": -8,
         "chars": [
             "\uF806"
         ]
     },
     {
         "type": "bitmap",
         "file": "custom/ui/pixel.png",
         "ascent": -32768,
         "height": -9,
         "chars": [
             "\uF807"
         ]
     },
     {
         "type": "bitmap",
         "file": "custom/ui/pixel.png",
         "ascent": -32768,
         "height": -10,
         "chars": [
             "\uF808"
         ]
     },
     {
         "type": "bitmap",
         "file": "custom/ui/pixel.png",
         "ascent": -32768,
         "height": -18,
         "chars": [
             "\uF809"
         ]
     },
     {
         "type": "bitmap",
         "file": "custom/ui/pixel.png",
         "ascent": -32768,
         "height": -34,
         "chars": [
             "\uF80A"
         ]
     },
     {
         "type": "bitmap",
         "file": "custom/ui/pixel.png",
         "ascent": -32768,
         "height": -66,
         "chars": [
             "\uF80B"
         ]
     },
     {
         "type": "bitmap",
         "file": "custom/ui/pixel.png",
         "ascent": -32768,
         "height": -130,
         "chars": [
             "\uF80C"
         ]
     },
     {
         "type": "bitmap",
         "file": "custom/ui/pixel.png",
         "ascent": -32768,
         "height": -258,
         "chars": [
             "\uF80D"
         ]
     },
     {
         "type": "bitmap",
         "file": "custom/ui/pixel.png",
         "ascent": -32768,
         "height": -514,
         "chars": [
             "\uF80E"
         ]
     },
     {
         "type": "bitmap",
         "file": "custom/ui/pixel.png",
         "ascent": -32768,
         "height": -1026,
         "chars": [
             "\uF80F"
         ]
     },
     {
         "type": "bitmap",
         "file": "custom/ui/pixel.png",
         "ascent": -32768,
         "height": 0,
         "chars": [
             "\uF821"
         ]
     },
     {
         "type": "bitmap",
         "file": "custom/ui/pixel.png",
         "ascent": -32768,
         "height": 1,
         "chars": [
             "\uF822"
         ]
     },
     {
         "type": "bitmap",
         "file": "custom/ui/pixel.png",
         "ascent": -32768,
         "height": 2,
         "chars": [
             "\uF823"
         ]
     },
     {
         "type": "bitmap",
         "file": "custom/ui/pixel.png",
         "ascent": -32768,
         "height": 3,
         "chars": [
             "\uF824"
         ]
     },
     {
         "type": "bitmap",
         "file": "custom/ui/pixel.png",
         "ascent": -32768,
         "height": 4,
         "chars": [
             "\uF825"
         ]
     },
     {
         "type": "bitmap",
         "file": "custom/ui/pixel.png",
         "ascent": -32768,
         "height": 5,
         "chars": [
             "\uF826"
         ]
     },
     {
         "type": "bitmap",
         "file": "custom/ui/pixel.png",
         "ascent": -32768,
         "height": 6,
         "chars": [
             "\uF827"
         ]
     },
     {
         "type": "bitmap",
         "file": "custom/ui/pixel.png",
         "ascent": -32768,
         "height": 7,
         "chars": [
             "\uF828"
         ]
     },
     {
         "type": "bitmap",
         "file": "custom/ui/pixel.png",
         "ascent": -32768,
         "height": 15,
         "chars": [
             "\uF829"
         ]
     },
     {
         "type": "bitmap",
         "file": "custom/ui/pixel.png",
         "ascent": -32768,
         "height": 31,
         "chars": [
             "\uF82A"
         ]
     },
     {
         "type": "bitmap",
         "file": "custom/ui/pixel.png",
         "ascent": -32768,
         "height": 63,
         "chars": [
             "\uF82B"
         ]
     },
     {
         "type": "bitmap",
         "file": "custom/ui/pixel.png",
         "ascent": -32768,
         "height": 127,
         "chars": [
             "\uF82C"
         ]
     },
     {
         "type": "bitmap",
         "file": "custom/ui/pixel.png",
         "ascent": -32768,
         "height": 255,
         "chars": [
             "\uF82D"
         ]
     },
     {
         "type": "bitmap",
         "file": "custom/ui/pixel.png",
         "ascent": -32768,
         "height": 511,
         "chars": [
             "\uF82E"
         ]
     },
     {
         "type": "bitmap",
         "file": "custom/ui/pixel.png",
         "ascent": -32768,
         "height": 1023,
         "chars": [
             "\uF82F"
         ]
     },
     {
         "type": "bitmap",
         "file": "custom/ui/pixel.png",
         "ascent": -32770,
         "height": -32770,
         "chars": [
             "\uF800"
         ]
     },
     {
         "type": "bitmap",
         "file": "custom/ui/pixel.png",
         "ascent": -32768,
         "height": 32767,
         "chars": [
             "\uF820"
         ]
     }
   ]
}