{
	"credit": "Made with Blockbench",
	"texture_size": [32, 32],
	"textures": {
		"1": "craftadia/hats/bear_hat"
	},
	"elements": [
		{
			"name": "body",
			"from": [4, 12, 7],
			"to": [10, 18, 11],
			"rotation": {"angle": 0, "axis": "y", "origin": [7, 12, 7]},
			"faces": {
				"north": {"uv": [2, 2, 5, 5], "texture": "#1"},
				"east": {"uv": [0, 2, 2, 5], "texture": "#1"},
				"south": {"uv": [7, 2, 10, 5], "texture": "#1"},
				"west": {"uv": [5, 2, 7, 5], "texture": "#1"},
				"up": {"uv": [5, 2, 2, 0], "texture": "#1"},
				"down": {"uv": [8, 0, 5, 2], "texture": "#1"}
			}
		},
		{
			"name": "body",
			"from": [6, 12, 11],
			"to": [8, 14, 12],
			"rotation": {"angle": 0, "axis": "y", "origin": [7, 12, 7]},
			"faces": {
				"north": {"uv": [0.5, 13, 1.5, 14], "texture": "#1"},
				"east": {"uv": [0, 13, 0.5, 14], "texture": "#1"},
				"south": {"uv": [2, 13, 3, 14], "texture": "#1"},
				"west": {"uv": [1.5, 13, 2, 14], "texture": "#1"},
				"up": {"uv": [1.5, 13, 0.5, 12.5], "texture": "#1"},
				"down": {"uv": [2.5, 12.5, 1.5, 13], "texture": "#1"}
			}
		},
		{
			"name": "body",
			"from": [4.5, 18, 7],
			"to": [9.5, 22, 11],
			"rotation": {"angle": 0, "axis": "y", "origin": [7, 12, 7]},
			"faces": {
				"north": {"uv": [2, 7, 4.5, 9], "texture": "#1"},
				"east": {"uv": [0, 7, 2, 9], "texture": "#1"},
				"south": {"uv": [6.5, 7, 9, 9], "texture": "#1"},
				"west": {"uv": [4.5, 7, 6.5, 9], "texture": "#1"},
				"up": {"uv": [4.5, 7, 2, 5], "texture": "#1"},
				"down": {"uv": [7, 5, 4.5, 7], "texture": "#1"}
			}
		},
		{
			"name": "body",
			"from": [5.5, 18, 6],
			"to": [8.5, 20, 7],
			"rotation": {"angle": 0, "axis": "y", "origin": [7, 12, 7]},
			"faces": {
				"north": {"uv": [12, 2, 13.5, 3], "texture": "#1"},
				"east": {"uv": [11.5, 2, 12, 3], "texture": "#1"},
				"south": {"uv": [14, 2, 15.5, 3], "texture": "#1"},
				"west": {"uv": [13.5, 2, 14, 3], "texture": "#1"},
				"up": {"uv": [13.5, 2, 12, 1.5], "texture": "#1"},
				"down": {"uv": [15, 1.5, 13.5, 2], "texture": "#1"}
			}
		},
		{
			"name": "RTear",
			"from": [4, 21, 9],
			"to": [6, 23, 10],
			"shade": false,
			"rotation": {"angle": -22.5, "axis": "z", "origin": [7, 12, 7]},
			"faces": {
				"north": {"uv": [11.5, 12.5, 10.5, 13.5], "texture": "#1"},
				"east": {"uv": [12, 12.5, 11.5, 13.5], "texture": "#1"},
				"south": {"uv": [13, 12.5, 12, 13.5], "texture": "#1"},
				"west": {"uv": [10.5, 12.5, 10, 13.5], "texture": "#1"},
				"up": {"uv": [10.5, 12.5, 11.5, 12], "texture": "#1"},
				"down": {"uv": [11.5, 12, 12.5, 12.5], "texture": "#1"}
			}
		},
		{
			"name": "LTear",
			"from": [8, 21, 9],
			"to": [10, 23, 10],
			"rotation": {"angle": 22.5, "axis": "z", "origin": [7, 12, 7]},
			"faces": {
				"north": {"uv": [12.5, 0.5, 13.5, 1.5], "texture": "#1"},
				"east": {"uv": [12, 0.5, 12.5, 1.5], "texture": "#1"},
				"south": {"uv": [14, 0.5, 15, 1.5], "texture": "#1"},
				"west": {"uv": [13.5, 0.5, 14, 1.5], "texture": "#1"},
				"up": {"uv": [13.5, 0.5, 12.5, 0], "texture": "#1"},
				"down": {"uv": [14.5, 0, 13.5, 0.5], "texture": "#1"}
			}
		},
		{
			"name": "heart",
			"from": [8, 15, 6],
			"to": [10, 18, 7],
			"rotation": {"angle": 0, "axis": "y", "origin": [7, 12, 7]},
			"faces": {
				"north": {"uv": [10.5, 10.5, 11.5, 12], "texture": "#1"},
				"east": {"uv": [10, 10.5, 10.5, 12], "texture": "#1"},
				"south": {"uv": [12, 10.5, 13, 12], "texture": "#1"},
				"west": {"uv": [11.5, 10.5, 12, 12], "texture": "#1"},
				"up": {"uv": [11.5, 10.5, 10.5, 10], "texture": "#1"},
				"down": {"uv": [12.5, 10, 11.5, 10.5], "texture": "#1"}
			}
		},
		{
			"name": "heart",
			"from": [4, 15, 6],
			"to": [6, 18, 7],
			"rotation": {"angle": 0, "axis": "y", "origin": [7, 12, 7]},
			"faces": {
				"north": {"uv": [8.5, 0.5, 9.5, 2], "texture": "#1"},
				"east": {"uv": [8, 0.5, 8.5, 2], "texture": "#1"},
				"south": {"uv": [10, 0.5, 11, 2], "texture": "#1"},
				"west": {"uv": [9.5, 0.5, 10, 2], "texture": "#1"},
				"up": {"uv": [9.5, 0.5, 8.5, 0], "texture": "#1"},
				"down": {"uv": [10.5, 0, 9.5, 0.5], "texture": "#1"}
			}
		},
		{
			"name": "heart",
			"from": [5, 14, 6],
			"to": [9, 15, 7],
			"rotation": {"angle": 0, "axis": "y", "origin": [7, 12, 7]},
			"faces": {
				"north": {"uv": [7.5, 6.5, 9.5, 7], "texture": "#1"},
				"east": {"uv": [7, 6.5, 7.5, 7], "texture": "#1"},
				"south": {"uv": [10, 6.5, 12, 7], "texture": "#1"},
				"west": {"uv": [9.5, 6.5, 10, 7], "texture": "#1"},
				"up": {"uv": [9.5, 6.5, 7.5, 6], "texture": "#1"},
				"down": {"uv": [11.5, 6, 9.5, 6.5], "texture": "#1"}
			}
		},
		{
			"name": "heart",
			"from": [6, 13, 6],
			"to": [8, 14, 7],
			"rotation": {"angle": 0, "axis": "y", "origin": [7, 12, 7]},
			"faces": {
				"north": {"uv": [12.5, 6.5, 13.5, 7], "texture": "#1"},
				"east": {"uv": [12, 6.5, 12.5, 7], "texture": "#1"},
				"south": {"uv": [14, 6.5, 15, 7], "texture": "#1"},
				"west": {"uv": [13.5, 6.5, 14, 7], "texture": "#1"},
				"up": {"uv": [13.5, 6.5, 12.5, 6], "texture": "#1"},
				"down": {"uv": [14.5, 6, 13.5, 6.5], "texture": "#1"}
			}
		},
		{
			"name": "heart",
			"from": [6, 15, 6],
			"to": [8, 17, 7],
			"rotation": {"angle": 0, "axis": "y", "origin": [7, 12, 7]},
			"faces": {
				"north": {"uv": [4, 9.5, 5, 10.5], "texture": "#1"},
				"east": {"uv": [3.5, 9.5, 4, 10.5], "texture": "#1"},
				"south": {"uv": [5.5, 9.5, 6.5, 10.5], "texture": "#1"},
				"west": {"uv": [5, 9.5, 5.5, 10.5], "texture": "#1"},
				"up": {"uv": [5, 9.5, 4, 9], "texture": "#1"},
				"down": {"uv": [6, 9, 5, 9.5], "texture": "#1"}
			}
		},
		{
			"name": "RTarm",
			"from": [10, 14, 5],
			"to": [12, 18, 8],
			"rotation": {"angle": 22.5, "axis": "x", "origin": [7, 12, 7]},
			"faces": {
				"north": {"uv": [6.5, 11.5, 7.5, 13.5], "texture": "#1"},
				"east": {"uv": [5, 11.5, 6.5, 13.5], "texture": "#1"},
				"south": {"uv": [9, 11.5, 10, 13.5], "texture": "#1"},
				"west": {"uv": [7.5, 11.5, 9, 13.5], "texture": "#1"},
				"up": {"uv": [7.5, 11.5, 6.5, 10], "texture": "#1"},
				"down": {"uv": [8.5, 10, 7.5, 11.5], "texture": "#1"}
			}
		},
		{
			"name": "LTarm",
			"from": [2, 14, 5],
			"to": [4, 18, 8],
			"rotation": {"angle": 22.5, "axis": "x", "origin": [7, 12, 7]},
			"faces": {
				"north": {"uv": [1.5, 10.5, 2.5, 12.5], "texture": "#1"},
				"east": {"uv": [0, 10.5, 1.5, 12.5], "texture": "#1"},
				"south": {"uv": [4, 10.5, 5, 12.5], "texture": "#1"},
				"west": {"uv": [2.5, 10.5, 4, 12.5], "texture": "#1"},
				"up": {"uv": [2.5, 10.5, 1.5, 9], "texture": "#1"},
				"down": {"uv": [3.5, 9, 2.5, 10.5], "texture": "#1"}
			}
		},
		{
			"name": "RTleg",
			"from": [7, 12, 4],
			"to": [10, 14, 8],
			"rotation": {"angle": -22.5, "axis": "y", "origin": [7, 12, 7]},
			"faces": {
				"north": {"uv": [10, 5, 11.5, 6], "texture": "#1"},
				"east": {"uv": [8, 5, 10, 6], "texture": "#1"},
				"south": {"uv": [13.5, 5, 15, 6], "texture": "#1"},
				"west": {"uv": [11.5, 5, 13.5, 6], "texture": "#1"},
				"up": {"uv": [11.5, 5, 10, 3], "texture": "#1"},
				"down": {"uv": [13, 3, 11.5, 5], "texture": "#1"}
			}
		},
		{
			"name": "LTleg",
			"from": [4, 12, 4],
			"to": [7, 14, 8],
			"rotation": {"angle": 22.5, "axis": "y", "origin": [7, 12, 7]},
			"faces": {
				"north": {"uv": [9, 9, 10.5, 10], "texture": "#1"},
				"east": {"uv": [7, 9, 9, 10], "texture": "#1"},
				"south": {"uv": [12.5, 9, 14, 10], "texture": "#1"},
				"west": {"uv": [10.5, 9, 12.5, 10], "texture": "#1"},
				"up": {"uv": [10.5, 9, 9, 7], "texture": "#1"},
				"down": {"uv": [12, 7, 10.5, 9], "texture": "#1"}
			}
		}
	],
	"display": {
		"gui": {
			"rotation": [16.25, 155.75, 0],
			"translation": [-1, -10.75, 0],
			"scale": [1.2, 1.2, 1.2]
		},
		"head": {
			"translation": [1, 1.5, 0],
			"scale": [1.2, 1.2, 1.2]
		}
	},
	"groups": [
		{
			"name": "head",
			"origin": [0, 12, -1],
			"children": [
				{
					"name": "body",
					"origin": [0, 12, -1],
					"children": [0, 1, 2, 3]
				},
				{
					"name": "RTear",
					"origin": [3, 21, 2],
					"children": [4]
				},
				{
					"name": "LTear",
					"origin": [-3, 21, 2],
					"children": [5]
				},
				{
					"name": "heart",
					"origin": [0, 12, -1],
					"children": [6, 7, 8, 9, 10]
				},
				{
					"name": "RTarm",
					"origin": [3, 17, 2],
					"children": [11]
				},
				{
					"name": "LTarm",
					"origin": [-3, 17, 2],
					"children": [12]
				},
				{
					"name": "RTleg",
					"origin": [2, 12, 0],
					"children": [13]
				},
				{
					"name": "LTleg",
					"origin": [-2, 12, 0],
					"children": [14]
				}
			]
		}
	]
}