{
	"credit": "Made with Blockbench",
	"texture_size": [64, 64],
	"textures": {
		"0": "craftadia/hats/birdhouse",
		"particle": "craftadia/hats/birdhouse"
	},
	"elements": [
		{
			"from": [2, 0, 2],
			"to": [14, 1, 14],
			"faces": {
				"north": {"uv": [3, 3, 6, 3.25], "texture": "#0"},
				"east": {"uv": [0, 3, 3, 3.25], "texture": "#0"},
				"south": {"uv": [9, 3, 12, 3.25], "texture": "#0"},
				"west": {"uv": [6, 3, 9, 3.25], "texture": "#0"},
				"up": {"uv": [6, 3, 3, 0], "texture": "#0"},
				"down": {"uv": [9, 0, 6, 3], "texture": "#0"}
			}
		},
		{
			"from": [3, 1, 3],
			"to": [4, 9.25, 13],
			"faces": {
				"north": {"uv": [12, 3.25, 12.25, 5.25], "texture": "#0"},
				"east": {"uv": [9.5, 3.25, 12, 5.25], "texture": "#0"},
				"south": {"uv": [14.75, 3.25, 15, 5.25], "texture": "#0"},
				"west": {"uv": [12.25, 3.25, 14.75, 5.25], "texture": "#0"},
				"up": {"uv": [12.25, 3.25, 12, 0.75], "texture": "#0"},
				"down": {"uv": [12.5, 0.75, 12.25, 3.25], "texture": "#0"}
			}
		},
		{
			"from": [12, 1, 3],
			"to": [13, 9.25, 13],
			"faces": {
				"north": {"uv": [10, 10, 10.25, 12], "texture": "#0"},
				"east": {"uv": [7.5, 10, 10, 12], "texture": "#0"},
				"south": {"uv": [12.75, 10, 13, 12], "texture": "#0"},
				"west": {"uv": [10.25, 10, 12.75, 12], "texture": "#0"},
				"up": {"uv": [10.25, 10, 10, 7.5], "texture": "#0"},
				"down": {"uv": [10.5, 7.5, 10.25, 10], "texture": "#0"}
			}
		},
		{
			"from": [4, 1, 12],
			"to": [12, 10.625, 13],
			"faces": {
				"north": {"uv": [10.75, 5.5, 12.75, 7.75], "texture": "#0"},
				"east": {"uv": [10.5, 5.5, 10.75, 7.75], "texture": "#0"},
				"south": {"uv": [13, 5.5, 15, 7.75], "texture": "#0"},
				"west": {"uv": [12.75, 5.5, 13, 7.75], "texture": "#0"},
				"up": {"uv": [12.75, 5.5, 10.75, 5.25], "texture": "#0"},
				"down": {"uv": [14.75, 5.25, 12.75, 5.5], "texture": "#0"}
			}
		},
		{
			"from": [4, 1, 3],
			"to": [12, 10.625, 4],
			"faces": {
				"north": {"uv": [0.25, 10, 2.25, 12.25], "texture": "#0"},
				"east": {"uv": [0, 10, 0.25, 12.25], "texture": "#0"},
				"south": {"uv": [2.5, 10, 4.5, 12.25], "texture": "#0"},
				"west": {"uv": [2.25, 10, 2.5, 12.25], "texture": "#0"},
				"up": {"uv": [2.25, 10, 0.25, 9.75], "texture": "#0"},
				"down": {"uv": [4.25, 9.75, 2.25, 10], "texture": "#0"}
			}
		},
		{
			"from": [1, 8, 2],
			"to": [10.75, 9, 14],
			"rotation": {"angle": 45, "axis": "z", "origin": [2.5, 8.5, 9.5]},
			"faces": {
				"north": {"uv": [3, 6.25, 5.25, 6.5], "texture": "#0"},
				"east": {"uv": [0, 6.25, 3, 6.5], "texture": "#0"},
				"south": {"uv": [8.25, 6.25, 10.5, 6.5], "texture": "#0"},
				"west": {"uv": [5.25, 6.25, 8.25, 6.5], "texture": "#0"},
				"up": {"uv": [5.25, 6.25, 3, 3.25], "texture": "#0"},
				"down": {"uv": [7.5, 3.25, 5.25, 6.25], "texture": "#0"}
			}
		},
		{
			"from": [6.19185, 7.95581, 2],
			"to": [15.00435, 8.95581, 14],
			"rotation": {"angle": -45, "axis": "z", "origin": [13.50435, 8.45581, 9.5]},
			"faces": {
				"north": {"uv": [3, 9.5, 5, 9.75], "texture": "#0"},
				"east": {"uv": [0, 9.5, 3, 9.75], "texture": "#0"},
				"south": {"uv": [8, 9.5, 10, 9.75], "texture": "#0"},
				"west": {"uv": [5, 9.5, 8, 9.75], "texture": "#0"},
				"up": {"uv": [5, 9.5, 3, 6.5], "texture": "#0"},
				"down": {"uv": [7, 6.5, 5, 9.5], "texture": "#0"}
			}
		},
		{
			"from": [5.3125, 10.625, 12],
			"to": [10.625, 11.875, 13],
			"faces": {
				"north": {"uv": [0.25, 4, 1.5, 4.25], "texture": "#0"},
				"east": {"uv": [0, 4, 0.25, 4.25], "texture": "#0"},
				"south": {"uv": [1.75, 4, 3, 4.25], "texture": "#0"},
				"west": {"uv": [1.5, 4, 1.75, 4.25], "texture": "#0"},
				"up": {"uv": [1.5, 4, 0.25, 3.75], "texture": "#0"},
				"down": {"uv": [2.75, 3.75, 1.5, 4], "texture": "#0"}
			}
		},
		{
			"from": [5.25, 10.625, 3],
			"to": [10.625, 11.875, 4],
			"faces": {
				"north": {"uv": [0.25, 3.5, 1.5, 3.75], "texture": "#0"},
				"east": {"uv": [0, 3.5, 0.25, 3.75], "texture": "#0"},
				"south": {"uv": [1.75, 3.5, 3, 3.75], "texture": "#0"},
				"west": {"uv": [1.5, 3.5, 1.75, 3.75], "texture": "#0"},
				"up": {"uv": [1.5, 3.5, 0.25, 3.25], "texture": "#0"},
				"down": {"uv": [2.75, 3.25, 1.5, 3.5], "texture": "#0"}
			}
		},
		{
			"from": [6.5625, 11.875, 3],
			"to": [9.375, 13.25, 4],
			"faces": {
				"north": {"uv": [0.25, 6, 0.75, 6.25], "texture": "#0"},
				"east": {"uv": [0, 6, 0.25, 6.25], "texture": "#0"},
				"south": {"uv": [1, 6, 1.5, 6.25], "texture": "#0"},
				"west": {"uv": [0.75, 6, 1, 6.25], "texture": "#0"},
				"up": {"uv": [0.75, 6, 0.25, 5.75], "texture": "#0"},
				"down": {"uv": [1.25, 5.75, 0.75, 6], "texture": "#0"}
			}
		},
		{
			"from": [6.5625, 11.875, 12],
			"to": [9.375, 13.25, 13],
			"faces": {
				"north": {"uv": [1.75, 5.5, 2.25, 5.75], "texture": "#0"},
				"east": {"uv": [1.5, 5.5, 1.75, 5.75], "texture": "#0"},
				"south": {"uv": [2.5, 5.5, 3, 5.75], "texture": "#0"},
				"west": {"uv": [2.25, 5.5, 2.5, 5.75], "texture": "#0"},
				"up": {"uv": [2.25, 5.5, 1.75, 5.25], "texture": "#0"},
				"down": {"uv": [2.75, 5.25, 2.25, 5.5], "texture": "#0"}
			}
		},
		{
			"from": [10, 9, 9],
			"to": [12, 15, 11],
			"faces": {
				"north": {"uv": [0.5, 0.5, 1, 2], "texture": "#0"},
				"east": {"uv": [0, 0.5, 0.5, 2], "texture": "#0"},
				"south": {"uv": [1.5, 0.5, 2, 2], "texture": "#0"},
				"west": {"uv": [1, 0.5, 1.5, 2], "texture": "#0"},
				"up": {"uv": [1, 0.5, 0.5, 0], "texture": "#0"},
				"down": {"uv": [1.5, 0, 1, 0.5], "texture": "#0"}
			}
		},
		{
			"from": [7.5, 3, 12.75],
			"to": [8.5, 4, 15.75],
			"faces": {
				"north": {"uv": [0.75, 5, 1, 5.25], "texture": "#0"},
				"east": {"uv": [0, 5, 0.75, 5.25], "texture": "#0"},
				"south": {"uv": [1.75, 5, 2, 5.25], "texture": "#0"},
				"west": {"uv": [1, 5, 1.75, 5.25], "texture": "#0"},
				"up": {"uv": [1, 5, 0.75, 4.25], "texture": "#0"},
				"down": {"uv": [1.25, 4.25, 1, 5], "texture": "#0"}
			}
		},
		{
			"from": [5.06066, 4.2929, 12],
			"to": [7.06066, 5.2929, 13.75],
			"rotation": {"angle": 45, "axis": "z", "origin": [5, 5.5, 13]},
			"faces": {
				"north": {"uv": [1.75, 0.25, 2.25, 0.5], "texture": "#0"},
				"east": {"uv": [1.5, 0.25, 1.75, 0.5], "texture": "#0"},
				"south": {"uv": [2.5, 0.25, 3, 0.5], "texture": "#0"},
				"west": {"uv": [2.25, 0.25, 2.5, 0.5], "texture": "#0"},
				"up": {"uv": [2.25, 0.25, 1.75, 0], "texture": "#0"},
				"down": {"uv": [2.75, 0, 2.25, 0.25], "texture": "#0"}
			}
		},
		{
			"from": [8.93934, 4.2929, 12],
			"to": [10.93934, 5.2929, 13.75],
			"rotation": {"angle": -45, "axis": "z", "origin": [11, 5.5, 13]},
			"faces": {
				"north": {"uv": [1.5, 4.5, 2, 4.75], "texture": "#0"},
				"east": {"uv": [1.25, 4.5, 1.5, 4.75], "texture": "#0"},
				"south": {"uv": [2.25, 4.5, 2.75, 4.75], "texture": "#0"},
				"west": {"uv": [2, 4.5, 2.25, 4.75], "texture": "#0"},
				"up": {"uv": [2, 4.5, 1.5, 4.25], "texture": "#0"},
				"down": {"uv": [2.5, 4.25, 2, 4.5], "texture": "#0"}
			}
		},
		{
			"from": [7, 5, 13.5],
			"to": [9, 6, 15.5],
			"faces": {
				"north": {"uv": [0.25, 5.5, 0.75, 5.75], "texture": "#0"},
				"east": {"uv": [0, 5.5, 0.25, 5.75], "texture": "#0"},
				"south": {"uv": [1, 5.5, 1.5, 5.75], "texture": "#0"},
				"west": {"uv": [0.75, 5.5, 1, 5.75], "texture": "#0"},
				"up": {"uv": [0.75, 5.5, 0.25, 5.25], "texture": "#0"},
				"down": {"uv": [1.25, 5.25, 0.75, 5.5], "texture": "#0"}
			}
		},
		{
			"from": [6.5, 4.5, 12.5],
			"to": [9.5, 7.5, 14.75],
			"faces": {
				"north": {"uv": [0.25, 2.25, 1.25, 3], "texture": "#0"},
				"east": {"uv": [0, 2.25, 0.25, 3], "texture": "#0"},
				"south": {"uv": [1.5, 2.25, 2.5, 3], "texture": "#0"},
				"west": {"uv": [1.25, 2.25, 1.5, 3], "texture": "#0"},
				"up": {"uv": [1.25, 2.25, 0.25, 2], "texture": "#0"},
				"down": {"uv": [2.25, 2, 1.25, 2.25], "texture": "#0"}
			}
		}
	],
	"display": {
		"thirdperson_righthand": {
			"rotation": [75, -163, 0],
			"scale": [0.5, 0.5, 0.5]
		},
		"thirdperson_lefthand": {
			"rotation": [75, -163, 0],
			"scale": [0.5, 0.5, 0.5]
		},
		"firstperson_righthand": {
			"scale": [0.65, 0.65, 0.65]
		},
		"firstperson_lefthand": {
			"scale": [0.65, 0.65, 0.65]
		},
		"ground": {
			"translation": [0, 1.75, 0],
			"scale": [0.7, 0.7, 0.7]
		},
		"gui": {
			"rotation": [0, -25, 0]
		},
		"head": {
			"rotation": [0, -180, 0],
			"translation": [0, 14.25, 0]
		},
		"fixed": {
			"rotation": [0, -180, 0]
		}
	}
}