{
	"credit": "Model by Samuel McLaughlin with Blockbench ",
	"texture_size": [64, 64],
	"textures": {
		"0": "craftadia/hats/cake_hat",
		"particle": "craftadia/hats/cake_hat"
	},
	"elements": [
		{
			"from": [1, 0.025, 1],
			"to": [15, 4.025, 15],
			"rotation": {"angle": 0, "axis": "y", "origin": [8, 9.025, 8]},
			"faces": {
				"north": {"uv": [10.75, 2, 14.25, 3], "texture": "#0"},
				"east": {"uv": [10.75, 2, 14.25, 3], "texture": "#0"},
				"south": {"uv": [10.75, 2, 14.25, 3], "texture": "#0"},
				"west": {"uv": [10.75, 2, 14.25, 3], "texture": "#0"},
				"up": {"uv": [7.5, 7.5, 4, 4], "texture": "#0"}
			}
		},
		{
			"from": [15, -3.975, 7],
			"to": [16, 0.025, 8],
			"rotation": {"angle": 0, "axis": "y", "origin": [23, 9.025, 14]},
			"faces": {
				"north": {"uv": [11, 7.5, 11.25, 8.5], "texture": "#0"},
				"east": {"uv": [11, 8.5, 11.25, 9.5], "texture": "#0"},
				"south": {"uv": [11, 9.5, 11.25, 10.5], "texture": "#0"},
				"west": {"uv": [11.25, 11.25, 11.5, 12.25], "texture": "#0"},
				"up": {"uv": [1.75, 11.75, 1.5, 11.5], "texture": "#0"},
				"down": {"uv": [2, 11.5, 1.75, 11.75], "texture": "#0"}
			}
		},
		{
			"from": [8, -1.975, 15],
			"to": [9, 0.025, 16],
			"rotation": {"angle": 0, "axis": "y", "origin": [16, 9.025, 22]},
			"faces": {
				"north": {"uv": [11.25, 7.5, 11.5, 8], "texture": "#0"},
				"east": {"uv": [11.25, 8, 11.5, 8.5], "texture": "#0"},
				"south": {"uv": [11.25, 8.5, 11.5, 9], "texture": "#0"},
				"west": {"uv": [11.25, 9, 11.5, 9.5], "texture": "#0"},
				"up": {"uv": [2.25, 11.75, 2, 11.5], "texture": "#0"},
				"down": {"uv": [2.5, 11.5, 2.25, 11.75], "texture": "#0"}
			}
		},
		{
			"from": [0, -1.975, 6],
			"to": [1, 0.025, 7],
			"rotation": {"angle": 0, "axis": "y", "origin": [8, 9.025, 13]},
			"faces": {
				"north": {"uv": [11.25, 9.5, 11.5, 10], "texture": "#0"},
				"east": {"uv": [11.25, 10, 11.5, 10.5], "texture": "#0"},
				"south": {"uv": [11.25, 10.5, 11.5, 11], "texture": "#0"},
				"west": {"uv": [0, 11.5, 0.25, 12], "texture": "#0"},
				"up": {"uv": [2.75, 11.75, 2.5, 11.5], "texture": "#0"},
				"down": {"uv": [3, 11.5, 2.75, 11.75], "texture": "#0"}
			}
		},
		{
			"from": [0, 0.025, 0],
			"to": [16, 0.025, 16],
			"rotation": {"angle": 0, "axis": "y", "origin": [8, 9.025, 8]},
			"faces": {
				"north": {"uv": [0, 0, 4, 0], "texture": "#0"},
				"east": {"uv": [0, 0, 4, 0], "texture": "#0"},
				"south": {"uv": [0, 0, 4, 0], "texture": "#0"},
				"west": {"uv": [0, 0, 4, 0], "texture": "#0"},
				"up": {"uv": [4, 4, 0, 0], "texture": "#0"}
			}
		},
		{
			"from": [0, -6.975, 0],
			"to": [16, 0.025, 0],
			"rotation": {"angle": 0, "axis": "y", "origin": [8, 9.025, 8]},
			"faces": {
				"north": {"uv": [0, 9.75, 4, 11.5], "texture": "#0"},
				"east": {"uv": [0, 0, 0, 1.75], "texture": "#0"},
				"west": {"uv": [0, 0, 0, 1.75], "texture": "#0"},
				"up": {"uv": [0, 4, 0, 0], "rotation": 90, "texture": "#0"},
				"down": {"uv": [0, 0, 0, 4], "rotation": 270, "texture": "#0"}
			}
		},
		{
			"from": [1, 5.025, 1],
			"to": [15, 9.025, 15],
			"rotation": {"angle": 0, "axis": "y", "origin": [8, 9.025, 8]},
			"faces": {
				"north": {"uv": [4, 11, 7.5, 12], "texture": "#0"},
				"east": {"uv": [4, 11, 7.5, 12], "texture": "#0"},
				"south": {"uv": [4, 11, 7.5, 12], "texture": "#0"},
				"west": {"uv": [4, 11, 7.5, 12], "texture": "#0"},
				"up": {"uv": [7.5, 11, 4, 7.5], "texture": "#0"},
				"down": {"uv": [11, 7.5, 7.5, 11], "texture": "#0"}
			}
		},
		{
			"from": [1.8, 8.425, 1.7],
			"to": [3.8, 10.425, 3.7],
			"rotation": {"angle": 45, "axis": "y", "origin": [2.8, 10.175, 2.7]},
			"faces": {
				"north": {"uv": [7.5, 11, 8, 11.5], "texture": "#0"},
				"east": {"uv": [8, 11, 8.5, 11.5], "texture": "#0"},
				"south": {"uv": [8.5, 11, 9, 11.5], "texture": "#0"},
				"west": {"uv": [9, 11, 9.5, 11.5], "texture": "#0"},
				"up": {"uv": [10, 11.5, 9.5, 11], "texture": "#0"},
				"down": {"uv": [10.5, 11, 10, 11.5], "texture": "#0"}
			}
		},
		{
			"from": [12.2, 7.85, 1.7],
			"to": [14.2, 9.85, 3.7],
			"rotation": {"angle": -45, "axis": "y", "origin": [13.2, 9.6, 2.7]},
			"faces": {
				"north": {"uv": [8, 11, 7.5, 11.5], "texture": "#0"},
				"east": {"uv": [9.5, 11, 9, 11.5], "texture": "#0"},
				"south": {"uv": [9, 11, 8.5, 11.5], "texture": "#0"},
				"west": {"uv": [8.5, 11, 8, 11.5], "texture": "#0"},
				"up": {"uv": [9.5, 11.5, 10, 11], "texture": "#0"},
				"down": {"uv": [10, 11, 10.5, 11.5], "texture": "#0"}
			}
		},
		{
			"from": [12.2, 8.15, 12.3],
			"to": [14.2, 10.15, 14.3],
			"rotation": {"angle": 45, "axis": "y", "origin": [13.2, 9.9, 13.3]},
			"faces": {
				"north": {"uv": [8.5, 11, 9, 11.5], "texture": "#0"},
				"east": {"uv": [9, 11, 9.5, 11.5], "texture": "#0"},
				"south": {"uv": [7.5, 11, 8, 11.5], "texture": "#0"},
				"west": {"uv": [8, 11, 8.5, 11.5], "texture": "#0"},
				"up": {"uv": [9.5, 11, 10, 11.5], "texture": "#0"},
				"down": {"uv": [10, 11.5, 10.5, 11], "texture": "#0"}
			}
		},
		{
			"from": [1.8, 8.175, 12.3],
			"to": [3.8, 10.175, 14.3],
			"rotation": {"angle": -45, "axis": "y", "origin": [2.8, 9.925, 13.3]},
			"faces": {
				"north": {"uv": [9, 11, 8.5, 11.5], "texture": "#0"},
				"east": {"uv": [8.5, 11, 8, 11.5], "texture": "#0"},
				"south": {"uv": [8, 11, 7.5, 11.5], "texture": "#0"},
				"west": {"uv": [9.5, 11, 9, 11.5], "texture": "#0"},
				"up": {"uv": [10, 11, 9.5, 11.5], "texture": "#0"},
				"down": {"uv": [10.5, 11.5, 10, 11], "texture": "#0"}
			}
		},
		{
			"from": [1.8, 8.75, 6.8],
			"to": [3.8, 10.75, 8.8],
			"rotation": {"angle": 0, "axis": "y", "origin": [2.8, 10.5, 7.8]},
			"faces": {
				"north": {"uv": [9.5, 11, 9, 11.5], "texture": "#0"},
				"east": {"uv": [9, 11, 8.5, 11.5], "texture": "#0"},
				"south": {"uv": [8.5, 11, 8, 11.5], "texture": "#0"},
				"west": {"uv": [8, 11, 7.5, 11.5], "texture": "#0"},
				"up": {"uv": [10, 11, 9.5, 11.5], "rotation": 90, "texture": "#0"},
				"down": {"uv": [10.5, 11.5, 10, 11], "rotation": 270, "texture": "#0"}
			}
		},
		{
			"from": [11.8, 8.625, 6.8],
			"to": [13.8, 10.625, 8.8],
			"rotation": {"angle": 0, "axis": "y", "origin": [12.8, 10.375, 7.8]},
			"faces": {
				"north": {"uv": [9.5, 11, 9, 11.5], "texture": "#0"},
				"east": {"uv": [9, 11, 8.5, 11.5], "texture": "#0"},
				"south": {"uv": [8.5, 11, 8, 11.5], "texture": "#0"},
				"west": {"uv": [8, 11, 7.5, 11.5], "texture": "#0"},
				"up": {"uv": [10, 11, 9.5, 11.5], "rotation": 90, "texture": "#0"},
				"down": {"uv": [10.5, 11.5, 10, 11], "rotation": 270, "texture": "#0"}
			}
		},
		{
			"from": [6.8, 8.5, 1.8],
			"to": [8.8, 10.5, 3.8],
			"rotation": {"angle": 0, "axis": "y", "origin": [7.8, 10.25, 2.8]},
			"faces": {
				"north": {"uv": [9, 11, 8.5, 11.5], "texture": "#0"},
				"east": {"uv": [8.5, 11, 8, 11.5], "texture": "#0"},
				"south": {"uv": [8, 11, 7.5, 11.5], "texture": "#0"},
				"west": {"uv": [9.5, 11, 9, 11.5], "texture": "#0"},
				"up": {"uv": [10, 11, 9.5, 11.5], "texture": "#0"},
				"down": {"uv": [10.5, 11.5, 10, 11], "texture": "#0"}
			}
		},
		{
			"from": [6.8, 8.475, 11.8],
			"to": [8.8, 10.475, 13.8],
			"rotation": {"angle": 0, "axis": "y", "origin": [7.8, 10.225, 12.8]},
			"faces": {
				"north": {"uv": [9, 11, 8.5, 11.5], "texture": "#0"},
				"east": {"uv": [8.5, 11, 8, 11.5], "texture": "#0"},
				"south": {"uv": [8, 11, 7.5, 11.5], "texture": "#0"},
				"west": {"uv": [9.5, 11, 9, 11.5], "texture": "#0"},
				"up": {"uv": [10, 11, 9.5, 11.5], "texture": "#0"},
				"down": {"uv": [10.5, 11.5, 10, 11], "texture": "#0"}
			}
		},
		{
			"from": [2.3, 10.425, 2.7],
			"to": [3.3, 11.425, 2.7],
			"rotation": {"angle": 45, "axis": "y", "origin": [2.8, 10.175, 2.7]},
			"faces": {
				"north": {"uv": [11.25, 11, 11.5, 11.25], "texture": "#0"},
				"east": {"uv": [0, 0, 0, 0.25], "texture": "#0"},
				"south": {"uv": [0.25, 11.5, 0.5, 11.75], "texture": "#0"},
				"west": {"uv": [0, 0, 0, 0.25], "texture": "#0"},
				"up": {"uv": [0.25, 0, 0, 0], "texture": "#0"},
				"down": {"uv": [0.25, 0, 0, 0], "texture": "#0"}
			}
		},
		{
			"from": [12.7, 9.85, 2.7],
			"to": [13.7, 10.85, 2.7],
			"rotation": {"angle": -45, "axis": "y", "origin": [13.2, 9.6, 2.7]},
			"faces": {
				"north": {"uv": [11.5, 11, 11.25, 11.25], "texture": "#0"},
				"east": {"uv": [0, 0, 0, 0.25], "texture": "#0"},
				"south": {"uv": [0.5, 11.5, 0.25, 11.75], "texture": "#0"},
				"west": {"uv": [0, 0, 0, 0.25], "texture": "#0"},
				"up": {"uv": [0, 0, 0.25, 0], "texture": "#0"},
				"down": {"uv": [0, 0, 0.25, 0], "texture": "#0"}
			}
		},
		{
			"from": [12.7, 10.15, 13.3],
			"to": [13.7, 11.15, 13.3],
			"rotation": {"angle": 45, "axis": "y", "origin": [13.2, 9.9, 13.3]},
			"faces": {
				"north": {"uv": [0.25, 11.5, 0.5, 11.75], "texture": "#0"},
				"east": {"uv": [0, 0, 0, 0.25], "texture": "#0"},
				"south": {"uv": [11.25, 11, 11.5, 11.25], "texture": "#0"},
				"west": {"uv": [0, 0, 0, 0.25], "texture": "#0"},
				"up": {"uv": [0, 0, 0.25, 0], "texture": "#0"},
				"down": {"uv": [0, 0, 0.25, 0], "texture": "#0"}
			}
		},
		{
			"from": [2.3, 10.175, 13.3],
			"to": [3.3, 11.175, 13.3],
			"rotation": {"angle": -45, "axis": "y", "origin": [2.8, 9.925, 13.3]},
			"faces": {
				"north": {"uv": [0.5, 11.5, 0.25, 11.75], "texture": "#0"},
				"east": {"uv": [0, 0, 0, 0.25], "texture": "#0"},
				"south": {"uv": [11.5, 11, 11.25, 11.25], "texture": "#0"},
				"west": {"uv": [0, 0, 0, 0.25], "texture": "#0"},
				"up": {"uv": [0.25, 0, 0, 0], "texture": "#0"},
				"down": {"uv": [0.25, 0, 0, 0], "texture": "#0"}
			}
		},
		{
			"from": [2.8, 10.75, 7.3],
			"to": [2.8, 11.75, 8.3],
			"rotation": {"angle": 0, "axis": "y", "origin": [2.8, 10.5, 7.8]},
			"faces": {
				"north": {"uv": [0, 0, 0, 0.25], "texture": "#0"},
				"east": {"uv": [0.5, 11.5, 0.25, 11.75], "texture": "#0"},
				"south": {"uv": [0, 0, 0, 0.25], "texture": "#0"},
				"west": {"uv": [11.5, 11, 11.25, 11.25], "texture": "#0"},
				"up": {"uv": [0.25, 0, 0, 0], "rotation": 90, "texture": "#0"},
				"down": {"uv": [0.25, 0, 0, 0], "rotation": 270, "texture": "#0"}
			}
		},
		{
			"from": [12.8, 10.625, 7.3],
			"to": [12.8, 11.625, 8.3],
			"rotation": {"angle": 0, "axis": "y", "origin": [12.8, 10.375, 7.8]},
			"faces": {
				"north": {"uv": [0, 0, 0, 0.25], "texture": "#0"},
				"east": {"uv": [0.5, 11.5, 0.25, 11.75], "texture": "#0"},
				"south": {"uv": [0, 0, 0, 0.25], "texture": "#0"},
				"west": {"uv": [11.5, 11, 11.25, 11.25], "texture": "#0"},
				"up": {"uv": [0.25, 0, 0, 0], "rotation": 90, "texture": "#0"},
				"down": {"uv": [0.25, 0, 0, 0], "rotation": 270, "texture": "#0"}
			}
		},
		{
			"from": [7.3, 10.5, 2.8],
			"to": [8.3, 11.5, 2.8],
			"rotation": {"angle": 0, "axis": "y", "origin": [7.8, 10.25, 2.8]},
			"faces": {
				"north": {"uv": [0.5, 11.5, 0.25, 11.75], "texture": "#0"},
				"east": {"uv": [0, 0, 0, 0.25], "texture": "#0"},
				"south": {"uv": [11.5, 11, 11.25, 11.25], "texture": "#0"},
				"west": {"uv": [0, 0, 0, 0.25], "texture": "#0"},
				"up": {"uv": [0.25, 0, 0, 0], "texture": "#0"},
				"down": {"uv": [0.25, 0, 0, 0], "texture": "#0"}
			}
		},
		{
			"from": [7.3, 10.475, 12.8],
			"to": [8.3, 11.475, 12.8],
			"rotation": {"angle": 0, "axis": "y", "origin": [7.8, 10.225, 12.8]},
			"faces": {
				"north": {"uv": [0.5, 11.5, 0.25, 11.75], "texture": "#0"},
				"east": {"uv": [0, 0, 0, 0.25], "texture": "#0"},
				"south": {"uv": [11.5, 11, 11.25, 11.25], "texture": "#0"},
				"west": {"uv": [0, 0, 0, 0.25], "texture": "#0"},
				"up": {"uv": [0.25, 0, 0, 0], "texture": "#0"},
				"down": {"uv": [0.25, 0, 0, 0], "texture": "#0"}
			}
		},
		{
			"from": [1.5, 4.025, 1],
			"to": [14.5, 5.025, 15],
			"rotation": {"angle": 0, "axis": "y", "origin": [8, 9.025, 7.5]},
			"faces": {
				"north": {"uv": [10.75, 6.25, 14.25, 6.5], "texture": "#0"},
				"east": {"uv": [10.75, 6.25, 14.25, 6.5], "texture": "#0"},
				"south": {"uv": [10.75, 6.25, 14.25, 6.5], "texture": "#0"},
				"west": {"uv": [10.75, 6.25, 14.25, 6.5], "texture": "#0"},
				"up": {"uv": [10.75, 3.25, 7.5, 0], "texture": "#0"},
				"down": {"uv": [10.75, 3.25, 7.5, 6.5], "texture": "#0"}
			}
		},
		{
			"from": [7, 9, 7],
			"to": [9, 15, 9],
			"rotation": {"angle": 0, "axis": "y", "origin": [15, 17, 15]},
			"faces": {
				"north": {"uv": [0, 12.75, 0.5, 14.25], "texture": "#0"},
				"east": {"uv": [0, 12.75, 0.5, 14.25], "texture": "#0"},
				"south": {"uv": [0, 12.75, 0.5, 14.25], "texture": "#0"},
				"west": {"uv": [0, 12.75, 0.5, 14.25], "texture": "#0"},
				"up": {"uv": [12.75, 7.75, 13.25, 8.25], "texture": "#0"},
				"down": {"uv": [0, 0, 0.5, 0.5], "texture": "#missing"}
			}
		},
		{
			"from": [5.5, 15, 8],
			"to": [11.5, 24, 8],
			"rotation": {"angle": 0, "axis": "y", "origin": [1.5, 17, 15]},
			"faces": {
				"north": {"uv": [1.5, 12.75, 3, 15], "texture": "#0"},
				"east": {"uv": [0, 12.75, 0.5, 14.25], "texture": "#0"},
				"west": {"uv": [0, 12.75, 0.5, 14.25], "texture": "#0"},
				"up": {"uv": [12.75, 7.75, 13.25, 8.25], "rotation": 90, "texture": "#0"},
				"down": {"uv": [0, 0, 0.5, 0.5], "rotation": 270, "texture": "#missing"}
			}
		}
	],
	"display": {
		"thirdperson_righthand": {
			"rotation": [30, 19, 0],
			"scale": [0.5, 0.5, 0.5]
		},
		"thirdperson_lefthand": {
			"rotation": [30, 19, 0],
			"scale": [0.5, 0.5, 0.5]
		},
		"firstperson_righthand": {
			"scale": [0.75, 0.75, 0.75]
		},
		"firstperson_lefthand": {
			"scale": [0.75, 0.75, 0.75]
		},
		"gui": {
			"rotation": [30, 45, 0],
			"translation": [0, 2, 0],
			"scale": [0.625, 0.625, 0.625]
		},
		"head": {
			"rotation": [0, -90, 0],
			"translation": [0, 13, 0],
			"scale": [1.05, 1.05, 1.05]
		}
	}
}