{
	"credit": "Model by Samuel McLaughlin with Blockbench ",
	"texture_size": [64, 64],
	"textures": {
		"0": "craftadia/hats/glasses",
		"particle": "craftadia/hats/glasses"
	},
	"elements": [
		{
			"from": [20.515, 3.515, 6.99],
			"to": [21.535, 8.535, 9.01],
			"rotation": {"angle": 0, "axis": "z", "origin": [21.025, 6.025, 7.5]},
			"faces": {
				"north": {"uv": [4.75, 5.5, 5, 6.75], "texture": "#0"},
				"east": {"uv": [5.5, 4.25, 6, 5.5], "texture": "#0"},
				"south": {"uv": [0.5, 6, 0.75, 7.25], "texture": "#0"},
				"west": {"uv": [6, 0, 6.5, 1.25], "texture": "#0"},
				"up": {"uv": [1, 2.25, 0.75, 1.75], "texture": "#0"},
				"down": {"uv": [2, 0, 1.75, 0.5], "texture": "#0"}
			}
		},
		{
			"from": [6.215, 3.515, 6.99],
			"to": [7.235, 8.535, 9.01],
			"rotation": {"angle": 0, "axis": "z", "origin": [6.725, 6.025, 7.5]},
			"faces": {
				"north": {"uv": [4, 8.25, 4.25, 9.5], "texture": "#0"},
				"east": {"uv": [1.25, 6.75, 1.75, 8], "texture": "#0"},
				"south": {"uv": [0.5, 8.5, 0.75, 9.75], "texture": "#0"},
				"west": {"uv": [4.75, 6.75, 5.25, 8], "texture": "#0"},
				"up": {"uv": [1.5, 6.25, 1.25, 5.75], "texture": "#0"},
				"down": {"uv": [1.5, 6.25, 1.25, 6.75], "texture": "#0"}
			}
		},
		{
			"from": [9.465, 3.515, 6.99],
			"to": [10.485, 8.535, 9.01],
			"rotation": {"angle": 0, "axis": "z", "origin": [9.975, 6.025, 7.5]},
			"faces": {
				"north": {"uv": [3.5, 6, 3.75, 7.25], "texture": "#0"},
				"east": {"uv": [6.5, 6.5, 7, 7.75], "texture": "#0"},
				"south": {"uv": [6.25, 8, 6.5, 9.25], "texture": "#0"},
				"west": {"uv": [6.5, 0, 7, 1.25], "texture": "#0"},
				"up": {"uv": [1, 2.75, 0.75, 2.25], "texture": "#0"},
				"down": {"uv": [2.25, 5, 2, 5.5], "texture": "#0"}
			}
		},
		{
			"from": [-4.835, 3.515, 6.99],
			"to": [-3.815, 8.535, 9.01],
			"rotation": {"angle": 0, "axis": "z", "origin": [-4.325, 6.025, 7.5]},
			"faces": {
				"north": {"uv": [0.75, 8.5, 1, 9.75], "texture": "#0"},
				"east": {"uv": [0.5, 7.25, 1, 8.5], "texture": "#0"},
				"south": {"uv": [4.25, 8.5, 4.5, 9.75], "texture": "#0"},
				"west": {"uv": [4.25, 7.25, 4.75, 8.5], "texture": "#0"},
				"up": {"uv": [2, 7.25, 1.75, 6.75], "texture": "#0"},
				"down": {"uv": [5.5, 6.75, 5.25, 7.25], "texture": "#0"}
			}
		},
		{
			"from": [-5.835, 6.515, 6.99],
			"to": [-4.815, 8.535, 8.01],
			"rotation": {"angle": 0, "axis": "z", "origin": [-4.325, 6.025, 7.5]},
			"faces": {
				"north": {"uv": [1, 7.25, 1.25, 7.75], "texture": "#0"},
				"east": {"uv": [3.5, 7.25, 3.75, 7.75], "texture": "#0"},
				"south": {"uv": [3.5, 7.75, 3.75, 8.25], "texture": "#0"},
				"west": {"uv": [4.5, 8.5, 4.75, 9], "texture": "#0"},
				"up": {"uv": [2, 0.75, 1.75, 0.5], "texture": "#0"},
				"down": {"uv": [2.75, 1.75, 2.5, 2], "texture": "#0"}
			}
		},
		{
			"from": [21.59, 6.515, 6.99],
			"to": [22.61, 8.535, 8.01],
			"rotation": {"angle": 0, "axis": "z", "origin": [21.1, 6.025, 7.5]},
			"faces": {
				"north": {"uv": [1.25, 7.25, 1, 7.75], "texture": "#0"},
				"east": {"uv": [4.75, 8.5, 4.5, 9], "texture": "#0"},
				"south": {"uv": [3.75, 7.75, 3.5, 8.25], "texture": "#0"},
				"west": {"uv": [3.75, 7.25, 3.5, 7.75], "texture": "#0"},
				"up": {"uv": [1.75, 0.75, 2, 0.5], "texture": "#0"},
				"down": {"uv": [2.5, 1.75, 2.75, 2], "texture": "#0"}
			}
		},
		{
			"from": [-5.835, 7.515, 7.99],
			"to": [-4.815, 8.535, 22.01],
			"rotation": {"angle": 0, "axis": "z", "origin": [-4.325, 6.025, 9.5]},
			"faces": {
				"north": {"uv": [4, 3.25, 4.25, 3.5], "texture": "#0"},
				"east": {"uv": [4.25, 3.75, 7.75, 4], "texture": "#0"},
				"south": {"uv": [6.5, 2.75, 6.75, 3], "texture": "#0"},
				"west": {"uv": [4.25, 4, 7.75, 4.25], "texture": "#0"},
				"up": {"uv": [4, 8.25, 3.75, 4.75], "texture": "#0"},
				"down": {"uv": [4.25, 4.75, 4, 8.25], "texture": "#0"}
			}
		},
		{
			"from": [21.59, 7.515, 7.99],
			"to": [22.61, 8.535, 22.01],
			"rotation": {"angle": 0, "axis": "z", "origin": [21.1, 6.025, 9.5]},
			"faces": {
				"north": {"uv": [4.25, 3.25, 4, 3.5], "texture": "#0"},
				"east": {"uv": [7.75, 4, 4.25, 4.25], "texture": "#0"},
				"south": {"uv": [6.75, 2.75, 6.5, 3], "texture": "#0"},
				"west": {"uv": [7.75, 3.75, 4.25, 4], "texture": "#0"},
				"up": {"uv": [3.75, 8.25, 4, 4.75], "texture": "#0"},
				"down": {"uv": [4, 4.75, 4.25, 8.25], "texture": "#0"}
			}
		},
		{
			"from": [12.99, -0.01, 6.99],
			"to": [18.01, 1.01, 9.01],
			"rotation": {"angle": 0, "axis": "y", "origin": [25, 8, 15]},
			"faces": {
				"north": {"uv": [8.25, 0.25, 9.5, 0.5], "texture": "#0"},
				"east": {"uv": [5, 4.75, 5.5, 5], "texture": "#0"},
				"south": {"uv": [8.25, 0.5, 9.5, 0.75], "texture": "#0"},
				"west": {"uv": [6, 2.75, 6.5, 3], "texture": "#0"},
				"up": {"uv": [7.25, 4.75, 6, 4.25], "texture": "#0"},
				"down": {"uv": [7.25, 4.75, 6, 5.25], "texture": "#0"}
			}
		},
		{
			"from": [-1.31, -0.01, 6.99],
			"to": [3.71, 1.01, 9.01],
			"rotation": {"angle": 0, "axis": "y", "origin": [10.7, 8, 15]},
			"faces": {
				"north": {"uv": [8.5, 1.25, 9.75, 1.5], "texture": "#0"},
				"east": {"uv": [9, 5.5, 9.5, 5.75], "texture": "#0"},
				"south": {"uv": [8.5, 1.5, 9.75, 1.75], "texture": "#0"},
				"west": {"uv": [9, 5.75, 9.5, 6], "texture": "#0"},
				"up": {"uv": [8.5, 2, 7.25, 1.5], "texture": "#0"},
				"down": {"uv": [8.5, 2, 7.25, 2.5], "texture": "#0"}
			}
		},
		{
			"from": [12.99, 10.99, 6.99],
			"to": [18.01, 12.01, 9.01],
			"rotation": {"angle": 0, "axis": "y", "origin": [25, 4, 15]},
			"faces": {
				"north": {"uv": [8.25, 6.5, 9.5, 6.75], "texture": "#0"},
				"east": {"uv": [6.5, 6.25, 7, 6.5], "texture": "#0"},
				"south": {"uv": [8.25, 6.75, 9.5, 7], "texture": "#0"},
				"west": {"uv": [5.25, 7.25, 5.75, 7.5], "texture": "#0"},
				"up": {"uv": [8, 3.25, 6.75, 2.75], "texture": "#0"},
				"down": {"uv": [8, 3.25, 6.75, 3.75], "texture": "#0"}
			}
		},
		{
			"from": [5.665, 8.785, 7.01],
			"to": [10.645, 9.765, 8.99],
			"rotation": {"angle": 0, "axis": "y", "origin": [18.655, 1.775, 15]},
			"faces": {
				"north": {"uv": [8.5, 3.25, 9.75, 3.5], "texture": "#0"},
				"east": {"uv": [1.5, 9.25, 2, 9.5], "texture": "#0"},
				"south": {"uv": [8.5, 4.25, 9.75, 4.5], "texture": "#0"},
				"west": {"uv": [2, 9.25, 2.5, 9.5], "texture": "#0"},
				"up": {"uv": [9, 4.25, 7.75, 3.75], "texture": "#0"},
				"down": {"uv": [9, 5.75, 7.75, 6.25], "texture": "#0"}
			}
		},
		{
			"from": [-1.31, 10.99, 6.99],
			"to": [3.71, 12.01, 9.01],
			"rotation": {"angle": 0, "axis": "y", "origin": [10.7, 4, 15]},
			"faces": {
				"north": {"uv": [8.5, 2.25, 9.75, 2.5], "texture": "#0"},
				"east": {"uv": [9, 8.25, 9.5, 8.5], "texture": "#0"},
				"south": {"uv": [8.5, 2.5, 9.75, 2.75], "texture": "#0"},
				"west": {"uv": [9, 8.75, 9.5, 9], "texture": "#0"},
				"up": {"uv": [8.5, 5.75, 7.25, 5.25], "texture": "#0"},
				"down": {"uv": [6.5, 7.5, 5.25, 8], "texture": "#0"}
			}
		},
		{
			"from": [-0.31, 9.99, 6.915],
			"to": [0.71, 12.01, 6.935],
			"rotation": {"angle": 0, "axis": "y", "origin": [10.7, 4, 14.925]},
			"faces": {
				"north": {"uv": [4.5, 9, 4.75, 9.5], "texture": "#0"},
				"east": {"uv": [0, 0, 0, 0.5], "texture": "#0"},
				"west": {"uv": [0, 0, 0, 0.5], "texture": "#0"},
				"up": {"uv": [0.25, 0, 0, 0], "texture": "#0"},
				"down": {"uv": [0.25, 0, 0, 0], "texture": "#0"}
			}
		},
		{
			"from": [15.015, 9.015, 6.915],
			"to": [16.035, 11.035, 6.935],
			"rotation": {"angle": 0, "axis": "y", "origin": [10.7, 4, 14.925]},
			"faces": {
				"north": {"uv": [4.5, 9, 4.75, 9.5], "texture": "#0"},
				"east": {"uv": [0, 0, 0, 0.5], "texture": "#0"},
				"west": {"uv": [0, 0, 0, 0.5], "texture": "#0"},
				"up": {"uv": [0.25, 0, 0, 0], "texture": "#0"},
				"down": {"uv": [0.25, 0, 0, 0], "texture": "#0"}
			}
		},
		{
			"from": [9.08579, 1.62132, 7],
			"to": [14.08579, 2.62132, 9],
			"rotation": {"angle": -45, "axis": "z", "origin": [11.58579, 2.12132, 7.5]},
			"faces": {
				"north": {"uv": [5, 3.5, 6.25, 3.75], "texture": "#0"},
				"east": {"uv": [1, 0.75, 1.5, 1], "texture": "#0"},
				"south": {"uv": [7, 6.75, 8.25, 7], "texture": "#0"},
				"west": {"uv": [1.5, 0.75, 2, 1], "texture": "#0"},
				"up": {"uv": [6.75, 3.5, 5.5, 3], "texture": "#0"},
				"down": {"uv": [7.25, 1.25, 6, 1.75], "texture": "#0"}
			}
		},
		{
			"from": [-5.21421, 1.62132, 7],
			"to": [-0.21421, 2.62132, 9],
			"rotation": {"angle": -45, "axis": "z", "origin": [-2.71421, 2.12132, 7.5]},
			"faces": {
				"north": {"uv": [8.25, 7.5, 9.5, 7.75], "texture": "#0"},
				"east": {"uv": [9, 4.5, 9.5, 4.75], "texture": "#0"},
				"south": {"uv": [8.25, 7.75, 9.5, 8], "texture": "#0"},
				"west": {"uv": [9, 4.75, 9.5, 5], "texture": "#0"},
				"up": {"uv": [8.25, 1, 7, 0.5], "texture": "#0"},
				"down": {"uv": [8.25, 6.25, 7, 6.75], "texture": "#0"}
			}
		},
		{
			"from": [9.08579, 9.37868, 7],
			"to": [14.08579, 10.37868, 9],
			"rotation": {"angle": 45, "axis": "z", "origin": [11.58579, 9.87868, 7.5]},
			"faces": {
				"north": {"uv": [8.25, 7, 9.5, 7.25], "texture": "#0"},
				"east": {"uv": [7.25, 2.5, 7.75, 2.75], "texture": "#0"},
				"south": {"uv": [8.25, 7.25, 9.5, 7.5], "texture": "#0"},
				"west": {"uv": [8.5, 5.5, 9, 5.75], "texture": "#0"},
				"up": {"uv": [8.25, 7.5, 7, 7], "texture": "#0"},
				"down": {"uv": [8.25, 0, 7, 0.5], "texture": "#0"}
			}
		},
		{
			"from": [-5.21421, 9.37868, 7],
			"to": [-0.21421, 10.37868, 9],
			"rotation": {"angle": 45, "axis": "z", "origin": [-2.71421, 9.87868, 7.5]},
			"faces": {
				"north": {"uv": [8.5, 2.75, 9.75, 3], "texture": "#0"},
				"east": {"uv": [0, 9.25, 0.5, 9.5], "texture": "#0"},
				"south": {"uv": [8.5, 3, 9.75, 3.25], "texture": "#0"},
				"west": {"uv": [1, 9.25, 1.5, 9.5], "texture": "#0"},
				"up": {"uv": [8.25, 8, 7, 7.5], "texture": "#0"},
				"down": {"uv": [3, 7.75, 1.75, 8.25], "texture": "#0"}
			}
		},
		{
			"from": [16.91421, 1.62132, 7],
			"to": [21.91421, 2.62132, 9],
			"rotation": {"angle": 45, "axis": "z", "origin": [19.41421, 2.12132, 7.5]},
			"faces": {
				"north": {"uv": [8, 3.5, 9.25, 3.75], "texture": "#0"},
				"east": {"uv": [2, 1.75, 2.5, 2], "texture": "#0"},
				"south": {"uv": [8.25, 0, 9.5, 0.25], "texture": "#0"},
				"west": {"uv": [3.5, 3.25, 4, 3.5], "texture": "#0"},
				"up": {"uv": [7.25, 2.25, 6, 1.75], "texture": "#0"},
				"down": {"uv": [7.25, 2.25, 6, 2.75], "texture": "#0"}
			}
		},
		{
			"from": [2.61421, 1.62132, 7],
			"to": [7.61421, 2.62132, 9],
			"rotation": {"angle": 45, "axis": "z", "origin": [5.11421, 2.12132, 7.5]},
			"faces": {
				"north": {"uv": [8.5, 8.5, 9.75, 8.75], "texture": "#0"},
				"east": {"uv": [9, 5, 9.5, 5.25], "texture": "#0"},
				"south": {"uv": [8.5, 1, 9.75, 1.25], "texture": "#0"},
				"west": {"uv": [9, 5.25, 9.5, 5.5], "texture": "#0"},
				"up": {"uv": [3, 7.75, 1.75, 7.25], "texture": "#0"},
				"down": {"uv": [8.5, 1, 7.25, 1.5], "texture": "#0"}
			}
		},
		{
			"from": [16.91421, 9.37868, 7],
			"to": [21.91421, 10.37868, 9],
			"rotation": {"angle": -45, "axis": "z", "origin": [19.41421, 9.87868, 7.5]},
			"faces": {
				"north": {"uv": [8.25, 0.75, 9.5, 1], "texture": "#0"},
				"east": {"uv": [6, 5.75, 6.5, 6], "texture": "#0"},
				"south": {"uv": [8.25, 6.25, 9.5, 6.5], "texture": "#0"},
				"west": {"uv": [6.25, 3.5, 6.75, 3.75], "texture": "#0"},
				"up": {"uv": [7.25, 5.75, 6, 5.25], "texture": "#0"},
				"down": {"uv": [7.75, 5.75, 6.5, 6.25], "texture": "#0"}
			}
		},
		{
			"from": [2.61421, 9.37868, 7],
			"to": [7.61421, 10.37868, 9],
			"rotation": {"angle": -45, "axis": "z", "origin": [5.11421, 9.87868, 7.5]},
			"faces": {
				"north": {"uv": [8.5, 1.75, 9.75, 2], "texture": "#0"},
				"east": {"uv": [9, 6, 9.5, 6.25], "texture": "#0"},
				"south": {"uv": [8.5, 2, 9.75, 2.25], "texture": "#0"},
				"west": {"uv": [9, 8, 9.5, 8.25], "texture": "#0"},
				"up": {"uv": [8.5, 4.75, 7.25, 4.25], "texture": "#0"},
				"down": {"uv": [8.5, 4.75, 7.25, 5.25], "texture": "#0"}
			}
		},
		{
			"from": [-1, 12, 7.225],
			"to": [1, 17, 9.225],
			"rotation": {"angle": -22.5, "axis": "y", "origin": [0, 17, 8.1]},
			"faces": {
				"north": {"uv": [0, 7.5, 0.5, 8.75], "texture": "#0"},
				"east": {"uv": [3, 7.5, 3.5, 8.75], "texture": "#0"},
				"south": {"uv": [6.5, 7.75, 7, 9], "texture": "#0"},
				"west": {"uv": [1, 8, 1.5, 9.25], "texture": "#0"},
				"up": {"uv": [5.5, 4.75, 5, 4.25], "texture": "#0"},
				"down": {"uv": [9, 4.5, 8.5, 5], "texture": "#0"}
			}
		},
		{
			"from": [-1.5, 17, 7.975],
			"to": [1.5, 22, 7.975],
			"rotation": {"angle": -22.5, "axis": "y", "origin": [0, 17, 8.1]},
			"faces": {
				"north": {"uv": [3.5, 3.5, 4.25, 4.75], "texture": "#0"},
				"east": {"uv": [0, 0, 0, 1.25], "texture": "#0"},
				"west": {"uv": [0, 0, 0, 1.25], "texture": "#0"},
				"up": {"uv": [0.75, 0, 0, 0], "texture": "#0"},
				"down": {"uv": [0.75, 0, 0, 0], "texture": "#0"}
			}
		},
		{
			"from": [9, 9.825, 6.225],
			"to": [12, 16.825, 9.225],
			"rotation": {"angle": 22.5, "axis": "y", "origin": [11, 14.825, 8.1]},
			"faces": {
				"north": {"uv": [0, 1.75, 0.75, 3.5], "texture": "#0"},
				"east": {"uv": [2, 2, 2.75, 3.75], "texture": "#0"},
				"south": {"uv": [2, 0, 2.75, 1.75], "texture": "#0"},
				"west": {"uv": [0.75, 2.75, 1.5, 4.5], "texture": "#0"},
				"up": {"uv": [1.75, 0.75, 1, 0], "texture": "#0"},
				"down": {"uv": [4.25, 2.5, 3.5, 3.25], "texture": "#0"}
			}
		},
		{
			"from": [9, 3.825, 6.225],
			"to": [12, 9.825, 6.225],
			"rotation": {"angle": 22.5, "axis": "y", "origin": [11, 14.825, 8.1]},
			"faces": {
				"north": {"uv": [2.75, 2.75, 3.5, 4.25], "texture": "#0"},
				"east": {"uv": [0, 0, 0, 1.5], "texture": "#0"},
				"west": {"uv": [0, 0, 0, 1.5], "texture": "#0"},
				"up": {"uv": [0.75, 0, 0, 0], "texture": "#0"},
				"down": {"uv": [0.75, 0, 0, 0], "texture": "#0"}
			}
		},
		{
			"from": [12, 3.825, 6.225],
			"to": [12, 9.825, 8.225],
			"rotation": {"angle": 22.5, "axis": "y", "origin": [11, 14.825, 8.1]},
			"faces": {
				"north": {"uv": [0, 0, 0, 1.5], "texture": "#0"},
				"east": {"uv": [5.5, 0, 6, 1.5], "texture": "#0"},
				"south": {"uv": [0, 0, 0, 1.5], "texture": "#0"},
				"up": {"uv": [0, 0.5, 0, 0], "texture": "#0"},
				"down": {"uv": [0, 0, 0, 0.5], "texture": "#0"}
			}
		},
		{
			"from": [8.975, 14.825, 7.975],
			"to": [12.975, 21.825, 7.975],
			"rotation": {"angle": 22.5, "axis": "y", "origin": [11, 14.825, 8.1]},
			"faces": {
				"north": {"uv": [0, 0, 1, 1.75], "texture": "#0"},
				"east": {"uv": [0, 0, 0, 1.75], "texture": "#0"},
				"west": {"uv": [0, 0, 0, 1.75], "texture": "#0"},
				"up": {"uv": [1, 0, 0, 0], "texture": "#0"},
				"down": {"uv": [1, 0, 0, 0], "texture": "#0"}
			}
		},
		{
			"from": [-4.4, 10.475, 7.225],
			"to": [-2.4, 14.475, 9.225],
			"rotation": {"angle": 22.5, "axis": "z", "origin": [-3.4, 14.475, 8.1]},
			"faces": {
				"north": {"uv": [1.5, 2.75, 2, 3.75], "texture": "#0"},
				"east": {"uv": [7.5, 8, 8, 9], "texture": "#0"},
				"south": {"uv": [8, 8, 8.5, 9], "texture": "#0"},
				"west": {"uv": [8, 2.5, 8.5, 3.5], "texture": "#0"},
				"up": {"uv": [2.75, 4.25, 2.25, 3.75], "texture": "#0"},
				"down": {"uv": [3.5, 4.25, 3, 4.75], "texture": "#0"}
			}
		},
		{
			"from": [19.8, 9.8, 7.225],
			"to": [21.8, 13.8, 9.225],
			"rotation": {"angle": -22.5, "axis": "z", "origin": [20.8, 13.8, 8.1]},
			"faces": {
				"north": {"uv": [1.5, 8.25, 2, 9.25], "texture": "#0"},
				"east": {"uv": [2, 8.25, 2.5, 9.25], "texture": "#0"},
				"south": {"uv": [2.5, 8.25, 3, 9.25], "texture": "#0"},
				"west": {"uv": [3.5, 8.25, 4, 9.25], "texture": "#0"},
				"up": {"uv": [9.5, 9.5, 9, 9], "texture": "#0"},
				"down": {"uv": [9.5, 3.75, 9, 4.25], "texture": "#0"}
			}
		},
		{
			"from": [-4.9, 14.475, 7.975],
			"to": [-1.9, 19.475, 7.975],
			"rotation": {"angle": 22.5, "axis": "z", "origin": [-3.4, 14.475, 8.1]},
			"faces": {
				"north": {"uv": [2.75, 1.5, 3.5, 2.75], "texture": "#0"},
				"east": {"uv": [0, 0, 0, 1.25], "texture": "#0"},
				"west": {"uv": [0, 0, 0, 1.25], "texture": "#0"},
				"up": {"uv": [0.75, 0, 0, 0], "texture": "#0"},
				"down": {"uv": [0.75, 0, 0, 0], "texture": "#0"}
			}
		},
		{
			"from": [19.3, 13.8, 7.975],
			"to": [22.3, 18.8, 7.975],
			"rotation": {"angle": -22.5, "axis": "z", "origin": [20.8, 13.8, 8.1]},
			"faces": {
				"north": {"uv": [0, 4.75, 0.75, 6], "texture": "#0"},
				"east": {"uv": [0, 0, 0, 1.25], "texture": "#0"},
				"west": {"uv": [0, 0, 0, 1.25], "texture": "#0"},
				"up": {"uv": [0.75, 0, 0, 0], "texture": "#0"},
				"down": {"uv": [0.75, 0, 0, 0], "texture": "#0"}
			}
		},
		{
			"from": [14, 12, 7.225],
			"to": [16, 19, 9.225],
			"rotation": {"angle": 0, "axis": "y", "origin": [15, 17, 8.1]},
			"faces": {
				"north": {"uv": [1.5, 5, 2, 6.75], "texture": "#0"},
				"east": {"uv": [5, 5, 5.5, 6.75], "texture": "#0"},
				"south": {"uv": [5, 0, 5.5, 1.75], "texture": "#0"},
				"west": {"uv": [5, 1.75, 5.5, 3.5], "texture": "#0"},
				"up": {"uv": [9, 5.5, 8.5, 5], "texture": "#0"},
				"down": {"uv": [9, 8, 8.5, 8.5], "texture": "#0"}
			}
		},
		{
			"from": [13.5, 18, 7.975],
			"to": [16.5, 23, 7.975],
			"rotation": {"angle": -22.5, "axis": "y", "origin": [15, 18, 8.1]},
			"faces": {
				"north": {"uv": [3.5, 1.25, 4.25, 2.5], "texture": "#0"},
				"east": {"uv": [0, 0, 0, 1.25], "texture": "#0"},
				"west": {"uv": [0, 0, 0, 1.25], "texture": "#0"},
				"up": {"uv": [0.75, 0, 0, 0], "texture": "#0"},
				"down": {"uv": [0.75, 0, 0, 0], "texture": "#0"}
			}
		},
		{
			"from": [1.85, 12, 7.225],
			"to": [3.85, 19, 9.225],
			"rotation": {"angle": 0, "axis": "y", "origin": [2.85, 17, 8.1]},
			"faces": {
				"north": {"uv": [2, 5.5, 2.5, 7.25], "texture": "#0"},
				"east": {"uv": [2.5, 5.5, 3, 7.25], "texture": "#0"},
				"south": {"uv": [4.25, 5.5, 4.75, 7.25], "texture": "#0"},
				"west": {"uv": [5.5, 5.5, 6, 7.25], "texture": "#0"},
				"up": {"uv": [0.5, 9.25, 0, 8.75], "texture": "#0"},
				"down": {"uv": [3.5, 8.75, 3, 9.25], "texture": "#0"}
			}
		},
		{
			"from": [1.35, 18, 7.975],
			"to": [4.35, 23, 7.975],
			"rotation": {"angle": -22.5, "axis": "y", "origin": [2.85, 18, 8.1]},
			"faces": {
				"north": {"uv": [2.25, 4.25, 3, 5.5], "texture": "#0"},
				"east": {"uv": [0, 0, 0, 1.25], "texture": "#0"},
				"west": {"uv": [0, 0, 0, 1.25], "texture": "#0"},
				"up": {"uv": [0.75, 0, 0, 0], "texture": "#0"},
				"down": {"uv": [0.75, 0, 0, 0], "texture": "#0"}
			}
		},
		{
			"from": [5.85, 9.95, 7.225],
			"to": [7.85, 14.95, 9.225],
			"rotation": {"angle": -22.5, "axis": "y", "origin": [6.85, 14.95, 8.1]},
			"faces": {
				"north": {"uv": [4.75, 8, 5.25, 9.25], "texture": "#0"},
				"east": {"uv": [5.25, 8, 5.75, 9.25], "texture": "#0"},
				"south": {"uv": [5.75, 8, 6.25, 9.25], "texture": "#0"},
				"west": {"uv": [7, 8, 7.5, 9.25], "texture": "#0"},
				"up": {"uv": [9, 9.25, 8.5, 8.75], "texture": "#0"},
				"down": {"uv": [7, 9, 6.5, 9.5], "texture": "#0"}
			}
		},
		{
			"from": [5.35, 14.95, 7.975],
			"to": [8.35, 19.95, 7.975],
			"rotation": {"angle": -45, "axis": "y", "origin": [6.85, 14.95, 8.1]},
			"faces": {
				"north": {"uv": [4.25, 0, 5, 1.25], "texture": "#0"},
				"east": {"uv": [0, 0, 0, 1.25], "texture": "#0"},
				"west": {"uv": [0, 0, 0, 1.25], "texture": "#0"},
				"up": {"uv": [0.75, 0, 0, 0], "texture": "#0"},
				"down": {"uv": [0.75, 0, 0, 0], "texture": "#0"}
			}
		},
		{
			"from": [16.675, 11.175, 7.225],
			"to": [18.675, 17.175, 9.225],
			"rotation": {"angle": 0, "axis": "y", "origin": [17.675, 16.175, 8.1]},
			"faces": {
				"north": {"uv": [0.75, 5.75, 1.25, 7.25], "texture": "#0"},
				"east": {"uv": [0, 6, 0.5, 7.5], "texture": "#0"},
				"south": {"uv": [3, 6, 3.5, 7.5], "texture": "#0"},
				"west": {"uv": [6, 6, 6.5, 7.5], "texture": "#0"},
				"up": {"uv": [8, 9.5, 7.5, 9], "texture": "#0"},
				"down": {"uv": [8.5, 9, 8, 9.5], "texture": "#0"}
			}
		},
		{
			"from": [16.175, 16.175, 7.975],
			"to": [19.175, 21.175, 7.975],
			"rotation": {"angle": -22.5, "axis": "y", "origin": [17.675, 17.175, 8.1]},
			"faces": {
				"north": {"uv": [4.25, 2.5, 5, 3.75], "texture": "#0"},
				"east": {"uv": [0, 0, 0, 1.25], "texture": "#0"},
				"west": {"uv": [0, 0, 0, 1.25], "texture": "#0"},
				"up": {"uv": [0.75, 0, 0, 0], "texture": "#0"},
				"down": {"uv": [0.75, 0, 0, 0], "texture": "#0"}
			}
		}
	],
	"display": {
		"thirdperson_righthand": {
			"rotation": [30, 19, 0],
			"scale": [0.5, 0.5, 0.5]
		},
		"thirdperson_lefthand": {
			"rotation": [30, 19, 0],
			"scale": [0.5, 0.5, 0.5]
		},
		"firstperson_righthand": {
			"scale": [0.75, 0.75, 0.75]
		},
		"firstperson_lefthand": {
			"scale": [0.75, 0.75, 0.75]
		},
		"gui": {
			"rotation": [30, 45, 0],
			"translation": [0, 0, 0],
			"scale": [0.625, 0.625, 0.625]
		},
		"head": {
			"translation": [0, 2, -7.75],
			"scale": [0.51, 0.5, 0.5]
		}
	},
	"groups": [0, 1, 2, 3, 4, 5, 6, 7, 8, 9, 10, 11, 12, 13, 14, 15, 16, 17, 18, 19, 20, 21, 22,
		{
			"name": "candle",
			"origin": [8, 8, 8],
			"children": [23, 24]
		},
		{
			"name": "candle",
			"origin": [8, 8, 8],
			"children": [25, 26, 27, 28]
		},
		{
			"name": "candle",
			"origin": [8, 8, 8],
			"children": [29, 30, 31, 32]
		},
		{
			"name": "candle",
			"origin": [8, 8, 8],
			"children": [33, 34]
		},
		{
			"name": "candle",
			"origin": [8, 8, 8],
			"children": [35, 36]
		},
		{
			"name": "candle",
			"origin": [8, 8, 8],
			"children": [37, 38]
		},
		{
			"name": "candle",
			"origin": [8, 8, 8],
			"children": [39, 40]
		}
	]
}