{
	"credit": "Made with Blockbench",
	"textures": {
		"0": "craftadia/hats/cyberhat",
		"particle": "craftadia/hats/cyberhat"
	},
	"elements": [
		{
			"from": [0, 0, 0],
			"to": [16, 16, 9],
			"faces": {
				"north": {"uv": [1.125, 3.5, 3.125, 5.5], "texture": "#0"},
				"east": {"uv": [0, 3.5, 1.125, 5.5], "texture": "#0"},
				"south": {"uv": [4.25, 3.5, 6.25, 5.5], "texture": "#0"},
				"west": {"uv": [3.125, 3.5, 4.25, 5.5], "texture": "#0"},
				"up": {"uv": [3.125, 3.5, 1.125, 2.375], "texture": "#0"},
				"down": {"uv": [5.125, 2.375, 3.125, 3.5], "texture": "#0"}
			}
		},
		{
			"from": [0, 7, 9],
			"to": [16, 16, 16],
			"faces": {
				"north": {"uv": [6.25, 6.25, 8.25, 7.375], "texture": "#0"},
				"east": {"uv": [5.375, 6.25, 6.25, 7.375], "texture": "#0"},
				"south": {"uv": [9.125, 6.25, 11.125, 7.375], "texture": "#0"},
				"west": {"uv": [8.25, 6.25, 9.125, 7.375], "texture": "#0"},
				"up": {"uv": [8.25, 6.25, 6.25, 5.375], "texture": "#0"},
				"down": {"uv": [10.25, 5.375, 8.25, 6.25], "texture": "#0"}
			}
		},
		{
			"from": [-1, 5, -2],
			"to": [17, 11, 11],
			"faces": {
				"north": {"uv": [1.625, 1.625, 3.875, 2.375], "texture": "#0"},
				"east": {"uv": [0, 1.625, 1.625, 2.375], "texture": "#0"},
				"south": {"uv": [5.5, 1.625, 7.75, 2.375], "texture": "#0"},
				"west": {"uv": [3.875, 1.625, 5.5, 2.375], "texture": "#0"},
				"up": {"uv": [3.875, 1.625, 1.625, 0], "texture": "#0"},
				"down": {"uv": [6.125, 0, 3.875, 1.625], "texture": "#0"}
			}
		},
		{
			"from": [-2, 6, 6],
			"to": [18, 10, 10],
			"faces": {
				"north": {"uv": [5.625, 2.875, 8.125, 3.375], "texture": "#0"},
				"east": {"uv": [5.125, 2.875, 5.625, 3.375], "texture": "#0"},
				"south": {"uv": [8.625, 2.875, 11.125, 3.375], "texture": "#0"},
				"west": {"uv": [8.125, 2.875, 8.625, 3.375], "texture": "#0"},
				"up": {"uv": [8.125, 2.875, 5.625, 2.375], "texture": "#0"},
				"down": {"uv": [10.625, 2.375, 8.125, 2.875], "texture": "#0"}
			}
		},
		{
			"from": [7.5, 15, 7.5],
			"to": [8.5, 26, 8.5],
			"faces": {
				"north": {"uv": [0.375, 0, 0.5, 1.375], "texture": "#0"},
				"east": {"uv": [0.375, 0, 0.5, 1.375], "texture": "#0"},
				"south": {"uv": [0.375, 0, 0.5, 1.375], "texture": "#0"},
				"west": {"uv": [0.375, 0, 0.5, 1.375], "texture": "#0"},
				"up": {"uv": [0, 0, 0.125, 0.125], "texture": "#0"},
				"down": {"uv": [0, 0, 0.125, 0.125], "texture": "#0"}
			}
		},
		{
			"from": [6.5, 24, 6.5],
			"to": [9.5, 24.5, 9.5],
			"faces": {
				"north": {"uv": [0.5, 0.375, 0.875, 0.438], "texture": "#0"},
				"east": {"uv": [0.5, 0.375, 0.875, 0.438], "texture": "#0"},
				"south": {"uv": [0.5, 0.375, 0.875, 0.438], "texture": "#0"},
				"west": {"uv": [0.5, 0.375, 0.875, 0.438], "texture": "#0"},
				"up": {"uv": [0.5, 0, 0.875, 0.375], "texture": "#0"},
				"down": {"uv": [0.5, 0, 0.875, 0.375], "texture": "#0"}
			}
		},
		{
			"from": [7, 25.25, 7],
			"to": [9, 27.25, 9],
			"faces": {
				"north": {"uv": [0.25, 0, 0, 0.25], "texture": "#0"},
				"east": {"uv": [0.125, 0, 0.375, 0.25], "texture": "#0"},
				"south": {"uv": [0.125, 0, 0.375, 0.25], "texture": "#0"},
				"west": {"uv": [0, 0, 0.25, 0.25], "texture": "#0"},
				"up": {"uv": [0, 0, 0.25, 0.25], "texture": "#0"},
				"down": {"uv": [0.125, 0, 0.375, 0.25], "texture": "#0"}
			}
		},
		{
			"from": [6.5, 22.5, 6.5],
			"to": [9.5, 23, 9.5],
			"faces": {
				"north": {"uv": [0.5, 0.375, 0.875, 0.438], "texture": "#0"},
				"east": {"uv": [0.5, 0.375, 0.875, 0.438], "texture": "#0"},
				"south": {"uv": [0.5, 0.375, 0.875, 0.438], "texture": "#0"},
				"west": {"uv": [0.5, 0.375, 0.875, 0.438], "texture": "#0"},
				"up": {"uv": [0.5, 0, 0.875, 0.375], "texture": "#0"},
				"down": {"uv": [0.5, 0, 0.875, 0.375], "texture": "#0"}
			}
		}
	],
	"display": {
		"thirdperson_righthand": {
			"rotation": [75, 45, 0],
			"translation": [0, 2.5, 0],
			"scale": [0.375, 0.375, 0.375]
		},
		"thirdperson_lefthand": {
			"rotation": [75, 45, 0],
			"translation": [0, 2.5, 0],
			"scale": [0.375, 0.375, 0.375]
		},
		"firstperson_righthand": {
			"rotation": [0, 45, 0],
			"scale": [0.4, 0.4, 0.4]
		},
		"firstperson_lefthand": {
			"rotation": [0, 225, 0],
			"scale": [0.4, 0.4, 0.4]
		},
		"ground": {
			"translation": [0, 3, 0],
			"scale": [0.25, 0.25, 0.25]
		},
		"gui": {
			"rotation": [30, 225, 0],
			"translation": [0, -1, 0],
			"scale": [0.625, 0.625, 0.625]
		},
		"head": {
			"translation": [0, 0, 0],
			"scale": [1.05, 1.05, 1.05]
		}
	}
}