{
	"credit": "Made by CookiesNom with Blockbench",
	"textures": {
		"0": "craftadia/hats/elf_hat",
		"particle": "craftadia/hats/elf_hat"
	},
	"elements": [
		{
			"name": "head",
			"from": [2.5, 11.5, 2.5],
			"to": [13.5, 13.5, 13.5],
			"rotation": {"angle": 0, "axis": "y", "origin": [7, 10.5, 8]},
			"faces": {
				"north": {"uv": [2.75, 2.75, 5.5, 3.25], "texture": "#0"},
				"east": {"uv": [0, 2.75, 2.75, 3.25], "texture": "#0"},
				"south": {"uv": [8.25, 2.75, 11, 3.25], "texture": "#0"},
				"west": {"uv": [5.5, 2.75, 8.25, 3.25], "texture": "#0"},
				"up": {"uv": [5.5, 2.75, 2.75, 0], "texture": "#0"},
				"down": {"uv": [8.25, 0, 5.5, 2.75], "texture": "#0"}
			}
		},
		{
			"name": "head",
			"from": [2.001, 10.54455, 6.31708],
			"to": [2.999, 12.54255, 8.81508],
			"rotation": {"angle": 0, "axis": "x", "origin": [2.49054, 12.78587, 6.88021]},
			"faces": {
				"north": {"uv": [0.625, 1.875, 0.875, 2.375], "texture": "#0"},
				"east": {"uv": [0, 1.875, 0.625, 2.375], "texture": "#0"},
				"south": {"uv": [1.5, 1.875, 1.75, 2.375], "texture": "#0"},
				"west": {"uv": [0.875, 1.875, 1.5, 2.375], "texture": "#0"},
				"up": {"uv": [0.875, 1.875, 0.625, 1.25], "texture": "#0"},
				"down": {"uv": [1.125, 1.25, 0.875, 1.875], "texture": "#0"}
			}
		},
		{
			"name": "head",
			"from": [13.001, 10.54455, 6.31708],
			"to": [13.999, 12.54255, 8.81508],
			"rotation": {"angle": 0, "axis": "x", "origin": [13.50946, 12.78587, 6.88021]},
			"faces": {
				"north": {"uv": [0.875, 1.875, 0.625, 2.375], "texture": "#0"},
				"east": {"uv": [1.5, 1.875, 0.875, 2.375], "texture": "#0"},
				"south": {"uv": [1.75, 1.875, 1.5, 2.375], "texture": "#0"},
				"west": {"uv": [0.625, 1.875, 0, 2.375], "texture": "#0"},
				"up": {"uv": [0.625, 1.875, 0.875, 1.25], "texture": "#0"},
				"down": {"uv": [0.875, 1.25, 1.125, 1.875], "texture": "#0"}
			}
		},
		{
			"name": "head",
			"from": [2, 11.98339, 5.42042],
			"to": [3, 13.98339, 8.42042],
			"rotation": {"angle": 45, "axis": "x", "origin": [2.49054, 12.78587, 6.88021]},
			"faces": {
				"north": {"uv": [0.75, 0.75, 1, 1.25], "texture": "#0"},
				"east": {"uv": [0, 0.75, 0.75, 1.25], "texture": "#0"},
				"south": {"uv": [1.75, 0.75, 2, 1.25], "texture": "#0"},
				"west": {"uv": [1, 0.75, 1.75, 1.25], "texture": "#0"},
				"up": {"uv": [1, 0.75, 0.75, 0], "texture": "#0"},
				"down": {"uv": [1.25, 0, 1, 0.75], "texture": "#0"}
			}
		},
		{
			"name": "head",
			"from": [13, 11.98339, 5.42042],
			"to": [14, 13.98339, 8.42042],
			"rotation": {"angle": 45, "axis": "x", "origin": [13.50946, 12.78587, 6.88021]},
			"faces": {
				"north": {"uv": [1, 0.75, 0.75, 1.25], "texture": "#0"},
				"east": {"uv": [1.75, 0.75, 1, 1.25], "texture": "#0"},
				"south": {"uv": [2, 0.75, 1.75, 1.25], "texture": "#0"},
				"west": {"uv": [0.75, 0.75, 0, 1.25], "texture": "#0"},
				"up": {"uv": [0.75, 0.75, 1, 0], "texture": "#0"},
				"down": {"uv": [1, 0, 1.25, 0.75], "texture": "#0"}
			}
		},
		{
			"name": "head",
			"from": [2.001, 13.25166, 5.28154],
			"to": [2.999, 14.66387, 6.69376],
			"rotation": {"angle": 0, "axis": "x", "origin": [2.49054, 12.78587, 6.88021]},
			"faces": {
				"north": {"uv": [1.375, 1.5, 1.625, 1.75], "texture": "#0"},
				"east": {"uv": [1.125, 1.5, 1.375, 1.75], "texture": "#0"},
				"south": {"uv": [1.875, 1.5, 2.125, 1.75], "texture": "#0"},
				"west": {"uv": [1.625, 1.5, 1.875, 1.75], "texture": "#0"},
				"up": {"uv": [1.625, 1.5, 1.375, 1.25], "texture": "#0"},
				"down": {"uv": [1.875, 1.25, 1.625, 1.5], "texture": "#0"}
			}
		},
		{
			"name": "head",
			"from": [13.001, 13.25166, 5.28154],
			"to": [13.999, 14.66387, 6.69376],
			"rotation": {"angle": 0, "axis": "x", "origin": [13.50946, 12.78587, 6.88021]},
			"faces": {
				"north": {"uv": [1.625, 1.5, 1.375, 1.75], "texture": "#0"},
				"east": {"uv": [1.875, 1.5, 1.625, 1.75], "texture": "#0"},
				"south": {"uv": [2.125, 1.5, 1.875, 1.75], "texture": "#0"},
				"west": {"uv": [1.375, 1.5, 1.125, 1.75], "texture": "#0"},
				"up": {"uv": [1.375, 1.5, 1.625, 1.25], "texture": "#0"},
				"down": {"uv": [1.625, 1.25, 1.875, 1.5], "texture": "#0"}
			}
		},
		{
			"name": "head",
			"from": [3, 13, 3],
			"to": [13, 15, 13],
			"rotation": {"angle": 0, "axis": "x", "origin": [7.98778, 14.99998, 8.01224]},
			"faces": {
				"north": {"uv": [2.5, 5.75, 5, 6.25], "texture": "#0"},
				"east": {"uv": [0, 5.75, 2.5, 6.25], "texture": "#0"},
				"south": {"uv": [7.5, 5.75, 10, 6.25], "texture": "#0"},
				"west": {"uv": [5, 5.75, 7.5, 6.25], "texture": "#0"},
				"up": {"uv": [5, 5.75, 2.5, 3.25], "texture": "#0"},
				"down": {"uv": [7.5, 3.25, 5, 5.75], "texture": "#0"}
			}
		},
		{
			"name": "head",
			"from": [5, 16.75, 5.625],
			"to": [11, 20.75, 11.625],
			"rotation": {"angle": -45, "axis": "x", "origin": [7.98255, 15.24997, 8.14248]},
			"faces": {
				"north": {"uv": [9, 4.75, 10.5, 5.75], "texture": "#0"},
				"east": {"uv": [7.5, 4.75, 9, 5.75], "texture": "#0"},
				"south": {"uv": [12, 4.75, 13.5, 5.75], "texture": "#0"},
				"west": {"uv": [10.5, 4.75, 12, 5.75], "texture": "#0"},
				"up": {"uv": [10.5, 4.75, 9, 3.25], "texture": "#0"},
				"down": {"uv": [12, 3.25, 10.5, 4.75], "texture": "#0"}
			}
		},
		{
			"name": "head",
			"from": [6, 17.90695, 1.23337],
			"to": [10, 20.90695, 6.23337],
			"rotation": {"angle": 0, "axis": "x", "origin": [7.97601, 18.94471, 0.70594]},
			"faces": {
				"north": {"uv": [7.25, 7.5, 8.25, 8.25], "texture": "#0"},
				"east": {"uv": [6, 7.5, 7.25, 8.25], "texture": "#0"},
				"south": {"uv": [9.5, 7.5, 10.5, 8.25], "texture": "#0"},
				"west": {"uv": [8.25, 7.5, 9.5, 8.25], "texture": "#0"},
				"up": {"uv": [8.25, 7.5, 7.25, 6.25], "texture": "#0"},
				"down": {"uv": [9.25, 6.25, 8.25, 7.5], "texture": "#0"}
			}
		},
		{
			"name": "head",
			"from": [7, 18.80381, -1.628],
			"to": [9, 20.80381, 2.372],
			"rotation": {"angle": -22.5, "axis": "x", "origin": [7.97601, 19.19471, 2.45594]},
			"faces": {
				"north": {"uv": [9.25, 1, 9.75, 1.5], "texture": "#0"},
				"east": {"uv": [8.25, 1, 9.25, 1.5], "texture": "#0"},
				"south": {"uv": [10.75, 1, 11.25, 1.5], "texture": "#0"},
				"west": {"uv": [9.75, 1, 10.75, 1.5], "texture": "#0"},
				"up": {"uv": [9.75, 1, 9.25, 0], "texture": "#0"},
				"down": {"uv": [10.25, 0, 9.75, 1], "texture": "#0"}
			}
		},
		{
			"name": "head",
			"from": [6.4843, 16.24094, -2.73038],
			"to": [9.4843, 19.24094, 0.26962],
			"rotation": {"angle": -45, "axis": "x", "origin": [7.96943, 17.75667, -1.26095]},
			"faces": {
				"north": {"uv": [8.75, 9, 9.5, 9.75], "texture": "#0"},
				"east": {"uv": [8, 9, 8.75, 9.75], "texture": "#0"},
				"south": {"uv": [10.25, 9, 11, 9.75], "texture": "#0"},
				"west": {"uv": [9.5, 9, 10.25, 9.75], "texture": "#0"},
				"up": {"uv": [9.5, 9, 8.75, 8.25], "texture": "#0"},
				"down": {"uv": [10.25, 8.25, 9.5, 9], "texture": "#0"}
			}
		},
		{
			"name": "head",
			"from": [4, 13.25, 3.5],
			"to": [12, 18.25, 11.5],
			"rotation": {"angle": -22.5, "axis": "x", "origin": [7.98255, 15.74997, 7.51748]},
			"faces": {
				"north": {"uv": [2, 8.25, 4, 9.5], "texture": "#0"},
				"east": {"uv": [0, 8.25, 2, 9.5], "texture": "#0"},
				"south": {"uv": [6, 8.25, 8, 9.5], "texture": "#0"},
				"west": {"uv": [4, 8.25, 6, 9.5], "texture": "#0"},
				"up": {"uv": [4, 8.25, 2, 6.25], "texture": "#0"},
				"down": {"uv": [6, 6.25, 4, 8.25], "texture": "#0"}
			}
		}
	],
	"display": {
		"thirdperson_righthand": {
			"rotation": [75, 45, 0],
			"translation": [0, 2.5, 0],
			"scale": [0.375, 0.375, 0.375]
		},
		"thirdperson_lefthand": {
			"rotation": [75, 45, 0],
			"translation": [0, 2.5, 0],
			"scale": [0.375, 0.375, 0.375]
		},
		"firstperson_righthand": {
			"rotation": [0, 45, 0],
			"scale": [0.4, 0.4, 0.4]
		},
		"firstperson_lefthand": {
			"rotation": [0, 45, 0],
			"scale": [0.4, 0.4, 0.4]
		},
		"ground": {
			"translation": [0, 3, 0],
			"scale": [0.25, 0.25, 0.25]
		},
		"gui": {
			"rotation": [30, 45, 0],
			"translation": [0, -4, 0],
			"scale": [0.625, 0.625, 0.625]
		},
		"head": {
			"rotation": [16, 180, 0],
			"translation": [0, -1, -1.25],
			"scale": [1.45, 1.45, 1.45]
		},
		"fixed": {
			"rotation": [0, 180, 0],
			"translation": [0, -7.5, 0]
		}
	}
}