{
	"credit": "Made by CookiesNom with Blockbench",
	"textures": {
		"0": "craftadia/hats/santa_hat",
		"1": "craftadia/hats/grinch_head",
		"particle": "craftadia/hats/grinch_head"
	},
	"elements": [
		{
			"from": [3.00131, 3, 3],
			"to": [13.00131, 13, 13],
			"rotation": {"angle": 0, "axis": "y", "origin": [11.00131, 13, 11]},
			"faces": {
				"north": {"uv": [5, 5, 10, 10], "texture": "#1"},
				"east": {"uv": [0, 5, 5, 10], "texture": "#1"},
				"south": {"uv": [0, 10, 5, 15], "texture": "#1"},
				"west": {"uv": [10, 5, 15, 10], "texture": "#1"},
				"up": {"uv": [10, 5, 5, 0], "texture": "#1"},
				"down": {"uv": [15, 0, 10, 5], "texture": "#1"}
			}
		},
		{
			"from": [5.00131, 3, 13],
			"to": [11.00131, 7, 15],
			"rotation": {"angle": 0, "axis": "y", "origin": [11.00131, 13, 21]},
			"faces": {
				"north": {"uv": [6, 11, 9, 13], "texture": "#1"},
				"east": {"uv": [5, 11, 6, 13], "texture": "#1"},
				"south": {"uv": [10, 11, 13, 13], "texture": "#1"},
				"west": {"uv": [9, 11, 10, 13], "texture": "#1"},
				"up": {"uv": [9, 11, 6, 10], "texture": "#1"},
				"down": {"uv": [12, 10, 9, 11], "texture": "#1"}
			}
		},
		{
			"from": [7.00131, 5.5, 13.5],
			"to": [9.00131, 7.5, 15.5],
			"rotation": {"angle": 0, "axis": "y", "origin": [11.00131, 15.5, 21.5]},
			"faces": {
				"north": {"uv": [1, 1, 2, 2], "texture": "#1"},
				"east": {"uv": [0, 1, 1, 2], "texture": "#1"},
				"south": {"uv": [0, 0, 1, 1], "texture": "#1"},
				"west": {"uv": [2, 1, 3, 2], "texture": "#1"},
				"up": {"uv": [2, 1, 1, 0], "texture": "#1"},
				"down": {"uv": [3, 0, 2, 1], "texture": "#1"}
			}
		},
		{
			"from": [13.00131, 3, 3],
			"to": [15.00131, 9, 13],
			"rotation": {"angle": 0, "axis": "y", "origin": [15.00131, 13, 11]},
			"faces": {
				"north": {"uv": [10, 13, 11, 16], "texture": "#1"},
				"east": {"uv": [5, 13, 10, 16], "texture": "#1"},
				"south": {"uv": [13, 10, 14, 13], "texture": "#1"},
				"west": {"uv": [11, 13, 16, 16], "texture": "#1"},
				"up": {"uv": [4, 5, 3, 0], "texture": "#1"},
				"down": {"uv": [5, 0, 4, 5], "texture": "#1"}
			}
		},
		{
			"from": [1.00131, 3, 3],
			"to": [3.00131, 9, 13],
			"rotation": {"angle": 0, "axis": "y", "origin": [1.00131, 13, 11]},
			"faces": {
				"north": {"uv": [11, 13, 10, 16], "texture": "#1"},
				"east": {"uv": [16, 13, 11, 16], "texture": "#1"},
				"south": {"uv": [14, 10, 13, 13], "texture": "#1"},
				"west": {"uv": [10, 13, 5, 16], "texture": "#1"},
				"up": {"uv": [3, 5, 4, 0], "texture": "#1"},
				"down": {"uv": [4, 0, 5, 5], "texture": "#1"}
			}
		},
		{
			"name": "head",
			"from": [2.50131, 11.5, 2.5],
			"to": [13.50131, 13.5, 13.5],
			"rotation": {"angle": 0, "axis": "y", "origin": [7.00131, 10.5, 8]},
			"faces": {
				"north": {"uv": [2.75, 2.75, 5.5, 3.25], "texture": "#0"},
				"east": {"uv": [0, 2.75, 2.75, 3.25], "texture": "#0"},
				"south": {"uv": [8.25, 2.75, 11, 3.25], "texture": "#0"},
				"west": {"uv": [5.5, 2.75, 8.25, 3.25], "texture": "#0"},
				"up": {"uv": [5.5, 2.75, 2.75, 0], "texture": "#0"},
				"down": {"uv": [8.25, 0, 5.5, 2.75], "texture": "#0"}
			}
		},
		{
			"name": "head",
			"from": [3.00131, 13, 3],
			"to": [13.00131, 16, 13],
			"rotation": {"angle": 0, "axis": "x", "origin": [7.98909, 14.99998, 8.01224]},
			"faces": {
				"north": {"uv": [2.5, 5.75, 5, 6.5], "texture": "#0"},
				"east": {"uv": [0, 5.75, 2.5, 6.5], "texture": "#0"},
				"south": {"uv": [7.5, 5.75, 10, 6.5], "texture": "#0"},
				"west": {"uv": [5, 5.75, 7.5, 6.5], "texture": "#0"},
				"up": {"uv": [5, 5.75, 2.5, 3.25], "texture": "#0"},
				"down": {"uv": [7.5, 3.25, 5, 5.75], "texture": "#0"}
			}
		},
		{
			"name": "head",
			"from": [5.00131, 13.98249, 1.89245],
			"to": [11.00131, 19.98249, 8.89245],
			"rotation": {"angle": 22.5, "axis": "x", "origin": [7.98386, 16.24997, 8.14248]},
			"faces": {
				"north": {"uv": [8, 9.5, 9.5, 11], "texture": "#0"},
				"east": {"uv": [6.25, 9.5, 8, 11], "texture": "#0"},
				"south": {"uv": [11.25, 9.5, 12.75, 11], "texture": "#0"},
				"west": {"uv": [9.5, 9.5, 11.25, 11], "texture": "#0"},
				"up": {"uv": [9.5, 9.5, 8, 7.75], "texture": "#0"},
				"down": {"uv": [11, 7.75, 9.5, 9.5], "texture": "#0"}
			}
		},
		{
			"name": "head",
			"from": [6.00131, 19.59714, -0.1313],
			"to": [10.00131, 26.59714, 2.8687],
			"rotation": {"angle": 45, "axis": "x", "origin": [7.97732, 19.44471, -3.79406]},
			"faces": {
				"north": {"uv": [8.25, 4, 9.25, 5.75], "texture": "#0"},
				"east": {"uv": [7.5, 4, 8.25, 5.75], "texture": "#0"},
				"south": {"uv": [10, 4, 11, 5.75], "texture": "#0"},
				"west": {"uv": [9.25, 4, 10, 5.75], "texture": "#0"},
				"up": {"uv": [9.25, 4, 8.25, 3.25], "texture": "#0"},
				"down": {"uv": [10.25, 3.25, 9.25, 4], "texture": "#0"}
			}
		},
		{
			"name": "head",
			"from": [7.00131, 12.20996, -2.20246],
			"to": [9.00131, 16.20996, -0.20246],
			"rotation": {"angle": 22.5, "axis": "x", "origin": [7.99346, 12.85836, 0.03987]},
			"faces": {
				"north": {"uv": [0.5, 0.5, 1, 1.5], "texture": "#0"},
				"east": {"uv": [0, 0.5, 0.5, 1.5], "texture": "#0"},
				"south": {"uv": [1.5, 0.5, 2, 1.5], "texture": "#0"},
				"west": {"uv": [1, 0.5, 1.5, 1.5], "texture": "#0"},
				"up": {"uv": [1, 0.5, 0.5, 0], "texture": "#0"},
				"down": {"uv": [1.5, 0, 1, 0.5], "texture": "#0"}
			}
		},
		{
			"name": "head",
			"from": [6.48561, 10.38176, -2.5928],
			"to": [9.48561, 13.38176, 0.4072],
			"rotation": {"angle": 0, "axis": "x", "origin": [7.99346, 12.85836, 0.03987]},
			"faces": {
				"north": {"uv": [9, 0.75, 9.75, 1.5], "texture": "#0"},
				"east": {"uv": [8.25, 0.75, 9, 1.5], "texture": "#0"},
				"south": {"uv": [10.5, 0.75, 11.25, 1.5], "texture": "#0"},
				"west": {"uv": [9.75, 0.75, 10.5, 1.5], "texture": "#0"},
				"up": {"uv": [9.75, 0.75, 9, 0], "texture": "#0"},
				"down": {"uv": [10.5, 0, 9.75, 0.75], "texture": "#0"}
			}
		},
		{
			"name": "head",
			"from": [4.00131, 14.25, 3.5],
			"to": [12.00131, 18.25, 11.5],
			"rotation": {"angle": -22.5, "axis": "x", "origin": [7.98386, 16.74997, 7.51748]},
			"faces": {
				"north": {"uv": [2, 8.5, 4, 9.5], "texture": "#0"},
				"east": {"uv": [0, 8.5, 2, 9.5], "texture": "#0"},
				"south": {"uv": [6, 8.5, 8, 9.5], "texture": "#0"},
				"west": {"uv": [4, 8.5, 6, 9.5], "texture": "#0"},
				"up": {"uv": [4, 8.5, 2, 6.5], "texture": "#0"},
				"down": {"uv": [6, 6.5, 4, 8.5], "texture": "#0"}
			}
		}
	],
	"display": {
		"thirdperson_righthand": {
			"rotation": [75, 45, 0],
			"translation": [0, 2.5, 0],
			"scale": [0.375, 0.375, 0.375]
		},
		"thirdperson_lefthand": {
			"rotation": [75, 45, 0],
			"translation": [0, 2.5, 0],
			"scale": [0.375, 0.375, 0.375]
		},
		"firstperson_righthand": {
			"rotation": [0, 45, 0],
			"scale": [0.4, 0.4, 0.4]
		},
		"firstperson_lefthand": {
			"rotation": [0, 45, 0],
			"scale": [0.4, 0.4, 0.4]
		},
		"ground": {
			"translation": [0, 3, 0],
			"scale": [0.25, 0.25, 0.25]
		},
		"gui": {
			"rotation": [30, 45, 0],
			"translation": [0, -1.75, 0],
			"scale": [0.625, 0.625, 0.625]
		},
		"head": {
			"rotation": [0, 180, 0],
			"scale": [1.45, 1.45, 1.45]
		},
		"fixed": {
			"rotation": [0, 180, 0],
			"translation": [0, -7.5, 0]
		}
	}
}