{"__comment":"Designed by RamonaSkye with Cubik Studio - https://cubik.studio","textures":{"gold_block":"block/gold_block"},"elements":[{"__comment":"Voxels-F9D828","from":[0,6,4],"to":[1,8,12],"faces":{"down":{"uv":[16,12,15,4],"texture":"#gold_block"},"up":{"uv":[0,4,1,12],"texture":"#gold_block"},"north":{"uv":[15,8,16,10],"texture":"#gold_block"},"south":{"uv":[0,8,1,10],"texture":"#gold_block"},"west":{"uv":[4,8,12,10],"texture":"#gold_block"},"east":{"uv":[4,8,12,10],"texture":"#gold_block"}}},{"__comment":"Voxels-F9D828","from":[1,6,2],"to":[3,8,3],"faces":{"down":{"uv":[15,3,13,2],"texture":"#gold_block"},"up":{"uv":[12.5,11,14.5,12],"texture":"#gold_block"},"north":{"uv":[13,8,15,10],"texture":"#gold_block"},"south":{"uv":[1,8,3,10],"texture":"#gold_block"},"west":{"uv":[2,8,3,10],"texture":"#gold_block"},"east":{"uv":[13,8,14,10],"texture":"#gold_block"}}},{"__comment":"Voxels-F9D828","from":[1,6,3],"to":[2,8,4],"faces":{"down":{"uv":[15,4,14,3],"texture":"#gold_block"},"up":{"uv":[12,11,13,12],"texture":"#gold_block"},"north":{"uv":[14,8,15,10],"texture":"#gold_block"},"south":{"uv":[1,8,2,10],"texture":"#gold_block"},"west":{"uv":[3,8,4,10],"texture":"#gold_block"},"east":{"uv":[12,8,13,10],"texture":"#gold_block"}}},{"__comment":"Voxels-EDA308","from":[1,6,4],"to":[2,7,12],"faces":{"down":{"uv":[16,15,15,7],"texture":"#gold_block"},"up":{"uv":[1,4,2,12],"texture":"#gold_block"},"north":{"uv":[15,11,16,12],"texture":"#gold_block"},"south":{"uv":[15,15,16,16],"texture":"#gold_block"},"west":{"uv":[5.5,15,13.5,16],"texture":"#gold_block"},"east":{"uv":[8,15,16,16],"texture":"#gold_block"}}},{"__comment":"Voxels-F9D828","from":[1,6,12],"to":[2,8,14],"faces":{"down":{"uv":[15,14,14,12],"texture":"#gold_block"},"up":{"uv":[10,12.5,11,14.5],"texture":"#gold_block"},"north":{"uv":[14,8,15,10],"texture":"#gold_block"},"south":{"uv":[1,8,2,10],"texture":"#gold_block"},"west":{"uv":[12,8,14,10],"texture":"#gold_block"},"east":{"uv":[2,8,4,10],"texture":"#gold_block"}}},{"__comment":"Voxels-F9D828","from":[1,7,4],"to":[2,8,12],"faces":{"down":{"uv":[15,12,14,4],"texture":"#gold_block"},"up":{"uv":[1,4,2,12],"texture":"#gold_block"},"north":{"uv":[14,8,15,9],"texture":"#gold_block"},"south":{"uv":[1,8,2,9],"texture":"#gold_block"},"west":{"uv":[4,8,12,9],"texture":"#gold_block"},"east":{"uv":[4,8,12,9],"texture":"#gold_block"}}},{"__comment":"Voxels-F9D828","from":[2,6,1],"to":[4,8,2],"faces":{"down":{"uv":[14,2,12,1],"texture":"#gold_block"},"up":{"uv":[2,1,4,2],"texture":"#gold_block"},"north":{"uv":[12,8,14,10],"texture":"#gold_block"},"south":{"uv":[2,8,4,10],"texture":"#gold_block"},"west":{"uv":[1,8,2,10],"texture":"#gold_block"},"east":{"uv":[14,8,15,10],"texture":"#gold_block"}}},{"__comment":"Voxels-EDA308","from":[2,6,3],"to":[3,7,4],"faces":{"down":{"uv":[16,14.5,15,13.5],"texture":"#gold_block"},"up":{"uv":[2,3,3,4],"texture":"#gold_block"},"north":{"uv":[15,13,16,14],"texture":"#gold_block"},"south":{"uv":[15,15,16,16],"texture":"#gold_block"},"west":{"uv":[15,15,16,16],"texture":"#gold_block"},"east":{"uv":[15,15,16,16],"texture":"#gold_block"}}},{"__comment":"Voxels-EDA308","from":[2,6,12],"to":[3,7,13],"faces":{"down":{"uv":[15,16,14,15],"texture":"#gold_block"},"up":{"uv":[2,12,3,13],"texture":"#gold_block"},"north":{"uv":[13,15,14,16],"texture":"#gold_block"},"south":{"uv":[15,15,16,16],"texture":"#gold_block"},"west":{"uv":[13,15,14,16],"texture":"#gold_block"},"east":{"uv":[12,15,13,16],"texture":"#gold_block"}}},{"__comment":"Voxels-F9D828","from":[2,6,13],"to":[3,8,15],"faces":{"down":{"uv":[14,15,13,13],"texture":"#gold_block"},"up":{"uv":[12,10.5,13,12.5],"texture":"#gold_block"},"north":{"uv":[13,8,14,10],"texture":"#gold_block"},"south":{"uv":[2,8,3,10],"texture":"#gold_block"},"west":{"uv":[13,8,15,10],"texture":"#gold_block"},"east":{"uv":[1,8,3,10],"texture":"#gold_block"}}},{"__comment":"Voxels-F9D828","from":[2,7,3],"to":[3,8,4],"faces":{"down":{"uv":[14,4,13,3],"texture":"#gold_block"},"up":{"uv":[2,3,3,4],"texture":"#gold_block"},"north":{"uv":[13,8,14,9],"texture":"#gold_block"},"south":{"uv":[2,8,3,9],"texture":"#gold_block"},"west":{"uv":[3,8,4,9],"texture":"#gold_block"},"east":{"uv":[12,8,13,9],"texture":"#gold_block"}}},{"__comment":"Voxels-F9D828","from":[2,7,12],"to":[3,8,13],"faces":{"down":{"uv":[14,13,13,12],"texture":"#gold_block"},"up":{"uv":[2,12,3,13],"texture":"#gold_block"},"north":{"uv":[13,8,14,9],"texture":"#gold_block"},"south":{"uv":[2,8,3,9],"texture":"#gold_block"},"west":{"uv":[12,8,13,9],"texture":"#gold_block"},"east":{"uv":[3,8,4,9],"texture":"#gold_block"}}},{"__comment":"Voxels-EDA308","from":[3,6,2],"to":[4,7,3],"faces":{"down":{"uv":[16,12.5,15,11.5],"texture":"#gold_block"},"up":{"uv":[3,2,4,3],"texture":"#gold_block"},"north":{"uv":[12,15,13,16],"texture":"#gold_block"},"south":{"uv":[15,13.5,16,14.5],"texture":"#gold_block"},"west":{"uv":[15,15,16,16],"texture":"#gold_block"},"east":{"uv":[15,13,16,14],"texture":"#gold_block"}}},{"__comment":"Voxels-EDA308","from":[3,6,13],"to":[4,7,14],"faces":{"down":{"uv":[13.5,16,12.5,15],"texture":"#gold_block"},"up":{"uv":[3,13,4,14],"texture":"#gold_block"},"north":{"uv":[12.5,15,13.5,16],"texture":"#gold_block"},"south":{"uv":[3.5,15,4.5,16],"texture":"#gold_block"},"west":{"uv":[13.5,15,14.5,16],"texture":"#gold_block"},"east":{"uv":[11.5,15,12.5,16],"texture":"#gold_block"}}},{"__comment":"Voxels-F9D828","from":[3,6,14],"to":[4,8,15],"faces":{"down":{"uv":[13,15,12,14],"texture":"#gold_block"},"up":{"uv":[12.5,10.5,13.5,11.5],"texture":"#gold_block"},"north":{"uv":[12,8,13,10],"texture":"#gold_block"},"south":{"uv":[3,8,4,10],"texture":"#gold_block"},"west":{"uv":[14,8,15,10],"texture":"#gold_block"},"east":{"uv":[1,8,2,10],"texture":"#gold_block"}}},{"__comment":"Voxels-F9D828","from":[3,7,2],"to":[4,8,3],"faces":{"down":{"uv":[13,3,12,2],"texture":"#gold_block"},"up":{"uv":[3,2,4,3],"texture":"#gold_block"},"north":{"uv":[12,8,13,9],"texture":"#gold_block"},"south":{"uv":[3,8,4,9],"texture":"#gold_block"},"west":{"uv":[2,8,3,9],"texture":"#gold_block"},"east":{"uv":[13,8,14,9],"texture":"#gold_block"}}},{"__comment":"Voxels-F9D828","from":[3,7,13],"to":[4,8,14],"faces":{"down":{"uv":[13,14,12,13],"texture":"#gold_block"},"up":{"uv":[3,13,4,14],"texture":"#gold_block"},"north":{"uv":[12,8,13,9],"texture":"#gold_block"},"south":{"uv":[3,8,4,9],"texture":"#gold_block"},"west":{"uv":[13,8,14,9],"texture":"#gold_block"},"east":{"uv":[2,8,3,9],"texture":"#gold_block"}}},{"__comment":"Voxels-F9D828","from":[4,6,0],"to":[12,8,1],"faces":{"down":{"uv":[12,1,4,0],"texture":"#gold_block"},"up":{"uv":[4,0,12,1],"texture":"#gold_block"},"north":{"uv":[4,8,12,10],"texture":"#gold_block"},"south":{"uv":[4,8,12,10],"texture":"#gold_block"},"west":{"uv":[0,8,1,10],"texture":"#gold_block"},"east":{"uv":[15,8,16,10],"texture":"#gold_block"}}},{"__comment":"Voxels-EDA308","from":[4,6,1],"to":[12,7,2],"faces":{"down":{"uv":[12.5,16,4.5,15],"texture":"#gold_block"},"up":{"uv":[4,1,12,2],"texture":"#gold_block"},"north":{"uv":[5,15,13,16],"texture":"#gold_block"},"south":{"uv":[4,15,12,16],"texture":"#gold_block"},"west":{"uv":[1,9,2,10],"texture":"#gold_block"},"east":{"uv":[14,9,15,10],"texture":"#gold_block"}}},{"__comment":"Voxels-EDA308","from":[4,6,14],"to":[12,7,15],"faces":{"down":{"uv":[12,16,4,15],"texture":"#gold_block"},"up":{"uv":[4,14,12,15],"texture":"#gold_block"},"north":{"uv":[4.5,15,12.5,16],"texture":"#gold_block"},"south":{"uv":[4.5,15,12.5,16],"texture":"#gold_block"},"west":{"uv":[14,9,15,10],"texture":"#gold_block"},"east":{"uv":[1,9,2,10],"texture":"#gold_block"}}},{"__comment":"Voxels-F9D828","from":[4,6,15],"to":[12,8,16],"faces":{"down":{"uv":[12,16,4,15],"texture":"#gold_block"},"up":{"uv":[4,15,12,16],"texture":"#gold_block"},"north":{"uv":[4,8,12,10],"texture":"#gold_block"},"south":{"uv":[4,8,12,10],"texture":"#gold_block"},"west":{"uv":[15,8,16,10],"texture":"#gold_block"},"east":{"uv":[0,8,1,10],"texture":"#gold_block"}}},{"__comment":"Voxels-F9D828","from":[4,7,1],"to":[14,8,2],"faces":{"down":{"uv":[12,2,2,1],"texture":"#gold_block"},"up":{"uv":[4,11,14,12],"texture":"#gold_block"},"north":{"uv":[2,8,12,9],"texture":"#gold_block"},"south":{"uv":[4,8,14,9],"texture":"#gold_block"},"west":{"uv":[1,8,2,9],"texture":"#gold_block"},"east":{"uv":[14,8,15,9],"texture":"#gold_block"}}},{"__comment":"Voxels-F9D828","from":[4,7,14],"to":[14,8,15],"faces":{"down":{"uv":[12,15,2,14],"texture":"#gold_block"},"up":{"uv":[2.5,13.5,12.5,14.5],"texture":"#gold_block"},"north":{"uv":[2,8,12,9],"texture":"#gold_block"},"south":{"uv":[4,8,14,9],"texture":"#gold_block"},"west":{"uv":[14,8,15,9],"texture":"#gold_block"},"east":{"uv":[1,8,2,9],"texture":"#gold_block"}}},{"__comment":"Voxels-F9D828","from":[12,6,1],"to":[14,7,2],"faces":{"down":{"uv":[4,2,2,1],"texture":"#gold_block"},"up":{"uv":[12,1,14,2],"texture":"#gold_block"},"north":{"uv":[2,9,4,10],"texture":"#gold_block"},"south":{"uv":[12,9,14,10],"texture":"#gold_block"},"west":{"uv":[1,9,2,10],"texture":"#gold_block"},"east":{"uv":[14,9,15,10],"texture":"#gold_block"}}},{"__comment":"Voxels-EDA308","from":[12,6,2],"to":[13,7,3],"faces":{"down":{"uv":[7,16,6,15],"texture":"#gold_block"},"up":{"uv":[12,2,13,3],"texture":"#gold_block"},"north":{"uv":[4.5,15,5.5,16],"texture":"#gold_block"},"south":{"uv":[12.5,15,13.5,16],"texture":"#gold_block"},"west":{"uv":[2.5,15,3.5,16],"texture":"#gold_block"},"east":{"uv":[12,15,13,16],"texture":"#gold_block"}}},{"__comment":"Voxels-EDA308","from":[12,6,13],"to":[13,7,14],"faces":{"down":{"uv":[6,16,5,15],"texture":"#gold_block"},"up":{"uv":[12,13,13,14],"texture":"#gold_block"},"north":{"uv":[15,15,16,16],"texture":"#gold_block"},"south":{"uv":[15,15,16,16],"texture":"#gold_block"},"west":{"uv":[15,13,16,14],"texture":"#gold_block"},"east":{"uv":[15,13.5,16,14.5],"texture":"#gold_block"}}},{"__comment":"Voxels-F9D828","from":[12,6,14],"to":[14,7,15],"faces":{"down":{"uv":[4,15,2,14],"texture":"#gold_block"},"up":{"uv":[12,14,14,15],"texture":"#gold_block"},"north":{"uv":[2,9,4,10],"texture":"#gold_block"},"south":{"uv":[12,9,14,10],"texture":"#gold_block"},"west":{"uv":[14,9,15,10],"texture":"#gold_block"},"east":{"uv":[1,9,2,10],"texture":"#gold_block"}}},{"__comment":"Voxels-F9D828","from":[12,7,2],"to":[15,8,3],"faces":{"down":{"uv":[4,3,1,2],"texture":"#gold_block"},"up":{"uv":[11,11.5,14,12.5],"texture":"#gold_block"},"north":{"uv":[1,8,4,9],"texture":"#gold_block"},"south":{"uv":[12,8,15,9],"texture":"#gold_block"},"west":{"uv":[2,8,3,9],"texture":"#gold_block"},"east":{"uv":[13,8,14,9],"texture":"#gold_block"}}},{"__comment":"Voxels-F9D828","from":[12,7,13],"to":[15,8,14],"faces":{"down":{"uv":[4,14,1,13],"texture":"#gold_block"},"up":{"uv":[10,11.5,13,12.5],"texture":"#gold_block"},"north":{"uv":[1,8,4,9],"texture":"#gold_block"},"south":{"uv":[12,8,15,9],"texture":"#gold_block"},"west":{"uv":[13,8,14,9],"texture":"#gold_block"},"east":{"uv":[2,8,3,9],"texture":"#gold_block"}}},{"__comment":"Voxels-F9D828","from":[13,6,2],"to":[15,7,3],"faces":{"down":{"uv":[3,3,1,2],"texture":"#gold_block"},"up":{"uv":[13,2,15,3],"texture":"#gold_block"},"north":{"uv":[1,9,3,10],"texture":"#gold_block"},"south":{"uv":[13,9,15,10],"texture":"#gold_block"},"west":{"uv":[2,9,3,10],"texture":"#gold_block"},"east":{"uv":[13,9,14,10],"texture":"#gold_block"}}},{"__comment":"Voxels-EDA308","from":[13,6,3],"to":[14,7,4],"faces":{"down":{"uv":[9,16,8,15],"texture":"#gold_block"},"up":{"uv":[13,3,14,4],"texture":"#gold_block"},"north":{"uv":[7.5,15,8.5,16],"texture":"#gold_block"},"south":{"uv":[13,15,14,16],"texture":"#gold_block"},"west":{"uv":[8,15,9,16],"texture":"#gold_block"},"east":{"uv":[11.5,15,12.5,16],"texture":"#gold_block"}}},{"__comment":"Voxels-EDA308","from":[13,6,12],"to":[14,7,13],"faces":{"down":{"uv":[4.5,16,3.5,15],"texture":"#gold_block"},"up":{"uv":[13,12,14,13],"texture":"#gold_block"},"north":{"uv":[15,15,16,16],"texture":"#gold_block"},"south":{"uv":[15,15,16,16],"texture":"#gold_block"},"west":{"uv":[15,15,16,16],"texture":"#gold_block"},"east":{"uv":[13,15,14,16],"texture":"#gold_block"}}},{"__comment":"Voxels-F9D828","from":[13,6,13],"to":[15,7,14],"faces":{"down":{"uv":[3,14,1,13],"texture":"#gold_block"},"up":{"uv":[13,13,15,14],"texture":"#gold_block"},"north":{"uv":[1,9,3,10],"texture":"#gold_block"},"south":{"uv":[13,9,15,10],"texture":"#gold_block"},"west":{"uv":[13,9,14,10],"texture":"#gold_block"},"east":{"uv":[2,9,3,10],"texture":"#gold_block"}}},{"__comment":"Voxels-F9D828","from":[13,7,3],"to":[15,8,4],"faces":{"down":{"uv":[3,4,1,3],"texture":"#gold_block"},"up":{"uv":[11,11,13,12],"texture":"#gold_block"},"north":{"uv":[1,8,3,9],"texture":"#gold_block"},"south":{"uv":[13,8,15,9],"texture":"#gold_block"},"west":{"uv":[3,8,4,9],"texture":"#gold_block"},"east":{"uv":[12,8,13,9],"texture":"#gold_block"}}},{"__comment":"Voxels-F9D828","from":[13,7,12],"to":[15,8,13],"faces":{"down":{"uv":[3,13,1,12],"texture":"#gold_block"},"up":{"uv":[11.5,10.5,13.5,11.5],"texture":"#gold_block"},"north":{"uv":[1,8,3,9],"texture":"#gold_block"},"south":{"uv":[13,8,15,9],"texture":"#gold_block"},"west":{"uv":[12,8,13,9],"texture":"#gold_block"},"east":{"uv":[3,8,4,9],"texture":"#gold_block"}}},{"__comment":"Voxels-F9D828","from":[14,6,3],"to":[15,7,4],"faces":{"down":{"uv":[2,4,1,3],"texture":"#gold_block"},"up":{"uv":[14,3,15,4],"texture":"#gold_block"},"north":{"uv":[1,9,2,10],"texture":"#gold_block"},"south":{"uv":[14,9,15,10],"texture":"#gold_block"},"west":{"uv":[3,9,4,10],"texture":"#gold_block"},"east":{"uv":[12,9,13,10],"texture":"#gold_block"}}},{"__comment":"Voxels-EDA308","from":[14,6,4],"to":[15,7,12],"faces":{"down":{"uv":[16,16,15,8],"texture":"#gold_block"},"up":{"uv":[14,4,15,12],"texture":"#gold_block"},"north":{"uv":[1,9,2,10],"texture":"#gold_block"},"south":{"uv":[14,9,15,10],"texture":"#gold_block"},"west":{"uv":[3.5,15,11.5,16],"texture":"#gold_block"},"east":{"uv":[4,15,12,16],"texture":"#gold_block"}}},{"__comment":"Voxels-F9D828","from":[14,6,12],"to":[15,7,13],"faces":{"down":{"uv":[2,13,1,12],"texture":"#gold_block"},"up":{"uv":[14,12,15,13],"texture":"#gold_block"},"north":{"uv":[1,9,2,10],"texture":"#gold_block"},"south":{"uv":[14,9,15,10],"texture":"#gold_block"},"west":{"uv":[12,9,13,10],"texture":"#gold_block"},"east":{"uv":[3,9,4,10],"texture":"#gold_block"}}},{"__comment":"Voxels-F9D828","from":[14,7,4],"to":[16,8,12],"faces":{"down":{"uv":[2,12,0,4],"texture":"#gold_block"},"up":{"uv":[14,4,16,12],"texture":"#gold_block"},"north":{"uv":[0,8,2,9],"texture":"#gold_block"},"south":{"uv":[14,8,16,9],"texture":"#gold_block"},"west":{"uv":[4,8,12,9],"texture":"#gold_block"},"east":{"uv":[4,8,12,9],"texture":"#gold_block"}}},{"__comment":"Voxels-F9D828","from":[15,6,4],"to":[16,7,12],"faces":{"down":{"uv":[1,12,0,4],"texture":"#gold_block"},"up":{"uv":[15,4,16,12],"texture":"#gold_block"},"north":{"uv":[0,9,1,10],"texture":"#gold_block"},"south":{"uv":[15,9,16,10],"texture":"#gold_block"},"west":{"uv":[4,9,12,10],"texture":"#gold_block"},"east":{"uv":[4,9,12,10],"texture":"#gold_block"}}}],"display":{"gui":{"rotation":[21,-50,0],"translation":[0,0,6.2608]},"head":{"translation":[0,13.217,0]}}}