{"__comment":"Designed by Oberdiah - http://bdcraft.net","textures":{"texture":"block/red_wool"},"elements":[{"from":[2,13,1],"to":[3,14,3],"faces":{"down":{"uv":[14,3,13,1],"texture":"#texture"},"up":{"uv":[2,1,3,3],"texture":"#texture"},"north":{"uv":[13,2,14,3],"texture":"#texture"},"south":{"uv":[2,2,3,3],"texture":"#texture"},"west":{"uv":[1,2,3,3],"texture":"#texture"},"east":{"uv":[13,2,15,3],"texture":"#texture"}}},{"from":[2,13,4],"to":[3,14,6],"faces":{"down":{"uv":[14,6,13,4],"texture":"#texture"},"up":{"uv":[2,4,3,6],"texture":"#texture"},"north":{"uv":[13,2,14,3],"texture":"#texture"},"south":{"uv":[2,2,3,3],"texture":"#texture"},"west":{"uv":[4,2,6,3],"texture":"#texture"},"east":{"uv":[10,2,12,3],"texture":"#texture"}}},{"from":[2,11,0],"to":[3,13,7],"faces":{"down":{"uv":[14,7,13,0],"texture":"#texture"},"up":{"uv":[2,0,3,7],"texture":"#texture"},"north":{"uv":[13,3,14,5],"texture":"#texture"},"south":{"uv":[2,3,3,5],"texture":"#texture"},"west":{"uv":[0,3,7,5],"texture":"#texture"},"east":{"uv":[9,3,16,5],"texture":"#texture"}}},{"from":[2,10,1],"to":[3,11,6],"faces":{"down":{"uv":[14,6,13,1],"texture":"#texture"},"up":{"uv":[2,1,3,6],"texture":"#texture"},"north":{"uv":[13,5,14,6],"texture":"#texture"},"south":{"uv":[2,5,3,6],"texture":"#texture"},"west":{"uv":[1,5,6,6],"texture":"#texture"},"east":{"uv":[10,5,15,6],"texture":"#texture"}}},{"from":[2,9,2],"to":[3,10,5],"faces":{"down":{"uv":[14,5,13,2],"texture":"#texture"},"up":{"uv":[2,2,3,5],"texture":"#texture"},"north":{"uv":[13,6,14,7],"texture":"#texture"},"south":{"uv":[2,6,3,7],"texture":"#texture"},"west":{"uv":[2,6,5,7],"texture":"#texture"},"east":{"uv":[11,6,14,7],"texture":"#texture"}}},{"from":[2,8,3],"to":[3,9,4],"faces":{"down":{"uv":[14,4,13,3],"texture":"#texture"},"up":{"uv":[2,3,3,4],"texture":"#texture"},"north":{"uv":[13,7,14,8],"texture":"#texture"},"south":{"uv":[2,7,3,8],"texture":"#texture"},"west":{"uv":[3,7,4,8],"texture":"#texture"},"east":{"uv":[12,7,13,8],"texture":"#texture"}}},{"from":[6,4,5],"to":[7,6,12],"faces":{"down":{"uv":[10,12,9,5],"texture":"#texture"},"up":{"uv":[6,5,7,12],"texture":"#texture"},"north":{"uv":[9,10,10,12],"texture":"#texture"},"south":{"uv":[6,10,7,12],"texture":"#texture"},"west":{"uv":[5,10,12,12],"texture":"#texture"},"east":{"uv":[4,10,11,12],"texture":"#texture"}}},{"from":[6,6,6],"to":[7,7,8],"faces":{"down":{"uv":[10,8,9,6],"texture":"#texture"},"up":{"uv":[6,6,7,8],"texture":"#texture"},"north":{"uv":[9,9,10,10],"texture":"#texture"},"south":{"uv":[6,9,7,10],"texture":"#texture"},"west":{"uv":[6,9,8,10],"texture":"#texture"},"east":{"uv":[8,9,10,10],"texture":"#texture"}}},{"from":[6,6,9],"to":[7,7,11],"faces":{"down":{"uv":[10,11,9,9],"texture":"#texture"},"up":{"uv":[6,9,7,11],"texture":"#texture"},"north":{"uv":[9,9,10,10],"texture":"#texture"},"south":{"uv":[6,9,7,10],"texture":"#texture"},"west":{"uv":[9,9,11,10],"texture":"#texture"},"east":{"uv":[5,9,7,10],"texture":"#texture"}}},{"from":[6,3,6],"to":[7,4,11],"faces":{"down":{"uv":[10,11,9,6],"texture":"#texture"},"up":{"uv":[6,6,7,11],"texture":"#texture"},"north":{"uv":[9,12,10,13],"texture":"#texture"},"south":{"uv":[6,12,7,13],"texture":"#texture"},"west":{"uv":[6,12,11,13],"texture":"#texture"},"east":{"uv":[5,12,10,13],"texture":"#texture"}}},{"from":[6,1,8],"to":[7,2,9],"faces":{"down":{"uv":[10,9,9,8],"texture":"#texture"},"up":{"uv":[6,8,7,9],"texture":"#texture"},"north":{"uv":[9,14,10,15],"texture":"#texture"},"south":{"uv":[6,14,7,15],"texture":"#texture"},"west":{"uv":[8,14,9,15],"texture":"#texture"},"east":{"uv":[7,14,8,15],"texture":"#texture"}}},{"from":[6,2,7],"to":[7,3,10],"faces":{"down":{"uv":[10,10,9,7],"texture":"#texture"},"up":{"uv":[6,7,7,10],"texture":"#texture"},"north":{"uv":[9,13,10,14],"texture":"#texture"},"south":{"uv":[6,13,7,14],"texture":"#texture"},"west":{"uv":[7,13,10,14],"texture":"#texture"},"east":{"uv":[6,13,9,14],"texture":"#texture"}}},{"from":[12,10,9],"to":[13,12,16],"faces":{"down":{"uv":[4,16,3,9],"texture":"#texture"},"up":{"uv":[12,9,13,16],"texture":"#texture"},"north":{"uv":[3,4,4,6],"texture":"#texture"},"south":{"uv":[12,4,13,6],"texture":"#texture"},"west":{"uv":[9,4,16,6],"texture":"#texture"},"east":{"uv":[0,4,7,6],"texture":"#texture"}}},{"from":[12,9,10],"to":[13,10,15],"faces":{"down":{"uv":[4,15,3,10],"texture":"#texture"},"up":{"uv":[12,10,13,15],"texture":"#texture"},"north":{"uv":[3,6,4,7],"texture":"#texture"},"south":{"uv":[12,6,13,7],"texture":"#texture"},"west":{"uv":[10,6,15,7],"texture":"#texture"},"east":{"uv":[1,6,6,7],"texture":"#texture"}}},{"from":[12,8,11],"to":[13,9,14],"faces":{"down":{"uv":[4,14,3,11],"texture":"#texture"},"up":{"uv":[12,11,13,14],"texture":"#texture"},"north":{"uv":[3,7,4,8],"texture":"#texture"},"south":{"uv":[12,7,13,8],"texture":"#texture"},"west":{"uv":[11,7,14,8],"texture":"#texture"},"east":{"uv":[2,7,5,8],"texture":"#texture"}}},{"from":[12,7,12],"to":[13,8,13],"faces":{"down":{"uv":[4,13,3,12],"texture":"#texture"},"up":{"uv":[12,12,13,13],"texture":"#texture"},"north":{"uv":[3,8,4,9],"texture":"#texture"},"south":{"uv":[12,8,13,9],"texture":"#texture"},"west":{"uv":[12,8,13,9],"texture":"#texture"},"east":{"uv":[3,8,4,9],"texture":"#texture"}}},{"from":[12,12,10],"to":[13,13,12],"faces":{"down":{"uv":[4,12,3,10],"texture":"#texture"},"up":{"uv":[12,10,13,12],"texture":"#texture"},"north":{"uv":[3,3,4,4],"texture":"#texture"},"south":{"uv":[12,3,13,4],"texture":"#texture"},"west":{"uv":[10,3,12,4],"texture":"#texture"},"east":{"uv":[4,3,6,4],"texture":"#texture"}}},{"from":[12,12,13],"to":[13,13,15],"faces":{"down":{"uv":[4,15,3,13],"texture":"#texture"},"up":{"uv":[12,13,13,15],"texture":"#texture"},"north":{"uv":[3,3,4,4],"texture":"#texture"},"south":{"uv":[12,3,13,4],"texture":"#texture"},"west":{"uv":[13,3,15,4],"texture":"#texture"},"east":{"uv":[1,3,3,4],"texture":"#texture"}}},{"from":[1,11,1],"to":[4,13,3],"faces":{"down":{"uv":[15,3,12,1],"texture":"#texture"},"up":{"uv":[1,1,4,3],"texture":"#texture"},"north":{"uv":[12,3,15,5],"texture":"#texture"},"south":{"uv":[1,3,4,5],"texture":"#texture"},"west":{"uv":[1,3,3,5],"texture":"#texture"},"east":{"uv":[13,3,15,5],"texture":"#texture"}}},{"from":[1,11,4],"to":[4,13,6],"faces":{"down":{"uv":[15,6,12,4],"texture":"#texture"},"up":{"uv":[1,4,4,6],"texture":"#texture"},"north":{"uv":[12,3,15,5],"texture":"#texture"},"south":{"uv":[1,3,4,5],"texture":"#texture"},"west":{"uv":[4,3,6,5],"texture":"#texture"},"east":{"uv":[10,3,12,5],"texture":"#texture"}}},{"from":[1,10,2],"to":[4,11,5],"faces":{"down":{"uv":[15,5,12,2],"texture":"#texture"},"up":{"uv":[1,2,4,5],"texture":"#texture"},"north":{"uv":[12,5,15,6],"texture":"#texture"},"south":{"uv":[1,5,4,6],"texture":"#texture"},"west":{"uv":[2,5,5,6],"texture":"#texture"},"east":{"uv":[11,5,14,6],"texture":"#texture"}}},{"from":[1,9,3],"to":[4,10,4],"faces":{"down":{"uv":[15,4,12,3],"texture":"#texture"},"up":{"uv":[1,3,4,4],"texture":"#texture"},"north":{"uv":[12,6,15,7],"texture":"#texture"},"south":{"uv":[1,6,4,7],"texture":"#texture"},"west":{"uv":[3,6,4,7],"texture":"#texture"},"east":{"uv":[12,6,13,7],"texture":"#texture"}}},{"from":[1,11,3],"to":[4,12,4],"faces":{"down":{"uv":[15,4,12,3],"texture":"#texture"},"up":{"uv":[1,3,4,4],"texture":"#texture"},"north":{"uv":[12,4,15,5],"texture":"#texture"},"south":{"uv":[1,4,4,5],"texture":"#texture"},"west":{"uv":[3,4,4,5],"texture":"#texture"},"east":{"uv":[12,4,13,5],"texture":"#texture"}}},{"from":[11,10,10],"to":[14,12,12],"faces":{"down":{"uv":[5,12,2,10],"texture":"#texture"},"up":{"uv":[11,10,14,12],"texture":"#texture"},"north":{"uv":[2,4,5,6],"texture":"#texture"},"south":{"uv":[11,4,14,6],"texture":"#texture"},"west":{"uv":[10,4,12,6],"texture":"#texture"},"east":{"uv":[4,4,6,6],"texture":"#texture"}}},{"from":[11,10,13],"to":[14,12,15],"faces":{"down":{"uv":[5,15,2,13],"texture":"#texture"},"up":{"uv":[11,13,14,15],"texture":"#texture"},"north":{"uv":[2,4,5,6],"texture":"#texture"},"south":{"uv":[11,4,14,6],"texture":"#texture"},"west":{"uv":[13,4,15,6],"texture":"#texture"},"east":{"uv":[1,4,3,6],"texture":"#texture"}}},{"from":[11,9,11],"to":[14,10,14],"faces":{"down":{"uv":[5,14,2,11],"texture":"#texture"},"up":{"uv":[11,11,14,14],"texture":"#texture"},"north":{"uv":[2,6,5,7],"texture":"#texture"},"south":{"uv":[11,6,14,7],"texture":"#texture"},"west":{"uv":[11,6,14,7],"texture":"#texture"},"east":{"uv":[2,6,5,7],"texture":"#texture"}}},{"from":[11,8,12],"to":[14,9,13],"faces":{"down":{"uv":[5,13,2,12],"texture":"#texture"},"up":{"uv":[11,12,14,13],"texture":"#texture"},"north":{"uv":[2,7,5,8],"texture":"#texture"},"south":{"uv":[11,7,14,8],"texture":"#texture"},"west":{"uv":[12,7,13,8],"texture":"#texture"},"east":{"uv":[3,7,4,8],"texture":"#texture"}}},{"from":[11,10,12],"to":[14,11,13],"faces":{"down":{"uv":[5,13,2,12],"texture":"#texture"},"up":{"uv":[11,12,14,13],"texture":"#texture"},"north":{"uv":[2,5,5,6],"texture":"#texture"},"south":{"uv":[11,5,14,6],"texture":"#texture"},"west":{"uv":[12,5,13,6],"texture":"#texture"},"east":{"uv":[3,5,4,6],"texture":"#texture"}}},{"from":[5,4,6],"to":[8,6,8],"faces":{"down":{"uv":[11,8,8,6],"texture":"#texture"},"up":{"uv":[5,6,8,8],"texture":"#texture"},"north":{"uv":[8,10,11,12],"texture":"#texture"},"south":{"uv":[5,10,8,12],"texture":"#texture"},"west":{"uv":[6,10,8,12],"texture":"#texture"},"east":{"uv":[8,10,10,12],"texture":"#texture"}}},{"from":[5,4,9],"to":[8,6,11],"faces":{"down":{"uv":[11,11,8,9],"texture":"#texture"},"up":{"uv":[5,9,8,11],"texture":"#texture"},"north":{"uv":[8,10,11,12],"texture":"#texture"},"south":{"uv":[5,10,8,12],"texture":"#texture"},"west":{"uv":[9,10,11,12],"texture":"#texture"},"east":{"uv":[5,10,7,12],"texture":"#texture"}}},{"from":[5,4,8],"to":[8,5,9],"faces":{"down":{"uv":[11,9,8,8],"texture":"#texture"},"up":{"uv":[5,8,8,9],"texture":"#texture"},"north":{"uv":[8,11,11,12],"texture":"#texture"},"south":{"uv":[5,11,8,12],"texture":"#texture"},"west":{"uv":[8,11,9,12],"texture":"#texture"},"east":{"uv":[7,11,8,12],"texture":"#texture"}}},{"from":[5,3,7],"to":[8,4,10],"faces":{"down":{"uv":[11,10,8,7],"texture":"#texture"},"up":{"uv":[5,7,8,10],"texture":"#texture"},"north":{"uv":[8,12,11,13],"texture":"#texture"},"south":{"uv":[5,12,8,13],"texture":"#texture"},"west":{"uv":[7,12,10,13],"texture":"#texture"},"east":{"uv":[6,12,9,13],"texture":"#texture"}}},{"from":[5,2,8],"to":[8,3,9],"faces":{"down":{"uv":[11,9,8,8],"texture":"#texture"},"up":{"uv":[5,8,8,9],"texture":"#texture"},"north":{"uv":[8,13,11,14],"texture":"#texture"},"south":{"uv":[5,13,8,14],"texture":"#texture"},"west":{"uv":[8,13,9,14],"texture":"#texture"},"east":{"uv":[7,13,8,14],"texture":"#texture"}}}],"display":{"gui":{"rotation":[21,70,-180],"scale":[-0.8,-0.8,-0.8]},"head":{"rotation":[0,90,0],"translation":[0,16.252,-1.391],"scale":[1.2,1.2,1.2]}}}