{
	"credit": "Made with Blockbench",
	"ambientocclusion": false,
	"texture_size": [128, 128],
	"textures": {
		"0": "craftadia/hats/leprechaun"
	},
	"elements": [
		{
			"name": "hat",
			"from": [-1, 1, 0.5],
			"to": [17, 15, 18.5],
			"faces": {
				"north": {"uv": [2.25, 5.625, 4.5, 7.375], "texture": "#0"},
				"east": {"uv": [0, 5.625, 2.25, 7.375], "texture": "#0"},
				"south": {"uv": [6.75, 5.625, 9, 7.375], "texture": "#0"},
				"west": {"uv": [4.5, 5.625, 6.75, 7.375], "texture": "#0"},
				"up": {"uv": [4.5, 5.625, 2.25, 3.375], "texture": "#0"},
				"down": {"uv": [6.75, 3.375, 4.5, 5.625], "texture": "#0"}
			}
		},
		{
			"name": "hat",
			"from": [-5, 1, 0.5],
			"to": [3, 9, 0.5],
			"rotation": {"angle": 22.5, "axis": "y", "origin": [-1.00783, 4.99736, 0.51046]},
			"faces": {
				"north": {"uv": [0, 15, 1, 16], "texture": "#0"},
				"east": {"uv": [0, 15, 0, 16], "texture": "#0"},
				"south": {"uv": [1, 15, 2, 16], "texture": "#0"},
				"west": {"uv": [1, 15, 1, 16], "texture": "#0"},
				"up": {"uv": [1, 15, 0, 15], "texture": "#0"},
				"down": {"uv": [2, 15, 1, 15], "texture": "#0"}
			}
		},
		{
			"name": "hat",
			"from": [3, 1, -1.5],
			"to": [13, 8, 0.5],
			"faces": {
				"north": {"uv": [0.25, 2.25, 1.5, 3.125], "texture": "#0"},
				"east": {"uv": [0, 2.25, 0.25, 3.125], "texture": "#0"},
				"south": {"uv": [1.75, 2.25, 3, 3.125], "texture": "#0"},
				"west": {"uv": [1.5, 2.25, 1.75, 3.125], "texture": "#0"},
				"up": {"uv": [1.5, 2.25, 0.25, 2], "texture": "#0"},
				"down": {"uv": [2.75, 2, 1.5, 2.25], "texture": "#0"}
			}
		},
		{
			"name": "hat",
			"from": [-5, 0, -3.5],
			"to": [21, 1, 22.5],
			"faces": {
				"north": {"uv": [3.25, 3.25, 6.5, 3.375], "texture": "#0"},
				"east": {"uv": [0, 3.25, 3.25, 3.375], "texture": "#0"},
				"south": {"uv": [9.75, 3.25, 13, 3.375], "texture": "#0"},
				"west": {"uv": [6.5, 3.25, 9.75, 3.375], "texture": "#0"},
				"up": {"uv": [6.5, 3.25, 3.25, 0], "texture": "#0"},
				"down": {"uv": [9.75, 0, 6.5, 3.25], "texture": "#0"}
			}
		}
	],
	"display": {
		"gui": {
			"rotation": [16.25, 155.75, 0],
			"translation": [-1, 0, 0],
			"scale": [0.5, 0.5, 0.5]
		},
		"head": {
			"translation": [0, 9, -1.25],
			"scale": [0.8, 0.8, 0.8]
		}
	},
	"groups": [
		{
			"name": "elements",
			"origin": [8, 8, 8],
			"children": [
				{
					"name": "leprechaun",
					"origin": [8, 8, 8],
					"children": [
						{
							"name": "hat",
							"origin": [8, 8, 8],
							"children": [0, 1, 2, 3]
						}
					]
				}
			]
		}
	]
}