{
	"credit": "Made with Blockbench",
	"ambientocclusion": false,
	"texture_size": [128, 128],
	"textures": {
		"0": "craftadia/hats/leprechaun"
	},
	"elements": [
		{
			"name": "head",
			"from": [7.0303, 5.27273, 8.24242],
			"to": [8.9697, 6, 10.18182],
			"rotation": {"angle": 0, "axis": "y", "origin": [8, -6.12121, 8]},
			"faces": {
				"north": {"uv": [7.25, 5.5, 7.75, 5.625], "texture": "#0"},
				"east": {"uv": [6.75, 5.5, 7.25, 5.625], "texture": "#0"},
				"south": {"uv": [8.25, 5.5, 8.75, 5.625], "texture": "#0"},
				"west": {"uv": [7.75, 5.5, 8.25, 5.625], "texture": "#0"},
				"up": {"uv": [7.75, 5.5, 7.25, 5], "texture": "#0"},
				"down": {"uv": [8.25, 5, 7.75, 5.5], "texture": "#0"}
			}
		},
		{
			"name": "head",
			"from": [3.63636, 6, 4.84848],
			"to": [12.36364, 14.72727, 12.60606],
			"rotation": {"angle": 0, "axis": "y", "origin": [8, -6.12121, 8]},
			"faces": {
				"north": {"uv": [9, 9, 11.25, 11.25], "texture": "#0"},
				"east": {"uv": [7, 9, 9, 11.25], "texture": "#0"},
				"south": {"uv": [13.25, 9, 15.5, 11.25], "texture": "#0"},
				"west": {"uv": [11.25, 9, 13.25, 11.25], "texture": "#0"},
				"up": {"uv": [11.25, 9, 9, 7], "texture": "#0"},
				"down": {"uv": [13.5, 7, 11.25, 9], "texture": "#0"}
			}
		},
		{
			"name": "head",
			"from": [7.27273, 13.75758, 3.87879],
			"to": [9.21212, 14.72727, 4.84848],
			"rotation": {"angle": 0, "axis": "y", "origin": [8, -6.12121, 8]},
			"faces": {
				"north": {"uv": [4.75, 8.375, 5.25, 8.625], "texture": "#0"},
				"east": {"uv": [4.5, 8.375, 4.75, 8.625], "texture": "#0"},
				"south": {"uv": [5.5, 8.375, 6, 8.625], "texture": "#0"},
				"west": {"uv": [5.25, 8.375, 5.5, 8.625], "texture": "#0"},
				"up": {"uv": [5.25, 8.375, 4.75, 8.125], "texture": "#0"},
				"down": {"uv": [5.75, 8.125, 5.25, 8.375], "texture": "#0"}
			}
		},
		{
			"name": "head",
			"from": [4.36364, 13.27273, 3.39394],
			"to": [7.27273, 14.72727, 4.84848],
			"rotation": {"angle": 0, "axis": "y", "origin": [8, -6.12121, 8]},
			"faces": {
				"north": {"uv": [10.125, 2, 10.875, 2.375], "texture": "#0"},
				"east": {"uv": [9.75, 2, 10.125, 2.375], "texture": "#0"},
				"south": {"uv": [11.25, 2, 12, 2.375], "texture": "#0"},
				"west": {"uv": [10.875, 2, 11.25, 2.375], "texture": "#0"},
				"up": {"uv": [10.875, 2, 10.125, 1.625], "texture": "#0"},
				"down": {"uv": [11.625, 1.625, 10.875, 2], "texture": "#0"}
			}
		},
		{
			"name": "head",
			"from": [5.81818, 8.66667, 3.87879],
			"to": [10.18182, 10.60606, 4.84848],
			"rotation": {"angle": 0, "axis": "y", "origin": [8, -6.12121, 8]},
			"faces": {
				"north": {"uv": [4.75, 7.625, 5.875, 8.125], "texture": "#0"},
				"east": {"uv": [4.5, 7.625, 4.75, 8.125], "texture": "#0"},
				"south": {"uv": [6.125, 7.625, 7.25, 8.125], "texture": "#0"},
				"west": {"uv": [5.875, 7.625, 6.125, 8.125], "texture": "#0"},
				"up": {"uv": [5.875, 7.625, 4.75, 7.375], "texture": "#0"},
				"down": {"uv": [7, 7.375, 5.875, 7.625], "texture": "#0"}
			}
		},
		{
			"name": "head",
			"from": [7.75758, 5.75758, 4.12121],
			"to": [9.21212, 8.66667, 5.09091],
			"rotation": {"angle": 45, "axis": "z", "origin": [9.21212, 9.15152, 4.84848]},
			"faces": {
				"north": {"uv": [0.25, 0.25, 0.625, 1], "texture": "#0"},
				"east": {"uv": [0, 0.25, 0.25, 1], "texture": "#0"},
				"south": {"uv": [0.875, 0.25, 1.25, 1], "texture": "#0"},
				"west": {"uv": [0.625, 0.25, 0.875, 1], "texture": "#0"},
				"up": {"uv": [0.625, 0.25, 0.25, 0], "texture": "#0"},
				"down": {"uv": [1, 0, 0.625, 0.25], "texture": "#0"}
			}
		},
		{
			"name": "head",
			"from": [6.78788, 5.75758, 4.12121],
			"to": [8.24242, 8.66667, 5.09091],
			"rotation": {"angle": -45, "axis": "z", "origin": [6.78788, 9.15152, 4.84848]},
			"faces": {
				"north": {"uv": [0.25, 0.25, 0.625, 1], "texture": "#0"},
				"east": {"uv": [0, 0.25, 0.25, 1], "texture": "#0"},
				"south": {"uv": [0.875, 0.25, 1.25, 1], "texture": "#0"},
				"west": {"uv": [0.625, 0.25, 0.875, 1], "texture": "#0"},
				"up": {"uv": [0.625, 0.25, 0.25, 0], "texture": "#0"},
				"down": {"uv": [1, 0, 0.625, 0.25], "texture": "#0"}
			}
		},
		{
			"name": "head",
			"from": [1.69697, 9.15152, 8.72727],
			"to": [3.63636, 12.54545, 10.66667],
			"rotation": {"angle": 0, "axis": "y", "origin": [8, -6.12121, 8]},
			"faces": {
				"north": {"uv": [7.25, 8.125, 7.75, 9], "texture": "#0"},
				"east": {"uv": [6.75, 8.125, 7.25, 9], "texture": "#0"},
				"south": {"uv": [8.25, 8.125, 8.75, 9], "texture": "#0"},
				"west": {"uv": [7.75, 8.125, 8.25, 9], "texture": "#0"},
				"up": {"uv": [7.75, 8.125, 7.25, 7.625], "texture": "#0"},
				"down": {"uv": [8.25, 7.625, 7.75, 8.125], "texture": "#0"}
			}
		},
		{
			"name": "head",
			"from": [12.36364, 9.15152, 8.72727],
			"to": [14.30303, 12.54545, 10.66667],
			"rotation": {"angle": 0, "axis": "y", "origin": [8, -6.12121, 8]},
			"faces": {
				"north": {"uv": [7.25, 8.125, 7.75, 9], "texture": "#0"},
				"east": {"uv": [6.75, 8.125, 7.25, 9], "texture": "#0"},
				"south": {"uv": [8.25, 8.125, 8.75, 9], "texture": "#0"},
				"west": {"uv": [7.75, 8.125, 8.25, 9], "texture": "#0"},
				"up": {"uv": [7.75, 8.125, 7.25, 7.625], "texture": "#0"},
				"down": {"uv": [8.25, 7.625, 7.75, 8.125], "texture": "#0"}
			}
		},
		{
			"name": "hat",
			"from": [3.63636, 15.21212, 4.36364],
			"to": [12.36364, 22, 13.09091],
			"rotation": {"angle": 0, "axis": "y", "origin": [8, -6.12121, 8]},
			"faces": {
				"north": {"uv": [2.25, 5.625, 4.5, 7.375], "texture": "#0"},
				"east": {"uv": [0, 5.625, 2.25, 7.375], "texture": "#0"},
				"south": {"uv": [6.75, 5.625, 9, 7.375], "texture": "#0"},
				"west": {"uv": [4.5, 5.625, 6.75, 7.375], "texture": "#0"},
				"up": {"uv": [4.5, 5.625, 2.25, 3.375], "texture": "#0"},
				"down": {"uv": [6.75, 3.375, 4.5, 5.625], "texture": "#0"}
			}
		},
		{
			"name": "hat",
			"from": [1.69697, 15.21212, 4.36364],
			"to": [5.57576, 19.09091, 4.36364],
			"rotation": {"angle": 22.5, "axis": "y", "origin": [3.63636, 15.21212, 4.36364]},
			"faces": {
				"north": {"uv": [0, 15, 1, 16], "texture": "#0"},
				"east": {"uv": [0, 15, 0, 16], "texture": "#0"},
				"south": {"uv": [1, 15, 2, 16], "texture": "#0"},
				"west": {"uv": [1, 15, 1, 16], "texture": "#0"},
				"up": {"uv": [1, 15, 0, 15], "texture": "#0"},
				"down": {"uv": [2, 15, 1, 15], "texture": "#0"}
			}
		},
		{
			"name": "hat",
			"from": [5.57576, 15.21212, 3.39394],
			"to": [10.42424, 18.60606, 4.36364],
			"rotation": {"angle": 0, "axis": "y", "origin": [8, -6.12121, 8]},
			"faces": {
				"north": {"uv": [0.25, 2.25, 1.5, 3.125], "texture": "#0"},
				"east": {"uv": [0, 2.25, 0.25, 3.125], "texture": "#0"},
				"south": {"uv": [1.75, 2.25, 3, 3.125], "texture": "#0"},
				"west": {"uv": [1.5, 2.25, 1.75, 3.125], "texture": "#0"},
				"up": {"uv": [1.5, 2.25, 0.25, 2], "texture": "#0"},
				"down": {"uv": [2.75, 2, 1.5, 2.25], "texture": "#0"}
			}
		},
		{
			"name": "hat",
			"from": [1.69697, 14.72727, 2.42424],
			"to": [14.30303, 15.21212, 15.0303],
			"rotation": {"angle": 0, "axis": "y", "origin": [8, -6.12121, 8]},
			"faces": {
				"north": {"uv": [3.25, 3.25, 6.5, 3.375], "texture": "#0"},
				"east": {"uv": [0, 3.25, 3.25, 3.375], "texture": "#0"},
				"south": {"uv": [9.75, 3.25, 13, 3.375], "texture": "#0"},
				"west": {"uv": [6.5, 3.25, 9.75, 3.375], "texture": "#0"},
				"up": {"uv": [6.5, 3.25, 3.25, 0], "texture": "#0"},
				"down": {"uv": [9.75, 0, 6.5, 3.25], "texture": "#0"}
			}
		},
		{
			"name": "leg",
			"from": [4.84848, -10, 6.06061],
			"to": [7.75758, -8.06061, 10.90909],
			"rotation": {"angle": 0, "axis": "y", "origin": [8, -6.12121, 8]},
			"faces": {
				"north": {"uv": [10.25, 6.25, 11, 6.75], "texture": "#0"},
				"east": {"uv": [9, 6.25, 10.25, 6.75], "texture": "#0"},
				"south": {"uv": [12.25, 6.25, 13, 6.75], "texture": "#0"},
				"west": {"uv": [11, 6.25, 12.25, 6.75], "texture": "#0"},
				"up": {"uv": [11, 6.25, 10.25, 5], "texture": "#0"},
				"down": {"uv": [11.75, 5, 11, 6.25], "texture": "#0"}
			}
		},
		{
			"name": "leg",
			"from": [8.24242, -10, 6.06061],
			"to": [11.15152, -8.06061, 10.90909],
			"rotation": {"angle": 0, "axis": "y", "origin": [8, -6.12121, 8]},
			"faces": {
				"north": {"uv": [10.25, 6.25, 11, 6.75], "texture": "#0"},
				"east": {"uv": [9, 6.25, 10.25, 6.75], "texture": "#0"},
				"south": {"uv": [12.25, 6.25, 13, 6.75], "texture": "#0"},
				"west": {"uv": [11, 6.25, 12.25, 6.75], "texture": "#0"},
				"up": {"uv": [11, 6.25, 10.25, 5], "texture": "#0"},
				"down": {"uv": [11.75, 5, 11, 6.25], "texture": "#0"}
			}
		},
		{
			"name": "leg",
			"from": [8.9697, -8.06061, 8.48485],
			"to": [10.42424, -3.21212, 9.93939],
			"rotation": {"angle": 0, "axis": "y", "origin": [8, -6.12121, 8]},
			"faces": {
				"north": {"uv": [10.125, 0.375, 10.5, 1.625], "texture": "#0"},
				"east": {"uv": [9.75, 0.375, 10.125, 1.625], "texture": "#0"},
				"south": {"uv": [10.875, 0.375, 11.25, 1.625], "texture": "#0"},
				"west": {"uv": [10.5, 0.375, 10.875, 1.625], "texture": "#0"},
				"up": {"uv": [10.5, 0.375, 10.125, 0], "texture": "#0"},
				"down": {"uv": [10.875, 0, 10.5, 0.375], "texture": "#0"}
			}
		},
		{
			"name": "leg",
			"from": [5.57576, -8.06061, 8.48485],
			"to": [7.0303, -3.21212, 9.93939],
			"rotation": {"angle": 0, "axis": "y", "origin": [8, -6.12121, 8]},
			"faces": {
				"north": {"uv": [10.125, 0.375, 10.5, 1.625], "texture": "#0"},
				"east": {"uv": [9.75, 0.375, 10.125, 1.625], "texture": "#0"},
				"south": {"uv": [10.875, 0.375, 11.25, 1.625], "texture": "#0"},
				"west": {"uv": [10.5, 0.375, 10.875, 1.625], "texture": "#0"},
				"up": {"uv": [10.5, 0.375, 10.125, 0], "texture": "#0"},
				"down": {"uv": [10.875, 0, 10.5, 0.375], "texture": "#0"}
			}
		},
		{
			"name": "body",
			"from": [4.84848, -3.21212, 6.78788],
			"to": [11.15152, 5.27273, 11.63636],
			"rotation": {"angle": 0, "axis": "y", "origin": [8, -6.12121, 8]},
			"faces": {
				"north": {"uv": [1.25, 8.625, 2.875, 10.75], "texture": "#0"},
				"east": {"uv": [0, 8.625, 1.25, 10.75], "texture": "#0"},
				"south": {"uv": [4.125, 8.625, 5.75, 10.75], "texture": "#0"},
				"west": {"uv": [2.875, 8.625, 4.125, 10.75], "texture": "#0"},
				"up": {"uv": [2.875, 8.625, 1.25, 7.375], "texture": "#0"},
				"down": {"uv": [4.5, 7.375, 2.875, 8.625], "texture": "#0"}
			}
		},
		{
			"name": "body",
			"from": [7.51515, 4.30303, 6.30303],
			"to": [8.48485, 5.27273, 6.78788],
			"rotation": {"angle": 0, "axis": "y", "origin": [8, -6.12121, 8]},
			"faces": {
				"north": {"uv": [1.625, 3.5, 1.875, 3.75], "texture": "#0"},
				"east": {"uv": [1.5, 3.5, 1.625, 3.75], "texture": "#0"},
				"south": {"uv": [2, 3.5, 2.25, 3.75], "texture": "#0"},
				"west": {"uv": [1.875, 3.5, 2, 3.75], "texture": "#0"},
				"up": {"uv": [1.875, 3.5, 1.625, 3.375], "texture": "#0"},
				"down": {"uv": [2.125, 3.375, 1.875, 3.5], "texture": "#0"}
			}
		},
		{
			"name": "body",
			"from": [6.06061, 3.81818, 6.18182],
			"to": [7.51515, 5.75758, 7.15152],
			"rotation": {"angle": 0, "axis": "y", "origin": [8, -6.12121, 8]},
			"faces": {
				"north": {"uv": [2.25, 0.25, 2.625, 0.75], "texture": "#0"},
				"east": {"uv": [2, 0.25, 2.25, 0.75], "texture": "#0"},
				"south": {"uv": [2.875, 0.25, 3.25, 0.75], "texture": "#0"},
				"west": {"uv": [2.625, 0.25, 2.875, 0.75], "texture": "#0"},
				"up": {"uv": [2.625, 0.25, 2.25, 0], "texture": "#0"},
				"down": {"uv": [3, 0, 2.625, 0.25], "texture": "#0"}
			}
		},
		{
			"name": "body",
			"from": [8.48485, 3.81818, 6.18182],
			"to": [9.93939, 5.75758, 7.15152],
			"rotation": {"angle": 0, "axis": "y", "origin": [8, -6.12121, 8]},
			"faces": {
				"north": {"uv": [2.25, 0.25, 2.625, 0.75], "texture": "#0"},
				"east": {"uv": [2, 0.25, 2.25, 0.75], "texture": "#0"},
				"south": {"uv": [2.875, 0.25, 3.25, 0.75], "texture": "#0"},
				"west": {"uv": [2.625, 0.25, 2.875, 0.75], "texture": "#0"},
				"up": {"uv": [2.625, 0.25, 2.25, 0], "texture": "#0"},
				"down": {"uv": [3, 0, 2.625, 0.25], "texture": "#0"}
			}
		},
		{
			"name": "body",
			"from": [5.09091, -4.47273, 6.73939],
			"to": [6.78788, -1.32121, 11.68485],
			"rotation": {"angle": -22.5, "axis": "z", "origin": [6.78788, -1.27273, 6.66667]},
			"faces": {
				"north": {"uv": [1.25, 1.25, 1.625, 2], "texture": "#0"},
				"east": {"uv": [0, 1.25, 1.25, 2], "texture": "#0"},
				"south": {"uv": [2.875, 1.25, 3.25, 2], "texture": "#0"},
				"west": {"uv": [1.625, 1.25, 2.875, 2], "texture": "#0"},
				"up": {"uv": [1.625, 1.25, 1.25, 0], "texture": "#0"},
				"down": {"uv": [2, 0, 1.625, 1.25], "texture": "#0"}
			}
		},
		{
			"name": "body",
			"from": [9.21212, -4.47273, 6.73939],
			"to": [10.90909, -1.32121, 11.68485],
			"rotation": {"angle": 22.5, "axis": "z", "origin": [9.21212, -1.27273, 6.66667]},
			"faces": {
				"north": {"uv": [1.25, 1.25, 1.625, 2], "texture": "#0"},
				"east": {"uv": [0, 1.25, 1.25, 2], "texture": "#0"},
				"south": {"uv": [2.875, 1.25, 3.25, 2], "texture": "#0"},
				"west": {"uv": [1.625, 1.25, 2.875, 2], "texture": "#0"},
				"up": {"uv": [1.625, 1.25, 1.25, 0], "texture": "#0"},
				"down": {"uv": [2, 0, 1.625, 1.25], "texture": "#0"}
			}
		},
		{
			"name": "buckle",
			"from": [6.30303, -2, 6.30303],
			"to": [9.69697, -0.06061, 6.78788],
			"rotation": {"angle": 0, "axis": "y", "origin": [8, -6.12121, 8]},
			"faces": {
				"north": {"uv": [2.125, 10.875, 3, 11.375], "texture": "#0"},
				"east": {"uv": [2, 10.875, 2.125, 11.375], "texture": "#0"},
				"south": {"uv": [3.125, 10.875, 4, 11.375], "texture": "#0"},
				"west": {"uv": [3, 10.875, 3.125, 11.375], "texture": "#0"},
				"up": {"uv": [3, 10.875, 2.125, 10.75], "texture": "#0"},
				"down": {"uv": [3.875, 10.75, 3, 10.875], "texture": "#0"}
			}
		},
		{
			"name": "belt",
			"from": [4.60606, -1.51515, 6.54545],
			"to": [11.39394, -0.54545, 11.87879],
			"rotation": {"angle": 0, "axis": "y", "origin": [8, -6.12121, 8]},
			"faces": {
				"north": {"uv": [8.125, 4.75, 9.875, 5], "texture": "#0"},
				"east": {"uv": [6.75, 4.75, 8.125, 5], "texture": "#0"},
				"south": {"uv": [11.25, 4.75, 13, 5], "texture": "#0"},
				"west": {"uv": [9.875, 4.75, 11.25, 5], "texture": "#0"},
				"up": {"uv": [9.875, 4.75, 8.125, 3.375], "texture": "#0"},
				"down": {"uv": [11.625, 3.375, 9.875, 4.75], "texture": "#0"}
			}
		},
		{
			"name": "arm",
			"from": [11.15152, -0.78788, 8.24242],
			"to": [13.09091, 5.0303, 10.18182],
			"rotation": {"angle": 0, "axis": "y", "origin": [8, -6.12121, 8]},
			"faces": {
				"north": {"uv": [0.5, 3.875, 1, 5.375], "texture": "#0"},
				"east": {"uv": [0, 3.875, 0.5, 5.375], "texture": "#0"},
				"south": {"uv": [1.5, 3.875, 2, 5.375], "texture": "#0"},
				"west": {"uv": [1, 3.875, 1.5, 5.375], "texture": "#0"},
				"up": {"uv": [1, 3.875, 0.5, 3.375], "texture": "#0"},
				"down": {"uv": [1.5, 3.375, 1, 3.875], "texture": "#0"}
			}
		},
		{
			"name": "arm",
			"from": [11.63636, -2, 8.72727],
			"to": [12.60606, -0.78788, 9.69697],
			"rotation": {"angle": 0, "axis": "y", "origin": [8, -6.12121, 8]},
			"faces": {
				"north": {"uv": [2.25, 1, 2.5, 1.25], "texture": "#0"},
				"east": {"uv": [2, 1, 2.25, 1.25], "texture": "#0"},
				"south": {"uv": [2.75, 1, 3, 1.25], "texture": "#0"},
				"west": {"uv": [2.5, 1, 2.75, 1.25], "texture": "#0"},
				"up": {"uv": [2.5, 1, 2.25, 0.75], "texture": "#0"},
				"down": {"uv": [2.75, 0.75, 2.5, 1], "texture": "#0"}
			}
		},
		{
			"name": "arm",
			"from": [11.15152, -2.9697, 8.24242],
			"to": [13.09091, -1.51515, 10.18182],
			"rotation": {"angle": 0, "axis": "y", "origin": [8, -6.12121, 8]},
			"faces": {
				"north": {"uv": [10.25, 2.875, 10.75, 3.25], "texture": "#0"},
				"east": {"uv": [9.75, 2.875, 10.25, 3.25], "texture": "#0"},
				"south": {"uv": [11.25, 2.875, 11.75, 3.25], "texture": "#0"},
				"west": {"uv": [10.75, 2.875, 11.25, 3.25], "texture": "#0"},
				"up": {"uv": [10.75, 2.875, 10.25, 2.375], "texture": "#0"},
				"down": {"uv": [11.25, 2.375, 10.75, 2.875], "texture": "#0"}
			}
		},
		{
			"name": "arm",
			"from": [2.90909, -2.9697, 8.24242],
			"to": [4.84848, -1.51515, 10.18182],
			"rotation": {"angle": 0, "axis": "y", "origin": [8, -6.12121, 8]},
			"faces": {
				"north": {"uv": [10.25, 2.875, 10.75, 3.25], "texture": "#0"},
				"east": {"uv": [9.75, 2.875, 10.25, 3.25], "texture": "#0"},
				"south": {"uv": [11.25, 2.875, 11.75, 3.25], "texture": "#0"},
				"west": {"uv": [10.75, 2.875, 11.25, 3.25], "texture": "#0"},
				"up": {"uv": [10.75, 2.875, 10.25, 2.375], "texture": "#0"},
				"down": {"uv": [11.25, 2.375, 10.75, 2.875], "texture": "#0"}
			}
		},
		{
			"name": "arm",
			"from": [3.39394, -2, 8.72727],
			"to": [4.36364, -0.78788, 9.69697],
			"rotation": {"angle": 0, "axis": "y", "origin": [8, -6.12121, 8]},
			"faces": {
				"north": {"uv": [2.25, 1, 2.5, 1.25], "texture": "#0"},
				"east": {"uv": [2, 1, 2.25, 1.25], "texture": "#0"},
				"south": {"uv": [2.75, 1, 3, 1.25], "texture": "#0"},
				"west": {"uv": [2.5, 1, 2.75, 1.25], "texture": "#0"},
				"up": {"uv": [2.5, 1, 2.25, 0.75], "texture": "#0"},
				"down": {"uv": [2.75, 0.75, 2.5, 1], "texture": "#0"}
			}
		},
		{
			"name": "arm",
			"from": [2.90909, -0.78788, 8.24242],
			"to": [4.84848, 5.0303, 10.18182],
			"rotation": {"angle": 0, "axis": "y", "origin": [8, -6.12121, 8]},
			"faces": {
				"north": {"uv": [0.5, 3.875, 1, 5.375], "texture": "#0"},
				"east": {"uv": [0, 3.875, 0.5, 5.375], "texture": "#0"},
				"south": {"uv": [1.5, 3.875, 2, 5.375], "texture": "#0"},
				"west": {"uv": [1, 3.875, 1.5, 5.375], "texture": "#0"},
				"up": {"uv": [1, 3.875, 0.5, 3.375], "texture": "#0"},
				"down": {"uv": [1.5, 3.375, 1, 3.875], "texture": "#0"}
			}
		}
	],
	"display": {
		"thirdperson_righthand": {
			"rotation": [90, 0, 0],
			"translation": [-6, -1, 6]
		}
	},
	"groups": [
		{
			"name": "elements",
			"origin": [8, 8, 8],
			"children": [
				{
					"name": "leprechaun",
					"origin": [8, 8, 8],
					"children": [
						{
							"name": "head",
							"origin": [8, 8, 8],
							"children": [0, 1, 2, 3, 4, 5, 6, 7, 8,
								{
									"name": "hat",
									"origin": [8, 8, 8],
									"children": [9, 10, 11, 12]
								}
							]
						},
						{
							"name": "legs",
							"origin": [8, 8, 8],
							"children": [13, 14, 15, 16]
						},
						{
							"name": "body",
							"origin": [8, 8, 8],
							"children": [17, 18, 19, 20, 21, 22, 23, 24,
								{
									"name": "arms",
									"origin": [8, 8, 8],
									"children": [25, 26, 27, 28, 29, 30]
								}
							]
						}
					]
				}
			]
		}
	]
}