{
	"credit": "Model by Samuel McLaughlin with Blockbench ",
	"texture_size": [64, 64],
	"textures": {
		"0": "craftadia/hats/party_hat",
		"particle": "craftadia/hats/party_hat"
	},
	"elements": [
		{
			"from": [2, 0, 1],
			"to": [14, 6, 14],
			"faces": {
				"north": {"uv": [0, 5.25, 3, 6.75], "texture": "#0"},
				"east": {"uv": [5.5, 0, 8.75, 1.5], "texture": "#0"},
				"south": {"uv": [6, 6, 9, 7.5], "texture": "#0"},
				"west": {"uv": [5.5, 1.5, 8.75, 3], "texture": "#0"},
				"up": {"uv": [3, 3.25, 0, 0], "texture": "#0"},
				"down": {"uv": [6, 3, 3, 6.25], "texture": "#0"}
			}
		},
		{
			"from": [4, 6, 3.75],
			"to": [12, 11, 11.75],
			"rotation": {"angle": 0, "axis": "y", "origin": [8, 13, 8.75]},
			"faces": {
				"north": {"uv": [0, 6.75, 2, 8], "texture": "#0"},
				"east": {"uv": [5, 7.5, 7, 8.75], "texture": "#0"},
				"south": {"uv": [7, 7.5, 9, 8.75], "texture": "#0"},
				"west": {"uv": [0, 8, 2, 9.25], "texture": "#0"},
				"up": {"uv": [8, 5, 6, 3], "texture": "#0"},
				"down": {"uv": [5, 6.25, 3, 8.25], "texture": "#0"}
			}
		},
		{
			"from": [6, 11, 5.75],
			"to": [10, 16, 9.75],
			"rotation": {"angle": 0, "axis": "y", "origin": [8, 18, 8.75]},
			"faces": {
				"north": {"uv": [5, 6.25, 6, 7.5], "texture": "#0"},
				"east": {"uv": [2, 6.75, 3, 8], "texture": "#0"},
				"south": {"uv": [2, 8, 3, 9.25], "texture": "#0"},
				"west": {"uv": [8, 3, 9, 4.25], "texture": "#0"},
				"up": {"uv": [4, 3, 3, 2], "texture": "#0"},
				"down": {"uv": [5, 2, 4, 3], "texture": "#0"}
			}
		},
		{
			"from": [3, 16, 7.75],
			"to": [13, 24, 7.75],
			"rotation": {"angle": 0, "axis": "y", "origin": [8, 25, 8.75]},
			"faces": {
				"north": {"uv": [3, 0, 5.5, 2], "texture": "#0"},
				"east": {"uv": [0, 0, 0, 2], "texture": "#0"},
				"south": {"uv": [0, 3.25, 2.5, 5.25], "texture": "#0"},
				"west": {"uv": [0, 0, 0, 2], "texture": "#0"},
				"up": {"uv": [2.5, 0, 0, 0], "texture": "#0"},
				"down": {"uv": [2.5, 0, 0, 0], "texture": "#0"}
			}
		},
		{
			"from": [7, 16, 6.75],
			"to": [9, 18, 8.75],
			"rotation": {"angle": 0, "axis": "y", "origin": [8, 22, 8.75]},
			"faces": {
				"north": {"uv": [2.5, 3.25, 3, 3.75], "texture": "#0"},
				"east": {"uv": [2.5, 3.75, 3, 4.25], "texture": "#0"},
				"south": {"uv": [2.5, 4.25, 3, 4.75], "texture": "#0"},
				"west": {"uv": [2.5, 4.75, 3, 5.25], "texture": "#0"},
				"up": {"uv": [5.5, 2.5, 5, 2], "texture": "#0"},
				"down": {"uv": [5.5, 2.5, 5, 3], "texture": "#0"}
			}
		}
	],
	"display": {
		"thirdperson_righthand": {
			"rotation": [30, 19, 0],
			"scale": [0.5, 0.5, 0.5]
		},
		"thirdperson_lefthand": {
			"rotation": [30, 19, 0],
			"scale": [0.5, 0.5, 0.5]
		},
		"firstperson_righthand": {
			"scale": [0.75, 0.75, 0.75]
		},
		"firstperson_lefthand": {
			"scale": [0.75, 0.75, 0.75]
		},
		"gui": {
			"rotation": [30, 45, 0],
			"translation": [0, 0, 0],
			"scale": [0.625, 0.625, 0.625]
		},
		"head": {
			"translation": [0, 12.5, 0],
			"scale": [0.8, 0.8, 0.8]
		}
	}
}