{
	"credit": "Made by Wenston",
	"texture_size": [64, 64],
	"textures": {
		"0": "craftadia/hats/prideflag",
		"particle": "craftadia/hats/prideflag"
	},
	"elements": [
		{
			"from": [2.7, 0, 8.5],
			"to": [5.7, 1, 11.5],
			"rotation": {"angle": 45, "axis": "y", "origin": [3.7, 7, 4.5]},
			"faces": {
				"north": {"uv": [0.5, 6, 1.25, 6.5], "texture": "#0"},
				"east": {"uv": [6.75, 0.75, 7.5, 1.25], "texture": "#0"},
				"south": {"uv": [0.5, 6.5, 1.25, 7], "texture": "#0"},
				"west": {"uv": [6.75, 0.25, 7.5, 0.75], "texture": "#0"},
				"up": {"uv": [2, 0.75, 1.25, 0], "texture": "#0"},
				"down": {"uv": [3.25, 1.5, 2.5, 2.25], "texture": "#0"}
			}
		},
		{
			"from": [3.7, 1, 9.2],
			"to": [5.7, 2, 11.2],
			"rotation": {"angle": 45, "axis": "y", "origin": [3.7, 10, 5.2]},
			"faces": {
				"north": {"uv": [6.75, 6.25, 7.25, 6.75], "texture": "#0"},
				"east": {"uv": [2, 0.75, 2.5, 1.25], "texture": "#0"},
				"south": {"uv": [4.75, 7, 5.25, 7.5], "texture": "#0"},
				"west": {"uv": [4.25, 7, 4.75, 7.5], "texture": "#0"},
				"up": {"uv": [4.25, 7.5, 3.75, 7], "texture": "#0"},
				"down": {"uv": [1, 7, 0.5, 7.5], "texture": "#0"}
			}
		},
		{
			"from": [4.4, 1, 9.2],
			"to": [5.4, 29, 10.2],
			"rotation": {"angle": 45, "axis": "y", "origin": [4.4, 11, 5.2]},
			"faces": {
				"north": {"uv": [1.5, 4.25, 1.5, 11.25], "texture": "#0"},
				"east": {"uv": [2, 4.25, 2, 11.25], "texture": "#0"},
				"south": {"uv": [1.75, 4.25, 1.75, 11.25], "texture": "#0"},
				"west": {"uv": [1.25, 4.25, 1.25, 11.25], "texture": "#0"},
				"up": {"uv": [2.75, 2.5, 2.5, 2.25], "texture": "#0"},
				"down": {"uv": [3.25, 0.5, 3, 0.75], "texture": "#0"}
			}
		},
		{
			"from": [3.7, 27, 9.2],
			"to": [5.7, 29, 11.2],
			"rotation": {"angle": 45, "axis": "y", "origin": [3.7, 19, 5.2]},
			"faces": {
				"north": {"uv": [2.75, 0, 3.25, 0.5], "texture": "#0"},
				"east": {"uv": [6.75, 5.75, 7.25, 6.25], "texture": "#0"},
				"south": {"uv": [5.25, 7, 5.75, 7.5], "texture": "#0"},
				"west": {"uv": [3.25, 1.75, 3.75, 2.25], "texture": "#0"},
				"up": {"uv": [5, 3.5, 4.5, 3], "texture": "#0"},
				"down": {"uv": [7.25, 5.25, 6.75, 5.75], "texture": "#0"}
			}
		},
		{
			"from": [2.7, 28, 8.5],
			"to": [5.7, 30, 11.5],
			"rotation": {"angle": 45, "axis": "y", "origin": [3.7, 22, 4.5]},
			"faces": {
				"north": {"uv": [6.75, 4.75, 7.5, 5.25], "texture": "#0"},
				"east": {"uv": [6.75, 1.25, 7.5, 1.75], "texture": "#0"},
				"south": {"uv": [3.75, 3, 4.5, 3.5], "texture": "#0"},
				"west": {"uv": [1.25, 0.75, 2, 1.25], "texture": "#0"},
				"up": {"uv": [3.25, 1.5, 2.5, 0.75], "texture": "#0"},
				"down": {"uv": [2.75, 0, 2, 0.75], "texture": "#0"}
			}
		},
		{
			"from": [8.2, 15, 8.1],
			"to": [10.2, 27, 8.1],
			"rotation": {"angle": 0, "axis": "y", "origin": [16.2, 34, 15.1]},
			"faces": {
				"north": {"uv": [3, 5.5, 3, 8.5], "texture": "#0"},
				"east": {"uv": [11.75, 7.75, 11.75, 10.75], "texture": "#0"},
				"south": {"uv": [3, 5.5, 3, 8.5], "texture": "#0"},
				"west": {"uv": [11.75, 7.75, 11.75, 10.75], "texture": "#0"},
				"up": {"uv": [11.75, 7.75, 11.75, 10.75], "texture": "#0"},
				"down": {"uv": [11.75, 7.75, 11.75, 10.75], "texture": "#0"}
			}
		},
		{
			"from": [24.43841, 15, 8.09908],
			"to": [26.43841, 27, 8.09908],
			"rotation": {"angle": 0, "axis": "y", "origin": [32.43841, 34, 15.09908]},
			"faces": {
				"north": {"uv": [5.25, 1.75, 5.25, 4.75], "texture": "#0"},
				"east": {"uv": [11.75, 7.75, 11.75, 10.75], "texture": "#0"},
				"south": {"uv": [3, 5.5, 3, 8.5], "texture": "#0"},
				"west": {"uv": [11.75, 7.75, 11.75, 10.75], "texture": "#0"},
				"up": {"uv": [11.75, 7.75, 11.75, 10.75], "texture": "#0"},
				"down": {"uv": [11.75, 7.75, 11.75, 10.75], "texture": "#0"}
			}
		},
		{
			"from": [12.26944, 15, 4.50577],
			"to": [17.26944, 27, 4.50577],
			"rotation": {"angle": 22.5, "axis": "y", "origin": [20.26944, 34, 11.50577]},
			"faces": {
				"north": {"uv": [0.75, 0, 0.75, 3], "texture": "#0"},
				"east": {"uv": [11.75, 7.75, 11.75, 10.75], "texture": "#0"},
				"south": {"uv": [1.75, 1.25, 1.75, 4.25], "texture": "#0"},
				"west": {"uv": [11.75, 7.75, 11.75, 10.75], "texture": "#0"},
				"up": {"uv": [11.75, 7.75, 11.75, 10.75], "texture": "#0"},
				"down": {"uv": [11.75, 7.75, 11.75, 10.75], "texture": "#0"}
			}
		},
		{
			"from": [16.53165, 15, 8.71336],
			"to": [21.53165, 27, 8.71336],
			"rotation": {"angle": -22.5, "axis": "y", "origin": [24.53165, 34, 15.71336]},
			"faces": {
				"north": {"uv": [4.25, 0, 4.25, 3], "texture": "#0"},
				"east": {"uv": [0, 0, 0, 3], "texture": "#0"},
				"south": {"uv": [0.5, 3, 0.5, 6], "texture": "#0"},
				"west": {"uv": [0, 0, 0, 3], "texture": "#0"},
				"up": {"uv": [1.25, 0, 0, 0], "texture": "#0"},
				"down": {"uv": [1.25, 0, 0, 0], "texture": "#0"}
			}
		},
		{
			"from": [14.81901, 15, 6.18566],
			"to": [19.81901, 27, 6.18566],
			"rotation": {"angle": 0, "axis": "y", "origin": [22.81901, 34, 13.18566]},
			"faces": {
				"north": {"uv": [3, 2.5, 3, 5.5], "texture": "#0"},
				"east": {"uv": [11.75, 7.75, 11.75, 10.75], "texture": "#0"},
				"south": {"uv": [4.5, 3.75, 4.5, 6.75], "texture": "#0"},
				"west": {"uv": [11.75, 7.75, 11.75, 10.75], "texture": "#0"},
				"up": {"uv": [11.75, 7.75, 11.75, 10.75], "texture": "#0"},
				"down": {"uv": [11.75, 7.75, 11.75, 10.75], "texture": "#0"}
			}
		}
	],
	"display": {
		"thirdperson_righthand": {
			"rotation": [0, 85, 0],
			"translation": [0, 2, 0.75]
		},
		"thirdperson_lefthand": {
			"rotation": [0, -85, 0],
			"translation": [0, 2, 0.75]
		},
		"firstperson_righthand": {
			"rotation": [-18, 110, 0],
			"translation": [2.5, -3.25, 0]
		},
		"firstperson_lefthand": {
			"rotation": [-18, -80, 0],
			"translation": [2.5, -3.25, 0]
		},
		"ground": {
			"translation": [0, 1, 0]
		},
		"gui": {
			"translation": [-1.75, -3.25, 0],
			"scale": [0.4082, 0.4082, 0.4082]
		},
		"head": {
			"translation": [0, 14.5, 0.25]
		},
		"fixed": {
			"translation": [-3.5, -1.25, -1.5],
			"scale": [0.5, 0.5, 0.5]
		}
	},
	"groups": [
		{
			"name": "group",
			"origin": [3.5, 24, 4],
			"children": [0, 1, 2, 3, 4]
		},
		{
			"name": "group",
			"origin": [8, 8, 8],
			"children": [5, 6, 7, 8, 9]
		}
	]
}