{
	"credit": "Made by CookiesNom with Blockbench",
	"texture_size": [128, 128],
	"textures": {
		"0": "craftadia/hats/santa_hat",
		"particle": "craftadia/hats/santa_hat"
	},
	"elements": [
		{
			"name": "head",
			"from": [2.5, 11.5, 2.5],
			"to": [13.5, 13.5, 13.5],
			"rotation": {"angle": 0, "axis": "y", "origin": [7, 10.5, 8]},
			"faces": {
				"north": {"uv": [2.75, 2.75, 5.5, 3.25], "texture": "#0"},
				"east": {"uv": [0, 2.75, 2.75, 3.25], "texture": "#0"},
				"south": {"uv": [8.25, 2.75, 11, 3.25], "texture": "#0"},
				"west": {"uv": [5.5, 2.75, 8.25, 3.25], "texture": "#0"},
				"up": {"uv": [5.5, 2.75, 2.75, 0], "texture": "#0"},
				"down": {"uv": [8.25, 0, 5.5, 2.75], "texture": "#0"}
			}
		},
		{
			"name": "head",
			"from": [3, 13, 3],
			"to": [13, 16, 13],
			"rotation": {"angle": 0, "axis": "x", "origin": [7.98778, 14.99998, 8.01224]},
			"faces": {
				"north": {"uv": [2.5, 5.75, 5, 6.5], "texture": "#0"},
				"east": {"uv": [0, 5.75, 2.5, 6.5], "texture": "#0"},
				"south": {"uv": [7.5, 5.75, 10, 6.5], "texture": "#0"},
				"west": {"uv": [5, 5.75, 7.5, 6.5], "texture": "#0"},
				"up": {"uv": [5, 5.75, 2.5, 3.25], "texture": "#0"},
				"down": {"uv": [7.5, 3.25, 5, 5.75], "texture": "#0"}
			}
		},
		{
			"name": "head",
			"from": [5, 13.98249, 1.89245],
			"to": [11, 19.98249, 8.89245],
			"rotation": {"angle": 22.5, "axis": "x", "origin": [7.98255, 16.24997, 8.14248]},
			"faces": {
				"north": {"uv": [8, 9.5, 9.5, 11], "texture": "#0"},
				"east": {"uv": [6.25, 9.5, 8, 11], "texture": "#0"},
				"south": {"uv": [11.25, 9.5, 12.75, 11], "texture": "#0"},
				"west": {"uv": [9.5, 9.5, 11.25, 11], "texture": "#0"},
				"up": {"uv": [9.5, 9.5, 8, 7.75], "texture": "#0"},
				"down": {"uv": [11, 7.75, 9.5, 9.5], "texture": "#0"}
			}
		},
		{
			"name": "head",
			"from": [6, 19.59714, -0.1313],
			"to": [10, 26.59714, 2.8687],
			"rotation": {"angle": 45, "axis": "x", "origin": [7.97601, 19.44471, -3.79406]},
			"faces": {
				"north": {"uv": [8.25, 4, 9.25, 5.75], "texture": "#0"},
				"east": {"uv": [7.5, 4, 8.25, 5.75], "texture": "#0"},
				"south": {"uv": [10, 4, 11, 5.75], "texture": "#0"},
				"west": {"uv": [9.25, 4, 10, 5.75], "texture": "#0"},
				"up": {"uv": [9.25, 4, 8.25, 3.25], "texture": "#0"},
				"down": {"uv": [10.25, 3.25, 9.25, 4], "texture": "#0"}
			}
		},
		{
			"name": "head",
			"from": [7, 12.20996, -2.20246],
			"to": [9, 16.20996, -0.20246],
			"rotation": {"angle": 22.5, "axis": "x", "origin": [7.99215, 12.85836, 0.03987]},
			"faces": {
				"north": {"uv": [0.5, 0.5, 1, 1.5], "texture": "#0"},
				"east": {"uv": [0, 0.5, 0.5, 1.5], "texture": "#0"},
				"south": {"uv": [1.5, 0.5, 2, 1.5], "texture": "#0"},
				"west": {"uv": [1, 0.5, 1.5, 1.5], "texture": "#0"},
				"up": {"uv": [1, 0.5, 0.5, 0], "texture": "#0"},
				"down": {"uv": [1.5, 0, 1, 0.5], "texture": "#0"}
			}
		},
		{
			"name": "head",
			"from": [6.4843, 10.38176, -2.5928],
			"to": [9.4843, 13.38176, 0.4072],
			"rotation": {"angle": 0, "axis": "x", "origin": [7.99215, 12.85836, 0.03987]},
			"faces": {
				"north": {"uv": [9, 0.75, 9.75, 1.5], "texture": "#0"},
				"east": {"uv": [8.25, 0.75, 9, 1.5], "texture": "#0"},
				"south": {"uv": [10.5, 0.75, 11.25, 1.5], "texture": "#0"},
				"west": {"uv": [9.75, 0.75, 10.5, 1.5], "texture": "#0"},
				"up": {"uv": [9.75, 0.75, 9, 0], "texture": "#0"},
				"down": {"uv": [10.5, 0, 9.75, 0.75], "texture": "#0"}
			}
		},
		{
			"name": "head",
			"from": [4, 14.25, 3.5],
			"to": [12, 18.25, 11.5],
			"rotation": {"angle": -22.5, "axis": "x", "origin": [7.98255, 16.74997, 7.51748]},
			"faces": {
				"north": {"uv": [2, 8.5, 4, 9.5], "texture": "#0"},
				"east": {"uv": [0, 8.5, 2, 9.5], "texture": "#0"},
				"south": {"uv": [6, 8.5, 8, 9.5], "texture": "#0"},
				"west": {"uv": [4, 8.5, 6, 9.5], "texture": "#0"},
				"up": {"uv": [4, 8.5, 2, 6.5], "texture": "#0"},
				"down": {"uv": [6, 6.5, 4, 8.5], "texture": "#0"}
			}
		}
	],
	"display": {
		"thirdperson_righthand": {
			"rotation": [75, 45, 0],
			"translation": [0, 2.5, 0],
			"scale": [0.375, 0.375, 0.375]
		},
		"thirdperson_lefthand": {
			"rotation": [75, 45, 0],
			"translation": [0, 2.5, 0],
			"scale": [0.375, 0.375, 0.375]
		},
		"firstperson_righthand": {
			"rotation": [0, 45, 0],
			"scale": [0.4, 0.4, 0.4]
		},
		"firstperson_lefthand": {
			"rotation": [0, 45, 0],
			"scale": [0.4, 0.4, 0.4]
		},
		"ground": {
			"translation": [0, 3, 0],
			"scale": [0.25, 0.25, 0.25]
		},
		"gui": {
			"rotation": [30, 45, 0],
			"translation": [0, -4, 0],
			"scale": [0.625, 0.625, 0.625]
		},
		"head": {
			"rotation": [16, 180, 0],
			"translation": [0, -2.25, -1.75],
			"scale": [1.45, 1.45, 1.45]
		},
		"fixed": {
			"rotation": [0, 180, 0],
			"translation": [0, -7.5, 0]
		}
	}
}