{
	"texture_size": [64, 64],
	"textures": {
		"0": "craftadia/hats/vaderhelmet"
	},
	"elements": [
		{
			"name": "headwear",
			"from": [3.75, 0.25, 3.75],
			"to": [12.25, 8.75, 12.25],
			"rotation": {"angle": 0, "axis": "y", "origin": [8, 4.5, 8]},
			"faces": {
				"north": {"uv": [6, 2, 8, 4], "texture": "#0"},
				"east": {"uv": [4, 2, 6, 4], "texture": "#0"},
				"south": {"uv": [2, 2, 4, 4], "texture": "#0"},
				"west": {"uv": [0, 2, 2, 4], "texture": "#0"},
				"up": {"uv": [4, 2, 2, 0], "rotation": 180, "texture": "#0"},
				"down": {"uv": [6, 0, 4, 2], "rotation": 180, "texture": "#0"}
			}
		},
		{
			"name": "headwear",
			"from": [3.5, 0, 3.5],
			"to": [12.5, 9, 12.5],
			"rotation": {"angle": 0, "axis": "y", "origin": [8, 4.5, 8]},
			"faces": {
				"north": {"uv": [6, 8.5, 8, 10.5], "texture": "#0"},
				"east": {"uv": [4, 8.5, 6, 10.5], "texture": "#0"},
				"south": {"uv": [2, 8.5, 4, 10.5], "texture": "#0"},
				"west": {"uv": [0, 8.5, 2, 10.5], "texture": "#0"},
				"up": {"uv": [4, 8.5, 2, 6.5], "rotation": 180, "texture": "#0"},
				"down": {"uv": [6, 6.5, 4, 8.5], "rotation": 180, "texture": "#0"}
			}
		},
		{
			"name": "headwear",
			"from": [6.5, 1.3, 2.675],
			"to": [9.5, 3.3, 5.675],
			"rotation": {"angle": 0, "axis": "y", "origin": [8, 4.5, 8]},
			"faces": {
				"north": {"uv": [5.75, 4.75, 6.5, 5.25], "texture": "#0"},
				"east": {"uv": [5, 4.75, 5.75, 5.25], "texture": "#0"},
				"south": {"uv": [4.25, 4.75, 5, 5.25], "texture": "#0"},
				"west": {"uv": [3.5, 4.75, 4.25, 5.25], "texture": "#0"},
				"up": {"uv": [5, 4.75, 4.25, 4], "rotation": 180, "texture": "#0"},
				"down": {"uv": [5.75, 4, 5, 4.75], "rotation": 180, "texture": "#0"}
			}
		},
		{
			"name": "headwear",
			"from": [7, 2.05, 2.625],
			"to": [9, 4.05, 5.625],
			"rotation": {"angle": 0, "axis": "y", "origin": [8, 4.5, 8]},
			"faces": {
				"north": {"uv": [2, 6, 2.5, 6.5], "texture": "#0"},
				"east": {"uv": [1.25, 6, 2, 6.5], "texture": "#0"},
				"south": {"uv": [0.75, 6, 1.25, 6.5], "texture": "#0"},
				"west": {"uv": [0, 6, 0.75, 6.5], "texture": "#0"},
				"up": {"uv": [1.25, 6, 0.75, 5.25], "rotation": 180, "texture": "#0"},
				"down": {"uv": [1.75, 5.25, 1.25, 6], "rotation": 180, "texture": "#0"}
			}
		},
		{
			"name": "headwear",
			"from": [7.5, 2.625, 2.675],
			"to": [8.5, 4.625, 5.675],
			"rotation": {"angle": 0, "axis": "y", "origin": [8, 4.5, 8]},
			"faces": {
				"north": {"uv": [1.75, 0.75, 2, 1.25], "texture": "#0"},
				"east": {"uv": [1, 0.75, 1.75, 1.25], "texture": "#0"},
				"south": {"uv": [0.75, 0.75, 1, 1.25], "texture": "#0"},
				"west": {"uv": [0, 0.75, 0.75, 1.25], "texture": "#0"},
				"up": {"uv": [1, 0.75, 0.75, 0], "rotation": 180, "texture": "#0"},
				"down": {"uv": [1.25, 0, 1, 0.75], "rotation": 180, "texture": "#0"}
			}
		},
		{
			"name": "headwear",
			"from": [6, 0.05, 2.625],
			"to": [10, 2.05, 5.625],
			"rotation": {"angle": 0, "axis": "y", "origin": [8, 4.5, 8]},
			"faces": {
				"north": {"uv": [2.5, 4.75, 3.5, 5.25], "texture": "#0"},
				"east": {"uv": [1.75, 4.75, 2.5, 5.25], "texture": "#0"},
				"south": {"uv": [0.75, 4.75, 1.75, 5.25], "texture": "#0"},
				"west": {"uv": [0, 4.75, 0.75, 5.25], "texture": "#0"},
				"up": {"uv": [1.75, 4.75, 0.75, 4], "rotation": 180, "texture": "#0"},
				"down": {"uv": [2.75, 4, 1.75, 4.75], "rotation": 180, "texture": "#0"}
			}
		},
		{
			"from": [4, 4, 3.55],
			"to": [12, 6, 3.55],
			"rotation": {"angle": 0, "axis": "y", "origin": [8, 4.5, 8]},
			"faces": {
				"north": {"uv": [4.5, 5.25, 6.5, 5.75], "texture": "#0"},
				"east": {"uv": [4.5, 5.25, 4.5, 5.75], "texture": "#0"},
				"south": {"uv": [2.5, 5.25, 4.5, 5.75], "texture": "#0"},
				"west": {"uv": [2.5, 5.25, 2.5, 5.75], "texture": "#0"},
				"up": {"uv": [4.5, 5.25, 2.5, 5.25], "rotation": 180, "texture": "#0"},
				"down": {"uv": [6.5, 5.25, 4.5, 5.25], "rotation": 180, "texture": "#0"}
			}
		}
	],
	"display": {
		"gui": {
			"rotation": [15, 160, 0],
			"translation": [0, 3.25, 0]
		},
		"head": {
			"translation": [0, 6, 0],
			"scale": [2.1, 2.1, 2.1]
		}
	},
	"groups": [
		{
			"name": "headwear",
			"shade": false,
			"origin": [0, 6, 0],
			"children": [0, 1,
				{
					"name": "mask",
					"origin": [-0.5, -22.25, 0.8],
					"children": [2, 3, 4, 5]
				}, 6]
		}
	]
}