{
	"credit": "Made with Blockbench",
	"ambientocclusion": false,
	"texture_size": [32, 32],
	"textures": {
		"0": "craftadia/hats/clown_mask",
		"particle": "craftadia/hats/clown_mask"
	},
	"elements": [
		{
			"from": [3, 0, 2],
			"to": [13, 10, 4],
			"rotation": {"angle": 0, "axis": "y", "origin": [12, 9, 12]},
			"faces": {
				"north": {"uv": [0, 0, 5, 5], "texture": "#0"},
				"east": {"uv": [5, 9.5, 6, 14.5], "texture": "#0"},
				"south": {"uv": [0, 5, 5, 10], "texture": "#0"},
				"west": {"uv": [6, 9.5, 7, 14.5], "texture": "#0"},
				"up": {"uv": [12, 10.5, 7, 9.5], "texture": "#0"},
				"down": {"uv": [14.5, 0, 9.5, 1], "texture": "#0"}
			}
		},
		{
			"from": [7, 4, 0.5],
			"to": [9, 6, 2.5],
			"rotation": {"angle": 0, "axis": "y", "origin": [11, 9, 10.5]},
			"faces": {
				"north": {"uv": [4, 10, 5, 11], "texture": "#0"},
				"east": {"uv": [0, 11, 1, 12], "texture": "#0"},
				"south": {"uv": [1, 11, 2, 12], "texture": "#0"},
				"west": {"uv": [2, 11, 3, 12], "texture": "#0"},
				"up": {"uv": [4, 12, 3, 11], "texture": "#0"},
				"down": {"uv": [5, 11, 4, 12], "texture": "#0"}
			}
		},
		{
			"from": [2, 4, 1.5],
			"to": [6, 6, 3.5],
			"rotation": {"angle": 0, "axis": "y", "origin": [7, 9, 11.5]},
			"faces": {
				"north": {"uv": [9.5, 5, 11.5, 6], "texture": "#0"},
				"east": {"uv": [11, 11, 12, 12], "texture": "#0"},
				"south": {"uv": [9.5, 6, 11.5, 7], "texture": "#0"},
				"west": {"uv": [7, 11.5, 8, 12.5], "texture": "#0"},
				"up": {"uv": [11.5, 8, 9.5, 7], "texture": "#0"},
				"down": {"uv": [11.5, 8, 9.5, 9], "texture": "#0"}
			}
		},
		{
			"from": [10, 4, 1.5],
			"to": [14, 6, 3.5],
			"rotation": {"angle": 0, "axis": "y", "origin": [16, 9, 11.5]},
			"faces": {
				"north": {"uv": [0, 10, 2, 11], "texture": "#0"},
				"east": {"uv": [8, 11.5, 9, 12.5], "texture": "#0"},
				"south": {"uv": [2, 10, 4, 11], "texture": "#0"},
				"west": {"uv": [9, 11.5, 10, 12.5], "texture": "#0"},
				"up": {"uv": [9, 11.5, 7, 10.5], "texture": "#0"},
				"down": {"uv": [11, 10.5, 9, 11.5], "texture": "#0"}
			}
		},
		{
			"from": [3.5, 4.5, 3.5],
			"to": [12.5, 6.5, 12.5],
			"rotation": {"angle": 0, "axis": "y", "origin": [11.5, 7.5, 12.5]},
			"faces": {
				"north": {"uv": [9.5, 1, 14, 2], "texture": "#0"},
				"east": {"uv": [9.5, 2, 14, 3], "texture": "#0"},
				"south": {"uv": [9.5, 3, 14, 4], "texture": "#0"},
				"west": {"uv": [9.5, 4, 14, 5], "texture": "#0"},
				"up": {"uv": [9.5, 9.5, 5, 5], "texture": "#0"},
				"down": {"uv": [9.5, 0, 5, 4.5], "texture": "#0"}
			}
		},
		{
			"from": [3.5, 4.5, 3.5],
			"to": [12.5, 6.5, 12.5],
			"rotation": {"angle": 0, "axis": "y", "origin": [11.5, 7.5, 12.5]},
			"faces": {
				"north": {"uv": [9.5, 1, 14, 2], "texture": "#0"},
				"east": {"uv": [9.5, 2, 14, 3], "texture": "#0"},
				"south": {"uv": [9.5, 3, 14, 4], "texture": "#0"},
				"west": {"uv": [9.5, 4, 14, 5], "texture": "#0"},
				"up": {"uv": [9.5, 9.5, 5, 5], "texture": "#0"},
				"down": {"uv": [9.5, 0, 5, 4.5], "texture": "#0"}
			}
		},
		{
			"from": [3, 4, 7],
			"to": [4, 7, 8],
			"rotation": {"angle": 0, "axis": "y", "origin": [11, 8, 12]},
			"faces": {
				"north": {"uv": [10, 11.5, 10.5, 13], "texture": "#0"},
				"east": {"uv": [10.5, 11.5, 11, 13], "texture": "#0"},
				"south": {"uv": [11.5, 5, 12, 6.5], "texture": "#0"},
				"west": {"uv": [11.5, 6.5, 12, 8], "texture": "#0"},
				"up": {"uv": [5.5, 5, 5, 4.5], "texture": "#0"},
				"down": {"uv": [6, 4.5, 5.5, 5], "texture": "#0"}
			}
		},
		{
			"from": [12, 4, 7],
			"to": [13, 7, 8],
			"rotation": {"angle": 0, "axis": "y", "origin": [5, 8, 12]},
			"faces": {
				"north": {"uv": [3.5, 12, 4, 13.5], "texture": "#0"},
				"east": {"uv": [4, 12, 4.5, 13.5], "texture": "#0"},
				"south": {"uv": [4.5, 12, 5, 13.5], "texture": "#0"},
				"west": {"uv": [11, 12, 11.5, 13.5], "texture": "#0"},
				"up": {"uv": [8.5, 5, 8, 4.5], "texture": "#0"},
				"down": {"uv": [9, 4.5, 8.5, 5], "texture": "#0"}
			}
		},
		{
			"from": [3, 4, 9.5],
			"to": [4, 7, 10.5],
			"rotation": {"angle": 0, "axis": "y", "origin": [11, 8, 14.5]},
			"faces": {
				"north": {"uv": [11.5, 8, 12, 9.5], "texture": "#0"},
				"east": {"uv": [0, 12, 0.5, 13.5], "texture": "#0"},
				"south": {"uv": [0.5, 12, 1, 13.5], "texture": "#0"},
				"west": {"uv": [1, 12, 1.5, 13.5], "texture": "#0"},
				"up": {"uv": [6.5, 5, 6, 4.5], "texture": "#0"},
				"down": {"uv": [7, 4.5, 6.5, 5], "texture": "#0"}
			}
		},
		{
			"from": [12, 4, 9.5],
			"to": [13, 7, 10.5],
			"rotation": {"angle": 0, "axis": "y", "origin": [5, 8, 14.5]},
			"faces": {
				"north": {"uv": [1.5, 12, 2, 13.5], "texture": "#0"},
				"east": {"uv": [2, 12, 2.5, 13.5], "texture": "#0"},
				"south": {"uv": [2.5, 12, 3, 13.5], "texture": "#0"},
				"west": {"uv": [3, 12, 3.5, 13.5], "texture": "#0"},
				"up": {"uv": [7.5, 5, 7, 4.5], "texture": "#0"},
				"down": {"uv": [8, 4.5, 7.5, 5], "texture": "#0"}
			}
		}
	],
	"display": {
		"thirdperson_righthand": {
			"rotation": [85, 11, 0],
			"translation": [-6, -2, 17.75],
			"scale": [0.95, 0.95, 0.95]
		},
		"thirdperson_lefthand": {
			"scale": [0.52, 0.52, 0.52]
		},
		"ground": {
			"translation": [0, 5, 0],
			"scale": [0.79, 0.79, 0.79]
		},
		"gui": {
			"rotation": [35, -147, 0],
			"translation": [-0.5, 4, 0],
			"scale": [0.86, 0.86, 0.86]
		},
		"head": {
			"rotation": [0, 0, 6],
			"translation": [-0.25, 4.25, 0.75],
			"scale": [1.58, 1.58, 1.58]
		},
		"fixed": {
			"translation": [0, 3, 3.25]
		}
	}
}