{
	"credit": "Made with Blockbench",
	"texture_size": [64, 32],
	"textures": {
		"0": "craftadia/hats/cowboy_hat",
		"particle": "craftadia/hats/cowboy_hat"
	},
	"elements": [
		{
			"from": [3, 0, 1],
			"to": [13, 1, 15],
			"rotation": {"angle": 0, "axis": "y", "origin": [8, 0, 8]},
			"faces": {
				"north": {"uv": [3.5, 15.5, 6, 16], "texture": "#0"},
				"east": {"uv": [0, 15.5, 3.5, 16], "texture": "#0"},
				"south": {"uv": [9.5, 15.5, 12, 16], "texture": "#0"},
				"west": {"uv": [6, 15.5, 9.5, 16], "texture": "#0"},
				"up": {"uv": [6, 15.5, 3.5, 8.5], "texture": "#0"},
				"down": {"uv": [8.5, 8.5, 6, 15.5], "texture": "#0"}
			}
		},
		{
			"from": [4, 0, 4],
			"to": [12, 5, 12],
			"rotation": {"angle": 0, "axis": "y", "origin": [8, 0, 8]},
			"faces": {
				"north": {"uv": [10, 4, 12, 6.5], "texture": "#0"},
				"east": {"uv": [8, 4, 10, 6.5], "texture": "#0"},
				"south": {"uv": [14, 4, 16, 6.5], "texture": "#0"},
				"west": {"uv": [12, 4, 14, 6.5], "texture": "#0"},
				"up": {"uv": [12, 4, 10, 0], "texture": "#0"},
				"down": {"uv": [14, 0, 12, 4], "texture": "#0"}
			}
		},
		{
			"from": [12.8, 0, 1],
			"to": [15.8, 1, 15],
			"rotation": {"angle": 22.5, "axis": "z", "origin": [12.8, 0.5, 8]},
			"faces": {
				"north": {"uv": [3.5, 7, 4.25, 7.5], "texture": "#0"},
				"east": {"uv": [0, 7, 3.5, 7.5], "texture": "#0"},
				"south": {"uv": [7.75, 7, 8.5, 7.5], "texture": "#0"},
				"west": {"uv": [4.25, 7, 7.75, 7.5], "texture": "#0"},
				"up": {"uv": [4.25, 7, 3.5, 0], "texture": "#0"},
				"down": {"uv": [5, 0, 4.25, 7], "texture": "#0"}
			}
		},
		{
			"from": [0.2, 0, 1],
			"to": [3.2, 1, 15],
			"shade": false,
			"rotation": {"angle": -22.5, "axis": "z", "origin": [3.2, 0.5, 8]},
			"faces": {
				"north": {"uv": [4.25, 7, 3.5, 7.5], "texture": "#0"},
				"east": {"uv": [7.75, 7, 4.25, 7.5], "texture": "#0"},
				"south": {"uv": [8.5, 7, 7.75, 7.5], "texture": "#0"},
				"west": {"uv": [3.5, 7, 0, 7.5], "texture": "#0"},
				"up": {"uv": [3.5, 7, 4.25, 0], "texture": "#0"},
				"down": {"uv": [4.25, 0, 5, 7], "texture": "#0"}
			}
		}
	],
	"display": {
		"thirdperson_righthand": {
			"rotation": [0, -180, 0],
			"translation": [0, 4.5, 0.25],
			"scale": [0.6, 0.6, 0.6]
		},
		"thirdperson_lefthand": {
			"rotation": [0, -180, 0],
			"translation": [0, 4.5, 0.25],
			"scale": [0.6, 0.6, 0.6]
		},
		"firstperson_righthand": {
			"rotation": [0, -180, 0],
			"translation": [2, 1.5, 0],
			"scale": [0.6, 0.6, 0.6]
		},
		"firstperson_lefthand": {
			"rotation": [0, -180, 0],
			"translation": [2, 1.5, 0],
			"scale": [0.6, 0.6, 0.6]
		},
		"ground": {
			"translation": [0, 1, 0],
			"scale": [0.6, 0.6, 0.6]
		},
		"gui": {
			"rotation": [30, 225, 0],
			"translation": [-0.5, 3, 0],
			"scale": [0.625, 0.625, 0.625]
		},
		"head": {
			"translation": [0, 19, 0],
			"scale": [1.61, 1.61, 1.61]
		},
		"fixed": {
			"translation": [0, 4, -3.25],
			"scale": [0.8, 0.8, 0.8]
		}
	},
	"groups": [
		{
			"name": "Main",
			"origin": [0, 0, 0],
			"children": [0, 1, 2, 3]
		}
	]
}