{
	"credit": "Made with Blockbench",
	"ambientocclusion": false,
	"texture_size": [128, 128],
	"textures": {
		"0": "craftadia/hats/egg_basket",
		"particle": "craftadia/hats/egg_basket"
	},
	"elements": [
		{
			"from": [5, 8.25, 7.3125],
			"to": [11, 13.25, 7.3125],
			"rotation": {"angle": 0, "axis": "y", "origin": [8, 10.75, 7.3125]},
			"faces": {
				"north": {"uv": [2, 3.5, 3, 4.375], "texture": "#0"},
				"east": {"uv": [1.75, 3.5, 2, 4.375], "texture": "#0"},
				"south": {"uv": [3.25, 3.5, 4.25, 4.375], "texture": "#0"},
				"west": {"uv": [3, 3.5, 3.25, 4.375], "texture": "#0"},
				"up": {"uv": [3, 3.5, 2, 3.25], "texture": "#0"},
				"down": {"uv": [4, 3.25, 3, 3.5], "texture": "#0"}
			}
		},
		{
			"from": [1, 5, 2],
			"to": [3, 6, 14],
			"faces": {
				"north": {"uv": [5, 3.125, 5.25, 3.25], "texture": "#0"},
				"east": {"uv": [3.5, 3.125, 5, 3.25], "texture": "#0"},
				"south": {"uv": [6.75, 3.125, 7, 3.25], "texture": "#0"},
				"west": {"uv": [5.25, 3.125, 6.75, 3.25], "texture": "#0"},
				"up": {"uv": [5.25, 3.125, 5, 1.625], "texture": "#0"},
				"down": {"uv": [5.5, 1.625, 5.25, 3.125], "texture": "#0"}
			}
		},
		{
			"from": [13, 5, 2],
			"to": [15, 6, 14],
			"faces": {
				"north": {"uv": [1.5, 6.5, 1.75, 6.625], "texture": "#0"},
				"east": {"uv": [0, 6.5, 1.5, 6.625], "texture": "#0"},
				"south": {"uv": [3.25, 6.5, 3.5, 6.625], "texture": "#0"},
				"west": {"uv": [1.75, 6.5, 3.25, 6.625], "texture": "#0"},
				"up": {"uv": [1.75, 6.5, 1.5, 5], "texture": "#0"},
				"down": {"uv": [2, 5, 1.75, 6.5], "texture": "#0"}
			}
		},
		{
			"from": [3, 5, 2],
			"to": [13, 6, 3],
			"faces": {
				"north": {"uv": [4.625, 1.25, 5.875, 1.375], "texture": "#0"},
				"east": {"uv": [4.5, 1.25, 4.625, 1.375], "texture": "#0"},
				"south": {"uv": [6, 1.25, 7.25, 1.375], "texture": "#0"},
				"west": {"uv": [5.875, 1.25, 6, 1.375], "texture": "#0"},
				"up": {"uv": [5.875, 1.25, 4.625, 1.125], "texture": "#0"},
				"down": {"uv": [7.125, 1.125, 5.875, 1.25], "texture": "#0"}
			}
		},
		{
			"from": [3.5, 10.5, 7.5],
			"to": [12.5, 11.5, 8.5],
			"rotation": {"angle": 0, "axis": "y", "origin": [7, 6, 7.5]},
			"faces": {
				"north": {"uv": [5.125, 4.25, 6.25, 4.375], "texture": "#0"},
				"east": {"uv": [5, 4.25, 5.125, 4.375], "texture": "#0"},
				"south": {"uv": [6.375, 4.25, 7.5, 4.375], "texture": "#0"},
				"west": {"uv": [6.25, 4.25, 6.375, 4.375], "texture": "#0"},
				"up": {"uv": [6.25, 4.25, 5.125, 4.125], "texture": "#0"},
				"down": {"uv": [7.375, 4.125, 6.25, 4.25], "texture": "#0"}
			}
		},
		{
			"from": [2.5, 0.5, 7.5],
			"to": [3.5, 11.5, 8.5],
			"rotation": {"angle": 0, "axis": "y", "origin": [21, 5.5, 13.5]},
			"faces": {
				"north": {"uv": [0.125, 0.125, 0.25, 1.5], "texture": "#0"},
				"east": {"uv": [0, 0.125, 0.125, 1.5], "texture": "#0"},
				"south": {"uv": [0.375, 0.125, 0.5, 1.5], "texture": "#0"},
				"west": {"uv": [0.25, 0.125, 0.375, 1.5], "texture": "#0"},
				"up": {"uv": [0.25, 0.125, 0.125, 0], "texture": "#0"},
				"down": {"uv": [0.375, 0, 0.25, 0.125], "texture": "#0"}
			}
		},
		{
			"from": [12.5, 0.5, 7.5],
			"to": [13.5, 11.5, 8.5],
			"rotation": {"angle": 0, "axis": "y", "origin": [21, 5.5, 13.5]},
			"faces": {
				"north": {"uv": [0.625, 0.125, 0.75, 1.5], "texture": "#0"},
				"east": {"uv": [0.5, 0.125, 0.625, 1.5], "texture": "#0"},
				"south": {"uv": [0.875, 0.125, 1, 1.5], "texture": "#0"},
				"west": {"uv": [0.75, 0.125, 0.875, 1.5], "texture": "#0"},
				"up": {"uv": [0.75, 0.125, 0.625, 0], "texture": "#0"},
				"down": {"uv": [0.875, 0, 0.75, 0.125], "texture": "#0"}
			}
		},
		{
			"from": [3, 5, 13],
			"to": [13, 6, 14],
			"faces": {
				"north": {"uv": [5.125, 4, 6.375, 4.125], "texture": "#0"},
				"east": {"uv": [5, 4, 5.125, 4.125], "texture": "#0"},
				"south": {"uv": [6.5, 4, 7.75, 4.125], "texture": "#0"},
				"west": {"uv": [6.375, 4, 6.5, 4.125], "texture": "#0"},
				"up": {"uv": [6.375, 4, 5.125, 3.875], "texture": "#0"},
				"down": {"uv": [7.625, 3.875, 6.375, 4], "texture": "#0"}
			}
		},
		{
			"from": [1, 5, 14],
			"to": [15, 6, 15],
			"faces": {
				"north": {"uv": [4.625, 0.125, 6.375, 0.25], "texture": "#0"},
				"east": {"uv": [4.5, 0.125, 4.625, 0.25], "texture": "#0"},
				"south": {"uv": [6.5, 0.125, 8.25, 0.25], "texture": "#0"},
				"west": {"uv": [6.375, 0.125, 6.5, 0.25], "texture": "#0"},
				"up": {"uv": [6.375, 0.125, 4.625, 0], "texture": "#0"},
				"down": {"uv": [8.125, 0, 6.375, 0.125], "texture": "#0"}
			}
		},
		{
			"from": [1, 5, 1],
			"to": [15, 6, 2],
			"faces": {
				"north": {"uv": [4.625, 0.375, 6.375, 0.5], "texture": "#0"},
				"east": {"uv": [4.5, 0.375, 4.625, 0.5], "texture": "#0"},
				"south": {"uv": [6.5, 0.375, 8.25, 0.5], "texture": "#0"},
				"west": {"uv": [6.375, 0.375, 6.5, 0.5], "texture": "#0"},
				"up": {"uv": [6.375, 0.375, 4.625, 0.25], "texture": "#0"},
				"down": {"uv": [8.125, 0.25, 6.375, 0.375], "texture": "#0"}
			}
		},
		{
			"from": [3, 1, 2],
			"to": [13, 5, 3],
			"faces": {
				"north": {"uv": [4.625, 0.625, 5.875, 1.125], "texture": "#0"},
				"east": {"uv": [4.5, 0.625, 4.625, 1.125], "texture": "#0"},
				"south": {"uv": [6, 0.625, 7.25, 1.125], "texture": "#0"},
				"west": {"uv": [5.875, 0.625, 6, 1.125], "texture": "#0"},
				"up": {"uv": [5.875, 0.625, 4.625, 0.5], "texture": "#0"},
				"down": {"uv": [7.125, 0.5, 5.875, 0.625], "texture": "#0"}
			}
		},
		{
			"from": [3, 1, 13],
			"to": [13, 5, 14],
			"faces": {
				"north": {"uv": [5.125, 3.375, 6.375, 3.875], "texture": "#0"},
				"east": {"uv": [5, 3.375, 5.125, 3.875], "texture": "#0"},
				"south": {"uv": [6.5, 3.375, 7.75, 3.875], "texture": "#0"},
				"west": {"uv": [6.375, 3.375, 6.5, 3.875], "texture": "#0"},
				"up": {"uv": [6.375, 3.375, 5.125, 3.25], "texture": "#0"},
				"down": {"uv": [7.625, 3.25, 6.375, 3.375], "texture": "#0"}
			}
		},
		{
			"from": [13, 1, 2],
			"to": [14, 5, 14],
			"faces": {
				"north": {"uv": [1.5, 4.5, 1.625, 5], "texture": "#0"},
				"east": {"uv": [0, 4.5, 1.5, 5], "texture": "#0"},
				"south": {"uv": [3.125, 4.5, 3.25, 5], "texture": "#0"},
				"west": {"uv": [1.625, 4.5, 3.125, 5], "texture": "#0"},
				"up": {"uv": [1.625, 4.5, 1.5, 3], "texture": "#0"},
				"down": {"uv": [1.75, 3, 1.625, 4.5], "texture": "#0"}
			}
		},
		{
			"from": [2, 1, 2],
			"to": [3, 5, 14],
			"faces": {
				"north": {"uv": [4.75, 4.75, 4.875, 5.25], "texture": "#0"},
				"east": {"uv": [3.25, 4.75, 4.75, 5.25], "texture": "#0"},
				"south": {"uv": [6.375, 4.75, 6.5, 5.25], "texture": "#0"},
				"west": {"uv": [4.875, 4.75, 6.375, 5.25], "texture": "#0"},
				"up": {"uv": [4.875, 4.75, 4.75, 3.25], "texture": "#0"},
				"down": {"uv": [5, 3.25, 4.875, 4.75], "texture": "#0"}
			}
		},
		{
			"from": [2, 0, 2],
			"to": [14, 1, 14],
			"faces": {
				"north": {"uv": [1.5, 1.5, 3, 1.625], "texture": "#0"},
				"east": {"uv": [0, 1.5, 1.5, 1.625], "texture": "#0"},
				"south": {"uv": [4.5, 1.5, 6, 1.625], "texture": "#0"},
				"west": {"uv": [3, 1.5, 4.5, 1.625], "texture": "#0"},
				"up": {"uv": [3, 1.5, 1.5, 0], "texture": "#0"},
				"down": {"uv": [4.5, 0, 3, 1.5], "texture": "#0"}
			}
		},
		{
			"from": [3, 4, 3],
			"to": [13, 5, 13],
			"faces": {
				"north": {"uv": [1.25, 2.875, 2.5, 3], "texture": "#0"},
				"east": {"uv": [0, 2.875, 1.25, 3], "texture": "#0"},
				"south": {"uv": [3.75, 2.875, 5, 3], "texture": "#0"},
				"west": {"uv": [2.5, 2.875, 3.75, 3], "texture": "#0"},
				"up": {"uv": [2.5, 2.875, 1.25, 1.625], "texture": "#0"},
				"down": {"uv": [3.75, 1.625, 2.5, 2.875], "texture": "#0"}
			}
		},
		{
			"from": [4.38268, 4, 3.92388],
			"to": [6.38268, 8, 5.92388],
			"rotation": {"angle": -22.5, "axis": "y", "origin": [6.75209, 6.77025, 4.82029]},
			"faces": {
				"north": {"uv": [0.25, 3.25, 0.5, 3.75], "texture": "#0"},
				"east": {"uv": [0, 3.25, 0.25, 3.75], "texture": "#0"},
				"south": {"uv": [0.75, 3.25, 1, 3.75], "texture": "#0"},
				"west": {"uv": [0.5, 3.25, 0.75, 3.75], "texture": "#0"},
				"up": {"uv": [0.5, 3.25, 0.25, 3], "texture": "#0"},
				"down": {"uv": [0.75, 3, 0.5, 3.25], "texture": "#0"}
			}
		},
		{
			"from": [4, 3, 8],
			"to": [6, 7, 10],
			"faces": {
				"north": {"uv": [3.25, 5.5, 3.5, 6], "texture": "#0"},
				"east": {"uv": [3, 5.5, 3.25, 6], "texture": "#0"},
				"south": {"uv": [3.75, 5.5, 4, 6], "texture": "#0"},
				"west": {"uv": [3.5, 5.5, 3.75, 6], "texture": "#0"},
				"up": {"uv": [3.5, 5.5, 3.25, 5.25], "texture": "#0"},
				"down": {"uv": [3.75, 5.25, 3.5, 5.5], "texture": "#0"}
			}
		},
		{
			"from": [5.75, 5.30343, 11.0391],
			"to": [7.75, 9.30343, 13.0391],
			"rotation": {"angle": 22.5, "axis": "x", "origin": [8, 8, 8]},
			"faces": {
				"north": {"uv": [0.25, 5.25, 0.5, 5.75], "texture": "#0"},
				"east": {"uv": [0, 5.25, 0.25, 5.75], "texture": "#0"},
				"south": {"uv": [0.75, 5.25, 1, 5.75], "texture": "#0"},
				"west": {"uv": [0.5, 5.25, 0.75, 5.75], "texture": "#0"},
				"up": {"uv": [0.5, 5.25, 0.25, 5], "texture": "#0"},
				"down": {"uv": [0.75, 5, 0.5, 5.25], "texture": "#0"}
			}
		},
		{
			"from": [6.75, 3.09457, 5.59497],
			"to": [8.75, 7.09457, 7.59497],
			"rotation": {"angle": -22.5, "axis": "x", "origin": [6.75209, 6.77025, 4.82029]},
			"faces": {
				"north": {"uv": [0.25, 4, 0.5, 4.5], "texture": "#0"},
				"east": {"uv": [0, 4, 0.25, 4.5], "texture": "#0"},
				"south": {"uv": [0.75, 4, 1, 4.5], "texture": "#0"},
				"west": {"uv": [0.5, 4, 0.75, 4.5], "texture": "#0"},
				"up": {"uv": [0.5, 4, 0.25, 3.75], "texture": "#0"},
				"down": {"uv": [0.75, 3.75, 0.5, 4], "texture": "#0"}
			}
		},
		{
			"from": [8.90498, 3, 5.0004],
			"to": [10.90498, 7, 7.0004],
			"rotation": {"angle": 22.5, "axis": "y", "origin": [6.75209, 6.77025, 4.82029]},
			"faces": {
				"north": {"uv": [4, 1.875, 4.25, 2.375], "texture": "#0"},
				"east": {"uv": [3.75, 1.875, 4, 2.375], "texture": "#0"},
				"south": {"uv": [4.5, 1.875, 4.75, 2.375], "texture": "#0"},
				"west": {"uv": [4.25, 1.875, 4.5, 2.375], "texture": "#0"},
				"up": {"uv": [4.25, 1.875, 4, 1.625], "texture": "#0"},
				"down": {"uv": [4.5, 1.625, 4.25, 1.875], "texture": "#0"}
			}
		},
		{
			"from": [10, 4, 9],
			"to": [12, 8, 11],
			"rotation": {"angle": -22.5, "axis": "y", "origin": [8, 8, 8]},
			"faces": {
				"north": {"uv": [2.25, 5.25, 2.5, 5.75], "texture": "#0"},
				"east": {"uv": [2, 5.25, 2.25, 5.75], "texture": "#0"},
				"south": {"uv": [2.75, 5.25, 3, 5.75], "texture": "#0"},
				"west": {"uv": [2.5, 5.25, 2.75, 5.75], "texture": "#0"},
				"up": {"uv": [2.5, 5.25, 2.25, 5], "texture": "#0"},
				"down": {"uv": [2.75, 5, 2.5, 5.25], "texture": "#0"}
			}
		},
		{
			"from": [11.23457, 2.25, 5.51097],
			"to": [13.23457, 6.25, 7.51097],
			"rotation": {"angle": -22.5, "axis": "y", "origin": [6.75209, 6.77025, 4.82029]},
			"faces": {
				"north": {"uv": [0.25, 1.875, 0.5, 2.375], "texture": "#0"},
				"east": {"uv": [0, 1.875, 0.25, 2.375], "texture": "#0"},
				"south": {"uv": [0.75, 1.875, 1, 2.375], "texture": "#0"},
				"west": {"uv": [0.5, 1.875, 0.75, 2.375], "texture": "#0"},
				"up": {"uv": [0.5, 1.875, 0.25, 1.625], "texture": "#0"},
				"down": {"uv": [0.75, 1.625, 0.5, 1.875], "texture": "#0"}
			}
		}
	],
	"display": {
		"thirdperson_righthand": {
			"rotation": [55, 0, 0],
			"scale": [0.5, 0.5, 0.5]
		},
		"thirdperson_lefthand": {
			"rotation": [55, 0, 0],
			"scale": [0.5, 0.5, 0.5]
		},
		"firstperson_righthand": {
			"scale": [0.8, 0.8, 0.8]
		},
		"ground": {
			"translation": [0, 2.5, 0],
			"scale": [0.8, 0.8, 0.8]
		},
		"gui": {
			"rotation": [0, 138, 0],
			"translation": [0.25, 2.25, 0],
			"scale": [0.8, 0.8, 0.8]
		},
		"head": {
			"translation": [0, 14.5, 0]
		}
	}
}