{
	"credit": "Made with Blockbench",
	"texture_size": [64, 64],
	"textures": {
		"0": "craftadia/hats/easter_bunny",
		"particle": "craftadia/hats/easter_bunny"
	},
	"elements": [
		{
			"from": [8.75, 0, 5],
			"to": [11.5, 1, 9],
			"faces": {
				"north": {"uv": [5.25, 4.25, 5.75, 4.5], "texture": "#0"},
				"east": {"uv": [4.25, 4.25, 5.25, 4.5], "texture": "#0"},
				"south": {"uv": [6.75, 4.25, 7.25, 4.5], "texture": "#0"},
				"west": {"uv": [5.75, 4.25, 6.75, 4.5], "texture": "#0"},
				"up": {"uv": [5.75, 4.25, 5.25, 3.25], "texture": "#0"},
				"down": {"uv": [6.25, 3.25, 5.75, 4.25], "texture": "#0"}
			}
		},
		{
			"from": [4.25, 0, 5],
			"to": [7, 1, 9],
			"faces": {
				"north": {"uv": [6.25, 1, 6.75, 1.25], "texture": "#0"},
				"east": {"uv": [5.25, 1, 6.25, 1.25], "texture": "#0"},
				"south": {"uv": [7.75, 1, 8.25, 1.25], "texture": "#0"},
				"west": {"uv": [6.75, 1, 7.75, 1.25], "texture": "#0"},
				"up": {"uv": [6.75, 1, 6.25, 0], "texture": "#0"},
				"down": {"uv": [7.25, 0, 6.75, 1], "texture": "#0"}
			}
		},
		{
			"from": [5, 1, 6],
			"to": [11, 7, 11],
			"faces": {
				"north": {"uv": [1.25, 4.5, 2.75, 6], "texture": "#0"},
				"east": {"uv": [0, 4.5, 1.25, 6], "texture": "#0"},
				"south": {"uv": [4, 4.5, 5.5, 6], "texture": "#0"},
				"west": {"uv": [2.75, 4.5, 4, 6], "texture": "#0"},
				"up": {"uv": [2.75, 4.5, 1.25, 3.25], "texture": "#0"},
				"down": {"uv": [4.25, 3.25, 2.75, 4.5], "texture": "#0"}
			}
		},
		{
			"from": [10.75656, 4.30737, 7.75],
			"to": [11.75656, 8.30737, 9.75],
			"rotation": {"angle": 45, "axis": "z", "origin": [13, 6.5, 8]},
			"faces": {
				"north": {"uv": [6, 7, 6.25, 8], "texture": "#0"},
				"east": {"uv": [5.5, 7, 6, 8], "texture": "#0"},
				"south": {"uv": [6.75, 7, 7, 8], "texture": "#0"},
				"west": {"uv": [6.25, 7, 6.75, 8], "texture": "#0"},
				"up": {"uv": [6.25, 7, 6, 6.5], "texture": "#0"},
				"down": {"uv": [6.5, 6.5, 6.25, 7], "texture": "#0"}
			}
		},
		{
			"from": [4.24344, 4.30737, 7.75],
			"to": [5.24344, 8.30737, 9.75],
			"rotation": {"angle": -45, "axis": "z", "origin": [3, 6.5, 8]},
			"faces": {
				"north": {"uv": [4.5, 7, 4.75, 8], "texture": "#0"},
				"east": {"uv": [4, 7, 4.5, 8], "texture": "#0"},
				"south": {"uv": [5.25, 7, 5.5, 8], "texture": "#0"},
				"west": {"uv": [4.75, 7, 5.25, 8], "texture": "#0"},
				"up": {"uv": [4.75, 7, 4.5, 6.5], "texture": "#0"},
				"down": {"uv": [5, 6.5, 4.75, 7], "texture": "#0"}
			}
		},
		{
			"from": [7, 2, 11],
			"to": [9, 4, 12],
			"faces": {
				"north": {"uv": [7.25, 1.5, 7.75, 2], "texture": "#0"},
				"east": {"uv": [7, 1.5, 7.25, 2], "texture": "#0"},
				"south": {"uv": [8, 1.5, 8.5, 2], "texture": "#0"},
				"west": {"uv": [7.75, 1.5, 8, 2], "texture": "#0"},
				"up": {"uv": [7.75, 1.5, 7.25, 1.25], "texture": "#0"},
				"down": {"uv": [8.25, 1.25, 7.75, 1.5], "texture": "#0"}
			}
		},
		{
			"from": [2.875, 3.1875, 7.0625],
			"to": [3.375, 3.6875, 10.0625],
			"faces": {
				"north": {"uv": [5.5, 6, 6, 6.5], "texture": "#0"},
				"east": {"uv": [4.25, 6, 5.5, 6.5], "texture": "#0"},
				"south": {"uv": [7.25, 6, 7.75, 6.5], "texture": "#0"},
				"west": {"uv": [6, 6, 7.25, 6.5], "texture": "#0"},
				"up": {"uv": [6, 6, 5.5, 4.75], "texture": "#0"},
				"down": {"uv": [6.5, 4.75, 6, 6], "texture": "#0"}
			}
		},
		{
			"from": [4.44584, 1.5013, 10.0625],
			"to": [4.44584, 2.0013, 10.5625],
			"rotation": {"angle": 45, "axis": "z", "origin": [1.75, 1, 3.25]},
			"faces": {
				"north": {"uv": [6.75, 3.75, 7.25, 4.25], "texture": "#0"},
				"east": {"uv": [6.25, 3.75, 6.75, 4.25], "texture": "#0"},
				"south": {"uv": [7.75, 3.75, 8.25, 4.25], "texture": "#0"},
				"west": {"uv": [7.25, 3.75, 7.75, 4.25], "texture": "#0"},
				"up": {"uv": [7.25, 3.75, 6.75, 3.25], "texture": "#0"},
				"down": {"uv": [7.75, 3.25, 7.25, 3.75], "texture": "#0"}
			}
		},
		{
			"from": [0.9987, 3.44584, 10.0625],
			"to": [0.9987, 3.94584, 10.5625],
			"rotation": {"angle": -45, "axis": "z", "origin": [1.75, 1, 3.25]},
			"faces": {
				"north": {"uv": [3, 6.5, 3.5, 7], "texture": "#0"},
				"east": {"uv": [2.5, 6.5, 3, 7], "texture": "#0"},
				"south": {"uv": [4, 6.5, 4.5, 7], "texture": "#0"},
				"west": {"uv": [3.5, 6.5, 4, 7], "texture": "#0"},
				"up": {"uv": [3.5, 6.5, 3, 6], "texture": "#0"},
				"down": {"uv": [4, 6, 3.5, 6.5], "texture": "#0"}
			}
		},
		{
			"from": [4.375, 7, 5],
			"to": [11.625, 13, 12],
			"faces": {
				"north": {"uv": [1.75, 1.75, 3.5, 3.25], "texture": "#0"},
				"east": {"uv": [0, 1.75, 1.75, 3.25], "texture": "#0"},
				"south": {"uv": [5.25, 1.75, 7, 3.25], "texture": "#0"},
				"west": {"uv": [3.5, 1.75, 5.25, 3.25], "texture": "#0"},
				"up": {"uv": [3.5, 1.75, 1.75, 0], "texture": "#0"},
				"down": {"uv": [5.25, 0, 3.5, 1.75], "texture": "#0"}
			}
		},
		{
			"from": [4.875, 13, 8],
			"to": [6.875, 16, 9],
			"faces": {
				"north": {"uv": [2.5, 7.25, 3, 8], "texture": "#0"},
				"east": {"uv": [2.25, 7.25, 2.5, 8], "texture": "#0"},
				"south": {"uv": [3.25, 7.25, 3.75, 8], "texture": "#0"},
				"west": {"uv": [3, 7.25, 3.25, 8], "texture": "#0"},
				"up": {"uv": [3, 7.25, 2.5, 7], "texture": "#0"},
				"down": {"uv": [3.5, 7, 3, 7.25], "texture": "#0"}
			}
		},
		{
			"from": [8.875, 13, 8],
			"to": [10.875, 19, 9],
			"faces": {
				"north": {"uv": [0.25, 0.25, 0.75, 1.75], "texture": "#0"},
				"east": {"uv": [0, 0.25, 0.25, 1.75], "texture": "#0"},
				"south": {"uv": [1, 0.25, 1.5, 1.75], "texture": "#0"},
				"west": {"uv": [0.75, 0.25, 1, 1.75], "texture": "#0"},
				"up": {"uv": [0.75, 0.25, 0.25, 0], "texture": "#0"},
				"down": {"uv": [1.25, 0, 0.75, 0.25], "texture": "#0"}
			}
		},
		{
			"from": [4.875, 15.84672, 6.69867],
			"to": [6.875, 18.84672, 7.69867],
			"rotation": {"angle": -22.5, "axis": "x", "origin": [6, 19.19448, 7.96404]},
			"faces": {
				"north": {"uv": [6.75, 4.75, 7.25, 5.5], "texture": "#0"},
				"east": {"uv": [6.5, 4.75, 6.75, 5.5], "texture": "#0"},
				"south": {"uv": [7.5, 4.75, 8, 5.5], "texture": "#0"},
				"west": {"uv": [7.25, 4.75, 7.5, 5.5], "texture": "#0"},
				"up": {"uv": [7.25, 4.75, 6.75, 4.5], "texture": "#0"},
				"down": {"uv": [7.75, 4.5, 7.25, 4.75], "texture": "#0"}
			}
		},
		{
			"from": [7.375, 9.25, 3.75],
			"to": [8.375, 10.25, 4.75],
			"faces": {
				"north": {"uv": [0.25, 3.5, 0.5, 3.75], "texture": "#0"},
				"east": {"uv": [0, 3.5, 0.25, 3.75], "texture": "#0"},
				"south": {"uv": [0.75, 3.5, 1, 3.75], "texture": "#0"},
				"west": {"uv": [0.5, 3.5, 0.75, 3.75], "texture": "#0"},
				"up": {"uv": [0.5, 3.5, 0.25, 3.25], "texture": "#0"},
				"down": {"uv": [0.75, 3.25, 0.5, 3.5], "texture": "#0"}
			}
		},
		{
			"from": [6.625, 8, 4],
			"to": [9.125, 10, 5],
			"faces": {
				"north": {"uv": [7.25, 7.25, 7.75, 7.75], "texture": "#0"},
				"east": {"uv": [7, 7.25, 7.25, 7.75], "texture": "#0"},
				"south": {"uv": [8, 7.25, 8.5, 7.75], "texture": "#0"},
				"west": {"uv": [7.75, 7.25, 8, 7.75], "texture": "#0"},
				"up": {"uv": [7.75, 7.25, 7.25, 7], "texture": "#0"},
				"down": {"uv": [8.25, 7, 7.75, 7.25], "texture": "#0"}
			}
		},
		{
			"from": [7.375, 7.3125, 4.375],
			"to": [8.625, 8.3125, 4.375],
			"rotation": {"angle": 0, "axis": "x", "origin": [8.125, 9, -4.5]},
			"faces": {
				"north": {"uv": [0.5, 6.5, 1.25, 7.25], "texture": "#0"},
				"east": {"uv": [0, 6.5, 0.5, 7.25], "texture": "#0"},
				"south": {"uv": [1.75, 6.5, 2.5, 7.25], "texture": "#0"},
				"west": {"uv": [1.25, 6.5, 1.75, 7.25], "texture": "#0"},
				"up": {"uv": [1.25, 6.5, 0.5, 6], "texture": "#0"},
				"down": {"uv": [2, 6, 1.25, 6.5], "texture": "#0"}
			}
		}
	],
	"display": {
		"thirdperson_righthand": {
			"rotation": [30, 19, 0],
			"scale": [0.5, 0.5, 0.5]
		},
		"thirdperson_lefthand": {
			"rotation": [30, 19, 0],
			"scale": [0.5, 0.5, 0.5]
		},
		"firstperson_righthand": {
			"scale": [0.75, 0.75, 0.75]
		},
		"firstperson_lefthand": {
			"scale": [0.75, 0.75, 0.75]
		},
		"ground": {
			"translation": [0, 1.75, 0],
			"scale": [0.75, 0.75, 0.75]
		},
		"gui": {
			"rotation": [0, 144, 0],
			"scale": [0.7, 0.7, 0.7]
		},
		"head": {
			"translation": [0, 14.25, 0]
		},
		"fixed": {
			"translation": [0, 0, -1],
			"scale": [0.9, 0.9, 0.9]
		}
	}
}