{"__comment":"Designed by RamonaSkye with Cubik Studio - https://cubik.studio","textures":{"end_stone":"block/gold_block","cactus_side":"block/lime_concrete_powder","purpur_pillar_top":"block/purpur_pillar_top"},"elements":[{"__comment":"Voxels-FBC3FB","from":[0,3,7],"to":[1,4,9],"faces":{"down":{"uv":[16,9,15,7],"texture":"#purpur_pillar_top"},"up":{"uv":[0,7,1,9],"texture":"#purpur_pillar_top"},"north":{"uv":[15,12,16,13],"texture":"#purpur_pillar_top"},"south":{"uv":[0,12,1,13],"texture":"#purpur_pillar_top"},"west":{"uv":[7,12,9,13],"texture":"#purpur_pillar_top"},"east":{"uv":[7,12,9,13],"texture":"#purpur_pillar_top"}}},{"__comment":"Voxels-004400","from":[0,4,4],"to":[3,5,5],"faces":{"down":{"uv":[15,5,12,4],"texture":"#cactus_side"},"up":{"uv":[2,4,5,5],"texture":"#cactus_side"},"north":{"uv":[11,11,14,12],"texture":"#cactus_side"},"south":{"uv":[1,11,4,12],"texture":"#cactus_side"},"west":{"uv":[4,11,5,12],"texture":"#cactus_side"},"east":{"uv":[11,11,12,12],"texture":"#cactus_side"}}},{"__comment":"Voxels-004400","from":[0,4,5],"to":[2,5,6],"faces":{"down":{"uv":[15,6,13,5],"texture":"#cactus_side"},"up":{"uv":[2,5,4,6],"texture":"#cactus_side"},"north":{"uv":[11,11,13,12],"texture":"#cactus_side"},"south":{"uv":[2,11,4,12],"texture":"#cactus_side"},"west":{"uv":[5,11,6,12],"texture":"#cactus_side"},"east":{"uv":[10,11,11,12],"texture":"#cactus_side"}}},{"__comment":"Voxels-FBC3FB","from":[0,4,6],"to":[2,5,7],"faces":{"down":{"uv":[16,7,14,6],"texture":"#purpur_pillar_top"},"up":{"uv":[0,6,2,7],"texture":"#purpur_pillar_top"},"north":{"uv":[14,11,16,12],"texture":"#purpur_pillar_top"},"south":{"uv":[0,11,2,12],"texture":"#purpur_pillar_top"},"west":{"uv":[6,11,7,12],"texture":"#purpur_pillar_top"},"east":{"uv":[9,11,10,12],"texture":"#purpur_pillar_top"}}},{"__comment":"Voxels-FBD8A8","from":[0,4,7],"to":[1,5,9],"faces":{"down":{"uv":[16,9,15,7],"texture":"#end_stone"},"up":{"uv":[0,7,1,9],"texture":"#end_stone"},"north":{"uv":[15,11,16,12],"texture":"#end_stone"},"south":{"uv":[0,11,1,12],"texture":"#end_stone"},"west":{"uv":[7,11,9,12],"texture":"#end_stone"},"east":{"uv":[7,11,9,12],"texture":"#end_stone"}}},{"__comment":"Voxels-FBC3FB","from":[0,4,9],"to":[1,5,10],"faces":{"down":{"uv":[16,10,15,9],"texture":"#purpur_pillar_top"},"up":{"uv":[0,9,1,10],"texture":"#purpur_pillar_top"},"north":{"uv":[15,11,16,12],"texture":"#purpur_pillar_top"},"south":{"uv":[0,11,1,12],"texture":"#purpur_pillar_top"},"west":{"uv":[9,11,10,12],"texture":"#purpur_pillar_top"},"east":{"uv":[6,11,7,12],"texture":"#purpur_pillar_top"}}},{"__comment":"Voxels-FBC3FB","from":[0,5,6],"to":[1,6,8],"faces":{"down":{"uv":[16,8,15,6],"texture":"#purpur_pillar_top"},"up":{"uv":[0,6,1,8],"texture":"#purpur_pillar_top"},"north":{"uv":[15,10,16,11],"texture":"#purpur_pillar_top"},"south":{"uv":[0,10,1,11],"texture":"#purpur_pillar_top"},"west":{"uv":[6,10,8,11],"texture":"#purpur_pillar_top"},"east":{"uv":[8,10,10,11],"texture":"#purpur_pillar_top"}}},{"__comment":"Voxels-FBD8A8","from":[0,5,8],"to":[1,6,9],"faces":{"down":{"uv":[16,9,15,8],"texture":"#end_stone"},"up":{"uv":[0,8,1,9],"texture":"#end_stone"},"north":{"uv":[15,10,16,11],"texture":"#end_stone"},"south":{"uv":[0,10,1,11],"texture":"#end_stone"},"west":{"uv":[8,10,9,11],"texture":"#end_stone"},"east":{"uv":[7,10,8,11],"texture":"#end_stone"}}},{"__comment":"Voxels-004400","from":[1,2,6],"to":[2,4,7],"faces":{"down":{"uv":[15,7,14,6],"texture":"#cactus_side"},"up":{"uv":[1,6,2,7],"texture":"#cactus_side"},"north":{"uv":[14,12,15,14],"texture":"#cactus_side"},"south":{"uv":[1,12,2,14],"texture":"#cactus_side"},"west":{"uv":[6,12,7,14],"texture":"#cactus_side"},"east":{"uv":[9,12,10,14],"texture":"#cactus_side"}}},{"__comment":"Voxels-004400","from":[1,3,5],"to":[2,4,6],"faces":{"down":{"uv":[15,6,14,5],"texture":"#cactus_side"},"up":{"uv":[1,5,2,6],"texture":"#cactus_side"},"north":{"uv":[14,12,15,13],"texture":"#cactus_side"},"south":{"uv":[1,12,2,13],"texture":"#cactus_side"},"west":{"uv":[5,12,6,13],"texture":"#cactus_side"},"east":{"uv":[10,12,11,13],"texture":"#cactus_side"}}},{"__comment":"Voxels-004400","from":[1,3,7],"to":[2,6,9],"faces":{"down":{"uv":[15,9,14,7],"texture":"#cactus_side"},"up":{"uv":[1,7,2,9],"texture":"#cactus_side"},"north":{"uv":[14,10,15,13],"texture":"#cactus_side"},"south":{"uv":[1,10,2,13],"texture":"#cactus_side"},"west":{"uv":[7,10,9,13],"texture":"#cactus_side"},"east":{"uv":[7,10,9,13],"texture":"#cactus_side"}}},{"__comment":"Voxels-004400","from":[1,4,2],"to":[5,5,3],"faces":{"down":{"uv":[15,3,11,2],"texture":"#cactus_side"},"up":{"uv":[1,2,5,3],"texture":"#cactus_side"},"north":{"uv":[11,11,15,12],"texture":"#cactus_side"},"south":{"uv":[1,11,5,12],"texture":"#cactus_side"},"west":{"uv":[2,11,3,12],"texture":"#cactus_side"},"east":{"uv":[13,11,14,12],"texture":"#cactus_side"}}},{"__comment":"Voxels-FBC3FB","from":[1,4,3],"to":[2,5,4],"faces":{"down":{"uv":[15,4,14,3],"texture":"#purpur_pillar_top"},"up":{"uv":[1,3,2,4],"texture":"#purpur_pillar_top"},"north":{"uv":[14,11,15,12],"texture":"#purpur_pillar_top"},"south":{"uv":[1,11,2,12],"texture":"#purpur_pillar_top"},"west":{"uv":[3,11,4,12],"texture":"#purpur_pillar_top"},"east":{"uv":[12,11,13,12],"texture":"#purpur_pillar_top"}}},{"__comment":"Voxels-004400","from":[1,4,9],"to":[3,5,14],"faces":{"down":{"uv":[14,14,12,9],"texture":"#cactus_side"},"up":{"uv":[2,9,4,14],"texture":"#cactus_side"},"north":{"uv":[13,11,15,12],"texture":"#cactus_side"},"south":{"uv":[1,11,3,12],"texture":"#cactus_side"},"west":{"uv":[9,11,14,12],"texture":"#cactus_side"},"east":{"uv":[2,11,7,12],"texture":"#cactus_side"}}},{"__comment":"Voxels-004400","from":[1,5,5],"to":[2,6,7],"faces":{"down":{"uv":[14,7,13,5],"texture":"#cactus_side"},"up":{"uv":[2,5,3,7],"texture":"#cactus_side"},"north":{"uv":[11.5,10.5,12.5,11.5],"texture":"#cactus_side"},"south":{"uv":[1,10,2,11],"texture":"#cactus_side"},"west":{"uv":[5,10,7,11],"texture":"#cactus_side"},"east":{"uv":[9,10,11,11],"texture":"#cactus_side"}}},{"__comment":"Voxels-FBC3FB","from":[1,5,9],"to":[2,6,10],"faces":{"down":{"uv":[15,10,14,9],"texture":"#purpur_pillar_top"},"up":{"uv":[1,9,2,10],"texture":"#purpur_pillar_top"},"north":{"uv":[14,10,15,11],"texture":"#purpur_pillar_top"},"south":{"uv":[1,10,2,11],"texture":"#purpur_pillar_top"},"west":{"uv":[9,10,10,11],"texture":"#purpur_pillar_top"},"east":{"uv":[6,10,7,11],"texture":"#purpur_pillar_top"}}},{"__comment":"Voxels-FBC3FB","from":[1,6,7],"to":[2,7,9],"faces":{"down":{"uv":[15,9,14,7],"texture":"#purpur_pillar_top"},"up":{"uv":[1,7,2,9],"texture":"#purpur_pillar_top"},"north":{"uv":[14,9,15,10],"texture":"#purpur_pillar_top"},"south":{"uv":[1,9,2,10],"texture":"#purpur_pillar_top"},"west":{"uv":[7,9,9,10],"texture":"#purpur_pillar_top"},"east":{"uv":[7,9,9,10],"texture":"#purpur_pillar_top"}}},{"__comment":"Voxels-004400","from":[2,3,2],"to":[5,4,3],"faces":{"down":{"uv":[14,3,11,2],"texture":"#cactus_side"},"up":{"uv":[2,2,5,3],"texture":"#cactus_side"},"north":{"uv":[11,12,14,13],"texture":"#cactus_side"},"south":{"uv":[2,12,5,13],"texture":"#cactus_side"},"west":{"uv":[2,12,3,13],"texture":"#cactus_side"},"east":{"uv":[13,12,14,13],"texture":"#cactus_side"}}},{"__comment":"Voxels-004400","from":[2,3,3],"to":[3,6,4],"faces":{"down":{"uv":[14,4,13,3],"texture":"#cactus_side"},"up":{"uv":[2,3,3,4],"texture":"#cactus_side"},"north":{"uv":[13,10,14,13],"texture":"#cactus_side"},"south":{"uv":[2,10,3,13],"texture":"#cactus_side"},"west":{"uv":[3,10,4,13],"texture":"#cactus_side"},"east":{"uv":[12,10,13,13],"texture":"#cactus_side"}}},{"__comment":"Voxels-004400","from":[2,3,9],"to":[3,4,11],"faces":{"down":{"uv":[14,11,13,9],"texture":"#cactus_side"},"up":{"uv":[2,9,3,11],"texture":"#cactus_side"},"north":{"uv":[13,12,14,13],"texture":"#cactus_side"},"south":{"uv":[2,12,3,13],"texture":"#cactus_side"},"west":{"uv":[9,12,11,13],"texture":"#cactus_side"},"east":{"uv":[5,12,7,13],"texture":"#cactus_side"}}},{"__comment":"Voxels-004400","from":[2,3,12],"to":[3,4,14],"faces":{"down":{"uv":[14,14,13,12],"texture":"#cactus_side"},"up":{"uv":[2,12,3,14],"texture":"#cactus_side"},"north":{"uv":[13,12,14,13],"texture":"#cactus_side"},"south":{"uv":[2,12,3,13],"texture":"#cactus_side"},"west":{"uv":[12,12,14,13],"texture":"#cactus_side"},"east":{"uv":[2,12,4,13],"texture":"#cactus_side"}}},{"__comment":"Voxels-004400","from":[2,4,1],"to":[6,5,2],"faces":{"down":{"uv":[14,2,10,1],"texture":"#cactus_side"},"up":{"uv":[2,1,6,2],"texture":"#cactus_side"},"north":{"uv":[10,11,14,12],"texture":"#cactus_side"},"south":{"uv":[2,11,6,12],"texture":"#cactus_side"},"west":{"uv":[1,11,2,12],"texture":"#cactus_side"},"east":{"uv":[14,11,15,12],"texture":"#cactus_side"}}},{"__comment":"Voxels-FBC3FB","from":[2,4,14],"to":[3,5,15],"faces":{"down":{"uv":[14,15,13,14],"texture":"#purpur_pillar_top"},"up":{"uv":[2,14,3,15],"texture":"#purpur_pillar_top"},"north":{"uv":[13,11,14,12],"texture":"#purpur_pillar_top"},"south":{"uv":[2,11,3,12],"texture":"#purpur_pillar_top"},"west":{"uv":[14,11,15,12],"texture":"#purpur_pillar_top"},"east":{"uv":[1,11,2,12],"texture":"#purpur_pillar_top"}}},{"__comment":"Voxels-004400","from":[2,5,2],"to":[5,6,3],"faces":{"down":{"uv":[14,3,11,2],"texture":"#cactus_side"},"up":{"uv":[2,2,5,3],"texture":"#cactus_side"},"north":{"uv":[11,10,14,11],"texture":"#cactus_side"},"south":{"uv":[2,10,5,11],"texture":"#cactus_side"},"west":{"uv":[2,10,3,11],"texture":"#cactus_side"},"east":{"uv":[13,10,14,11],"texture":"#cactus_side"}}},{"__comment":"Voxels-FBC3FB","from":[2,5,4],"to":[3,6,5],"faces":{"down":{"uv":[14,5,13,4],"texture":"#purpur_pillar_top"},"up":{"uv":[2,4,3,5],"texture":"#purpur_pillar_top"},"north":{"uv":[13,10,14,11],"texture":"#purpur_pillar_top"},"south":{"uv":[2,10,3,11],"texture":"#purpur_pillar_top"},"west":{"uv":[4,10,5,11],"texture":"#purpur_pillar_top"},"east":{"uv":[11,10,12,11],"texture":"#purpur_pillar_top"}}},{"__comment":"Voxels-004400","from":[2,5,9],"to":[3,6,10],"faces":{"down":{"uv":[14,10,13,9],"texture":"#cactus_side"},"up":{"uv":[2,9,3,10],"texture":"#cactus_side"},"north":{"uv":[13,10,14,11],"texture":"#cactus_side"},"south":{"uv":[2,10,3,11],"texture":"#cactus_side"},"west":{"uv":[9,10,10,11],"texture":"#cactus_side"},"east":{"uv":[6,10,7,11],"texture":"#cactus_side"}}},{"__comment":"Voxels-004400","from":[2,5,12],"to":[3,6,14],"faces":{"down":{"uv":[14,14,13,12],"texture":"#cactus_side"},"up":{"uv":[2,12,3,14],"texture":"#cactus_side"},"north":{"uv":[13,10,14,11],"texture":"#cactus_side"},"south":{"uv":[2,10,3,11],"texture":"#cactus_side"},"west":{"uv":[12,10,14,11],"texture":"#cactus_side"},"east":{"uv":[2,10,4,11],"texture":"#cactus_side"}}},{"__comment":"Voxels-FBC3FB","from":[3,3,13],"to":[4,4,14],"faces":{"down":{"uv":[13,14,12,13],"texture":"#purpur_pillar_top"},"up":{"uv":[3,13,4,14],"texture":"#purpur_pillar_top"},"north":{"uv":[12,12,13,13],"texture":"#purpur_pillar_top"},"south":{"uv":[3,12,4,13],"texture":"#purpur_pillar_top"},"west":{"uv":[13,12,14,13],"texture":"#purpur_pillar_top"},"east":{"uv":[2,12,3,13],"texture":"#purpur_pillar_top"}}},{"__comment":"Voxels-FBC3FB","from":[3,4,0],"to":[4,5,1],"faces":{"down":{"uv":[13,1,12,0],"texture":"#purpur_pillar_top"},"up":{"uv":[3,0,4,1],"texture":"#purpur_pillar_top"},"north":{"uv":[12,11,13,12],"texture":"#purpur_pillar_top"},"south":{"uv":[3,11,4,12],"texture":"#purpur_pillar_top"},"west":{"uv":[0,11,1,12],"texture":"#purpur_pillar_top"},"east":{"uv":[15,11,16,12],"texture":"#purpur_pillar_top"}}},{"__comment":"Voxels-004400","from":[3,4,13],"to":[5,5,15],"faces":{"down":{"uv":[13,15,11,13],"texture":"#cactus_side"},"up":{"uv":[3,13,5,15],"texture":"#cactus_side"},"north":{"uv":[11,11,13,12],"texture":"#cactus_side"},"south":{"uv":[3,11,5,12],"texture":"#cactus_side"},"west":{"uv":[13,11,15,12],"texture":"#cactus_side"},"east":{"uv":[1,11,3,12],"texture":"#cactus_side"}}},{"__comment":"Voxels-FBC3FB","from":[3,5,1],"to":[5,6,2],"faces":{"down":{"uv":[13,2,11,1],"texture":"#purpur_pillar_top"},"up":{"uv":[3,1,5,2],"texture":"#purpur_pillar_top"},"north":{"uv":[11,10,13,11],"texture":"#purpur_pillar_top"},"south":{"uv":[3,10,5,11],"texture":"#purpur_pillar_top"},"west":{"uv":[1,10,2,11],"texture":"#purpur_pillar_top"},"east":{"uv":[14,10,15,11],"texture":"#purpur_pillar_top"}}},{"__comment":"Voxels-004400","from":[4,1,13],"to":[5,4,14],"faces":{"down":{"uv":[12,14,11,13],"texture":"#cactus_side"},"up":{"uv":[4,13,5,14],"texture":"#cactus_side"},"north":{"uv":[11,12,12,15],"texture":"#cactus_side"},"south":{"uv":[4,12,5,15],"texture":"#cactus_side"},"west":{"uv":[13,12,14,15],"texture":"#cactus_side"},"east":{"uv":[2,12,3,15],"texture":"#cactus_side"}}},{"__comment":"Voxels-FBC3FB","from":[4,3,0],"to":[6,4,1],"faces":{"down":{"uv":[12,1,10,0],"texture":"#purpur_pillar_top"},"up":{"uv":[4,0,6,1],"texture":"#purpur_pillar_top"},"north":{"uv":[10,12,12,13],"texture":"#purpur_pillar_top"},"south":{"uv":[4,12,6,13],"texture":"#purpur_pillar_top"},"west":{"uv":[0,12,1,13],"texture":"#purpur_pillar_top"},"east":{"uv":[15,12,16,13],"texture":"#purpur_pillar_top"}}},{"__comment":"Voxels-FBD8A8","from":[4,4,0],"to":[6,5,1],"faces":{"down":{"uv":[12,1,10,0],"texture":"#end_stone"},"up":{"uv":[4,0,6,1],"texture":"#end_stone"},"north":{"uv":[10,11,12,12],"texture":"#end_stone"},"south":{"uv":[4,11,6,12],"texture":"#end_stone"},"west":{"uv":[0,11,1,12],"texture":"#end_stone"},"east":{"uv":[15,11,16,12],"texture":"#end_stone"}}},{"__comment":"Voxels-004400","from":[4,4,15],"to":[5,5,16],"faces":{"down":{"uv":[12,16,11,15],"texture":"#cactus_side"},"up":{"uv":[4,15,5,16],"texture":"#cactus_side"},"north":{"uv":[11,11,12,12],"texture":"#cactus_side"},"south":{"uv":[4,11,5,12],"texture":"#cactus_side"},"west":{"uv":[11,12.5,12,13.5],"texture":"#cactus_side"},"east":{"uv":[2.5,11,3.5,12],"texture":"#cactus_side"}}},{"__comment":"Voxels-FBC3FB","from":[4,5,0],"to":[5,6,1],"faces":{"down":{"uv":[12,1,11,0],"texture":"#purpur_pillar_top"},"up":{"uv":[4,0,5,1],"texture":"#purpur_pillar_top"},"north":{"uv":[11,10,12,11],"texture":"#purpur_pillar_top"},"south":{"uv":[4,10,5,11],"texture":"#purpur_pillar_top"},"west":{"uv":[0,10,1,11],"texture":"#purpur_pillar_top"},"east":{"uv":[15,10,16,11],"texture":"#purpur_pillar_top"}}},{"__comment":"Voxels-004400","from":[4,5,13],"to":[5,6,14],"faces":{"down":{"uv":[12,14,11,13],"texture":"#cactus_side"},"up":{"uv":[4,13,5,14],"texture":"#cactus_side"},"north":{"uv":[11,10,12,11],"texture":"#cactus_side"},"south":{"uv":[4,10,5,11],"texture":"#cactus_side"},"west":{"uv":[13,10,14,11],"texture":"#cactus_side"},"east":{"uv":[2,10,3,11],"texture":"#cactus_side"}}},{"__comment":"Voxels-FBC3FB","from":[4,6,2],"to":[5,7,3],"faces":{"down":{"uv":[12,3,11,2],"texture":"#purpur_pillar_top"},"up":{"uv":[4,2,5,3],"texture":"#purpur_pillar_top"},"north":{"uv":[11,9,12,10],"texture":"#purpur_pillar_top"},"south":{"uv":[4,9,5,10],"texture":"#purpur_pillar_top"},"west":{"uv":[2,9,3,10],"texture":"#purpur_pillar_top"},"east":{"uv":[13,9,14,10],"texture":"#purpur_pillar_top"}}},{"__comment":"Voxels-004400","from":[5,3,1],"to":[8,4,2],"faces":{"down":{"uv":[11,2,8,1],"texture":"#cactus_side"},"up":{"uv":[5,1,8,2],"texture":"#cactus_side"},"north":{"uv":[8,12,11,13],"texture":"#cactus_side"},"south":{"uv":[5,12,8,13],"texture":"#cactus_side"},"west":{"uv":[1,12,2,13],"texture":"#cactus_side"},"east":{"uv":[14,12,15,13],"texture":"#cactus_side"}}},{"__comment":"Voxels-004400","from":[5,3,14],"to":[6,6,15],"faces":{"down":{"uv":[11,15,10,14],"texture":"#cactus_side"},"up":{"uv":[5,14,6,15],"texture":"#cactus_side"},"north":{"uv":[10,10,11,13],"texture":"#cactus_side"},"south":{"uv":[5,10,6,13],"texture":"#cactus_side"},"west":{"uv":[13,10,14,13],"texture":"#cactus_side"},"east":{"uv":[2,9,3,12],"texture":"#cactus_side"}}},{"__comment":"Voxels-FBC3FB","from":[5,4,15],"to":[6,5,16],"faces":{"down":{"uv":[11,16,10,15],"texture":"#purpur_pillar_top"},"up":{"uv":[5,15,6,16],"texture":"#purpur_pillar_top"},"north":{"uv":[10,11,11,12],"texture":"#purpur_pillar_top"},"south":{"uv":[5,11,6,12],"texture":"#purpur_pillar_top"},"west":{"uv":[15,11,16,12],"texture":"#purpur_pillar_top"},"east":{"uv":[0,11,1,12],"texture":"#purpur_pillar_top"}}},{"__comment":"Voxels-FBD8A8","from":[5,5,0],"to":[6,6,1],"faces":{"down":{"uv":[11,1,10,0],"texture":"#end_stone"},"up":{"uv":[5,0,6,1],"texture":"#end_stone"},"north":{"uv":[10,10,11,11],"texture":"#end_stone"},"south":{"uv":[5,10,6,11],"texture":"#end_stone"},"west":{"uv":[0,10,1,11],"texture":"#end_stone"},"east":{"uv":[15,10,16,11],"texture":"#end_stone"}}},{"__comment":"Voxels-004400","from":[5,5,1],"to":[8,6,2],"faces":{"down":{"uv":[11,2,8,1],"texture":"#cactus_side"},"up":{"uv":[5,1,8,2],"texture":"#cactus_side"},"north":{"uv":[8,10,11,11],"texture":"#cactus_side"},"south":{"uv":[5,10,8,11],"texture":"#cactus_side"},"west":{"uv":[1,10,2,11],"texture":"#cactus_side"},"east":{"uv":[14,10,15,11],"texture":"#cactus_side"}}},{"__comment":"Voxels-FBC3FB","from":[5,6,0],"to":[6,7,2],"faces":{"down":{"uv":[11,2,10,0],"texture":"#purpur_pillar_top"},"up":{"uv":[5,0,6,2],"texture":"#purpur_pillar_top"},"north":{"uv":[10,9,11,10],"texture":"#purpur_pillar_top"},"south":{"uv":[5,9,6,10],"texture":"#purpur_pillar_top"},"west":{"uv":[0,9,2,10],"texture":"#purpur_pillar_top"},"east":{"uv":[14,9,16,10],"texture":"#purpur_pillar_top"}}},{"__comment":"Voxels-004400","from":[6,2,1],"to":[7,3,2],"faces":{"down":{"uv":[10,2,9,1],"texture":"#cactus_side"},"up":{"uv":[6,1,7,2],"texture":"#cactus_side"},"north":{"uv":[9,13,10,14],"texture":"#cactus_side"},"south":{"uv":[6,13,7,14],"texture":"#cactus_side"},"west":{"uv":[1,13,2,14],"texture":"#cactus_side"},"east":{"uv":[14,13,15,14],"texture":"#cactus_side"}}},{"__comment":"Voxels-FBC3FB","from":[6,3,15],"to":[8,4,16],"faces":{"down":{"uv":[10,16,8,15],"texture":"#purpur_pillar_top"},"up":{"uv":[6,15,8,16],"texture":"#purpur_pillar_top"},"north":{"uv":[8,12,10,13],"texture":"#purpur_pillar_top"},"south":{"uv":[6,12,8,13],"texture":"#purpur_pillar_top"},"west":{"uv":[15,12,16,13],"texture":"#purpur_pillar_top"},"east":{"uv":[0,12,1,13],"texture":"#purpur_pillar_top"}}},{"__comment":"Voxels-FBC3FB","from":[6,4,0],"to":[7,6,1],"faces":{"down":{"uv":[10,1,9,0],"texture":"#purpur_pillar_top"},"up":{"uv":[6,0,7,1],"texture":"#purpur_pillar_top"},"north":{"uv":[9,10,10,12],"texture":"#purpur_pillar_top"},"south":{"uv":[6,10,7,12],"texture":"#purpur_pillar_top"},"west":{"uv":[0,10,1,12],"texture":"#purpur_pillar_top"},"east":{"uv":[15,10,16,12],"texture":"#purpur_pillar_top"}}},{"__comment":"Voxels-FBC3FB","from":[6,4,1],"to":[7,5,2],"faces":{"down":{"uv":[10,2,9,1],"texture":"#purpur_pillar_top"},"up":{"uv":[6,1,7,2],"texture":"#purpur_pillar_top"},"north":{"uv":[9,11,10,12],"texture":"#purpur_pillar_top"},"south":{"uv":[6,11,7,12],"texture":"#purpur_pillar_top"},"west":{"uv":[1,11,2,12],"texture":"#purpur_pillar_top"},"east":{"uv":[14,11,15,12],"texture":"#purpur_pillar_top"}}},{"__comment":"Voxels-004400","from":[6,4,14],"to":[14,5,15],"faces":{"down":{"uv":[10,15,2,14],"texture":"#cactus_side"},"up":{"uv":[6,14,14,15],"texture":"#cactus_side"},"north":{"uv":[2,11,10,12],"texture":"#cactus_side"},"south":{"uv":[6,11,14,12],"texture":"#cactus_side"},"west":{"uv":[14,11,15,12],"texture":"#cactus_side"},"east":{"uv":[1,11,2,12],"texture":"#cactus_side"}}},{"__comment":"Voxels-FBD8A8","from":[6,4,15],"to":[8,5,16],"faces":{"down":{"uv":[10,16,8,15],"texture":"#end_stone"},"up":{"uv":[6,15,8,16],"texture":"#end_stone"},"north":{"uv":[8,11,10,12],"texture":"#end_stone"},"south":{"uv":[6,11,8,12],"texture":"#end_stone"},"west":{"uv":[15,11,16,12],"texture":"#end_stone"},"east":{"uv":[0,11,1,12],"texture":"#end_stone"}}},{"__comment":"Voxels-004400","from":[6,5,14],"to":[7,6,15],"faces":{"down":{"uv":[10,15,9,14],"texture":"#cactus_side"},"up":{"uv":[6,14,7,15],"texture":"#cactus_side"},"north":{"uv":[9,10,10,11],"texture":"#cactus_side"},"south":{"uv":[6,10,7,11],"texture":"#cactus_side"},"west":{"uv":[14,10,15,11],"texture":"#cactus_side"},"east":{"uv":[1,10,2,11],"texture":"#cactus_side"}}},{"__comment":"Voxels-FBC3FB","from":[6,5,15],"to":[9,6,16],"faces":{"down":{"uv":[10,16,7,15],"texture":"#purpur_pillar_top"},"up":{"uv":[6,15,9,16],"texture":"#purpur_pillar_top"},"north":{"uv":[7,10,10,11],"texture":"#purpur_pillar_top"},"south":{"uv":[6,10,9,11],"texture":"#purpur_pillar_top"},"west":{"uv":[15,10,16,11],"texture":"#purpur_pillar_top"},"east":{"uv":[0,10,1,11],"texture":"#purpur_pillar_top"}}},{"__comment":"Voxels-004400","from":[7,3,14],"to":[10,4,15],"faces":{"down":{"uv":[7,15,4,14],"texture":"#cactus_side"},"up":{"uv":[3,14,6,15],"texture":"#cactus_side"},"north":{"uv":[3,12.5,6,13.5],"texture":"#cactus_side"},"south":{"uv":[3,12,6,13],"texture":"#cactus_side"},"west":{"uv":[12.5,12,13.5,13],"texture":"#cactus_side"},"east":{"uv":[2.5,12,3.5,13],"texture":"#cactus_side"}}},{"__comment":"Voxels-004400","from":[7,4,0],"to":[9,5,2],"faces":{"down":{"uv":[9,2,7,0],"texture":"#cactus_side"},"up":{"uv":[7,0,9,2],"texture":"#cactus_side"},"north":{"uv":[7,11,9,12],"texture":"#cactus_side"},"south":{"uv":[7,11,9,12],"texture":"#cactus_side"},"west":{"uv":[0,11,2,12],"texture":"#cactus_side"},"east":{"uv":[14,11,16,12],"texture":"#cactus_side"}}},{"__comment":"Voxels-FBC3FB","from":[7,5,14],"to":[8,6,15],"faces":{"down":{"uv":[9,15,8,14],"texture":"#purpur_pillar_top"},"up":{"uv":[7,14,8,15],"texture":"#purpur_pillar_top"},"north":{"uv":[8,10,9,11],"texture":"#purpur_pillar_top"},"south":{"uv":[7,10,8,11],"texture":"#purpur_pillar_top"},"west":{"uv":[14,10,15,11],"texture":"#purpur_pillar_top"},"east":{"uv":[1,10,2,11],"texture":"#purpur_pillar_top"}}},{"__comment":"Voxels-FBC3FB","from":[8,3,1],"to":[9,4,2],"faces":{"down":{"uv":[8,2,7,1],"texture":"#purpur_pillar_top"},"up":{"uv":[8,1,9,2],"texture":"#purpur_pillar_top"},"north":{"uv":[7,12,8,13],"texture":"#purpur_pillar_top"},"south":{"uv":[8,12,9,13],"texture":"#purpur_pillar_top"},"west":{"uv":[1,12,2,13],"texture":"#purpur_pillar_top"},"east":{"uv":[14,12,15,13],"texture":"#purpur_pillar_top"}}},{"__comment":"Voxels-FBC3FB","from":[8,4,15],"to":[9,5,16],"faces":{"down":{"uv":[8,16,7,15],"texture":"#purpur_pillar_top"},"up":{"uv":[8,15,9,16],"texture":"#purpur_pillar_top"},"north":{"uv":[7,11,8,12],"texture":"#purpur_pillar_top"},"south":{"uv":[8,11,9,12],"texture":"#purpur_pillar_top"},"west":{"uv":[15,11,16,12],"texture":"#purpur_pillar_top"},"east":{"uv":[0,11,1,12],"texture":"#purpur_pillar_top"}}},{"__comment":"Voxels-004400","from":[8,5,14],"to":[9,6,15],"faces":{"down":{"uv":[8,15,7,14],"texture":"#cactus_side"},"up":{"uv":[8,14,9,15],"texture":"#cactus_side"},"north":{"uv":[7,10,8,11],"texture":"#cactus_side"},"south":{"uv":[8,10,9,11],"texture":"#cactus_side"},"west":{"uv":[14,10,15,11],"texture":"#cactus_side"},"east":{"uv":[1,10,2,11],"texture":"#cactus_side"}}},{"__comment":"Voxels-004400","from":[9,4,1],"to":[12,5,2],"faces":{"down":{"uv":[7,2,4,1],"texture":"#cactus_side"},"up":{"uv":[9,1,12,2],"texture":"#cactus_side"},"north":{"uv":[4,11,7,12],"texture":"#cactus_side"},"south":{"uv":[9,11,12,12],"texture":"#cactus_side"},"west":{"uv":[1,11,2,12],"texture":"#cactus_side"},"east":{"uv":[14,11,15,12],"texture":"#cactus_side"}}},{"__comment":"Voxels-004400","from":[11,3,13],"to":[12,5,14],"faces":{"down":{"uv":[5,14,4,13],"texture":"#cactus_side"},"up":{"uv":[11,13,12,14],"texture":"#cactus_side"},"north":{"uv":[4,11,5,13],"texture":"#cactus_side"},"south":{"uv":[11,11,12,13],"texture":"#cactus_side"},"west":{"uv":[13,11,14,13],"texture":"#cactus_side"},"east":{"uv":[2,11,3,13],"texture":"#cactus_side"}}},{"__comment":"Voxels-004400","from":[11,4,0],"to":[12,5,1],"faces":{"down":{"uv":[5,1,4,0],"texture":"#cactus_side"},"up":{"uv":[11,0,12,1],"texture":"#cactus_side"},"north":{"uv":[4,11,5,12],"texture":"#cactus_side"},"south":{"uv":[11,11,12,12],"texture":"#cactus_side"},"west":{"uv":[0,11,1,12],"texture":"#cactus_side"},"east":{"uv":[15,11,16,12],"texture":"#cactus_side"}}},{"__comment":"Voxels-004400","from":[11,4,2],"to":[15,5,3],"faces":{"down":{"uv":[5,3,1,2],"texture":"#cactus_side"},"up":{"uv":[11,2,15,3],"texture":"#cactus_side"},"north":{"uv":[1,11,5,12],"texture":"#cactus_side"},"south":{"uv":[11,11,15,12],"texture":"#cactus_side"},"west":{"uv":[2,11,3,12],"texture":"#cactus_side"},"east":{"uv":[13,11,14,12],"texture":"#cactus_side"}}},{"__comment":"Voxels-004400","from":[11,4,15],"to":[12,5,16],"faces":{"down":{"uv":[5,16,4,15],"texture":"#cactus_side"},"up":{"uv":[11,15,12,16],"texture":"#cactus_side"},"north":{"uv":[4,11,5,12],"texture":"#cactus_side"},"south":{"uv":[11,11,12,12],"texture":"#cactus_side"},"west":{"uv":[13,11,14,12],"texture":"#cactus_side"},"east":{"uv":[2.5,11,3.5,12],"texture":"#cactus_side"}}},{"__comment":"Voxels-004400","from":[11,5,2],"to":[14,6,3],"faces":{"down":{"uv":[5,3,2,2],"texture":"#cactus_side"},"up":{"uv":[11,2,14,3],"texture":"#cactus_side"},"north":{"uv":[2,10,5,11],"texture":"#cactus_side"},"south":{"uv":[11,10,14,11],"texture":"#cactus_side"},"west":{"uv":[2,10,3,11],"texture":"#cactus_side"},"east":{"uv":[13,10,14,11],"texture":"#cactus_side"}}},{"__comment":"Voxels-004400","from":[12,3,2],"to":[13,4,3],"faces":{"down":{"uv":[4,3,3,2],"texture":"#cactus_side"},"up":{"uv":[12,2,13,3],"texture":"#cactus_side"},"north":{"uv":[3,12,4,13],"texture":"#cactus_side"},"south":{"uv":[12,12,13,13],"texture":"#cactus_side"},"west":{"uv":[2,12,3,13],"texture":"#cactus_side"},"east":{"uv":[13,12,14,13],"texture":"#cactus_side"}}},{"__comment":"Voxels-FBC3FB","from":[12,4,1],"to":[13,5,2],"faces":{"down":{"uv":[4,2,3,1],"texture":"#purpur_pillar_top"},"up":{"uv":[12,1,13,2],"texture":"#purpur_pillar_top"},"north":{"uv":[3,11,4,12],"texture":"#purpur_pillar_top"},"south":{"uv":[12,11,13,12],"texture":"#purpur_pillar_top"},"west":{"uv":[1,11,2,12],"texture":"#purpur_pillar_top"},"east":{"uv":[14,11,15,12],"texture":"#purpur_pillar_top"}}},{"__comment":"Voxels-FBC3FB","from":[12,4,13],"to":[13,5,14],"faces":{"down":{"uv":[4,14,3,13],"texture":"#purpur_pillar_top"},"up":{"uv":[12,13,13,14],"texture":"#purpur_pillar_top"},"north":{"uv":[3,11,4,12],"texture":"#purpur_pillar_top"},"south":{"uv":[12,11,13,12],"texture":"#purpur_pillar_top"},"west":{"uv":[13,11,14,12],"texture":"#purpur_pillar_top"},"east":{"uv":[2,11,3,12],"texture":"#purpur_pillar_top"}}},{"__comment":"Voxels-004400","from":[12,5,13],"to":[14,6,14],"faces":{"down":{"uv":[4,14,2,13],"texture":"#cactus_side"},"up":{"uv":[12,13,14,14],"texture":"#cactus_side"},"north":{"uv":[2,10,4,11],"texture":"#cactus_side"},"south":{"uv":[12,10,14,11],"texture":"#cactus_side"},"west":{"uv":[13,10,14,11],"texture":"#cactus_side"},"east":{"uv":[2,10,3,11],"texture":"#cactus_side"}}},{"__comment":"Voxels-004400","from":[13,3,3],"to":[14,5,5],"faces":{"down":{"uv":[3,5,2,3],"texture":"#cactus_side"},"up":{"uv":[13,3,14,5],"texture":"#cactus_side"},"north":{"uv":[2,11,3,13],"texture":"#cactus_side"},"south":{"uv":[13,11,14,13],"texture":"#cactus_side"},"west":{"uv":[3,11,5,13],"texture":"#cactus_side"},"east":{"uv":[11,11,13,13],"texture":"#cactus_side"}}},{"__comment":"Voxels-004400","from":[13,3,12],"to":[14,6,13],"faces":{"down":{"uv":[3,13,2,12],"texture":"#cactus_side"},"up":{"uv":[13,12,14,13],"texture":"#cactus_side"},"north":{"uv":[2,10,3,13],"texture":"#cactus_side"},"south":{"uv":[13,10,14,13],"texture":"#cactus_side"},"west":{"uv":[12,10,13,13],"texture":"#cactus_side"},"east":{"uv":[3,10,4,13],"texture":"#cactus_side"}}},{"__comment":"Voxels-004400","from":[13,3,13],"to":[14,5,14],"faces":{"down":{"uv":[3,14,2,13],"texture":"#cactus_side"},"up":{"uv":[13,13,14,14],"texture":"#cactus_side"},"north":{"uv":[2,11,3,13],"texture":"#cactus_side"},"south":{"uv":[13,11,14,13],"texture":"#cactus_side"},"west":{"uv":[13,11,14,13],"texture":"#cactus_side"},"east":{"uv":[2,11,3,13],"texture":"#cactus_side"}}},{"__comment":"Voxels-004400","from":[13,4,1],"to":[14,5,2],"faces":{"down":{"uv":[3,2,2,1],"texture":"#cactus_side"},"up":{"uv":[13,1,14,2],"texture":"#cactus_side"},"north":{"uv":[2,11,3,12],"texture":"#cactus_side"},"south":{"uv":[13,11,14,12],"texture":"#cactus_side"},"west":{"uv":[1,11,2,12],"texture":"#cactus_side"},"east":{"uv":[14,11,15,12],"texture":"#cactus_side"}}},{"__comment":"Voxels-004400","from":[13,4,11],"to":[16,5,12],"faces":{"down":{"uv":[3,12,0,11],"texture":"#cactus_side"},"up":{"uv":[13,11,16,12],"texture":"#cactus_side"},"north":{"uv":[0,11,3,12],"texture":"#cactus_side"},"south":{"uv":[13,11,16,12],"texture":"#cactus_side"},"west":{"uv":[11,11,12,12],"texture":"#cactus_side"},"east":{"uv":[4,11,5,12],"texture":"#cactus_side"}}},{"__comment":"Voxels-004400","from":[13,5,4],"to":[14,6,5],"faces":{"down":{"uv":[3,5,2,4],"texture":"#cactus_side"},"up":{"uv":[13,4,14,5],"texture":"#cactus_side"},"north":{"uv":[2,10,3,11],"texture":"#cactus_side"},"south":{"uv":[13,10,14,11],"texture":"#cactus_side"},"west":{"uv":[4,10,5,11],"texture":"#cactus_side"},"east":{"uv":[11,10,12,11],"texture":"#cactus_side"}}},{"__comment":"Voxels-004400","from":[13,5,11],"to":[14,6,12],"faces":{"down":{"uv":[3,12,2,11],"texture":"#cactus_side"},"up":{"uv":[13,11,14,12],"texture":"#cactus_side"},"north":{"uv":[2,10,3,11],"texture":"#cactus_side"},"south":{"uv":[13,10,14,11],"texture":"#cactus_side"},"west":{"uv":[11,10,12,11],"texture":"#cactus_side"},"east":{"uv":[4,10,5,11],"texture":"#cactus_side"}}},{"__comment":"Voxels-FBC3FB","from":[13,5,14],"to":[14,6,15],"faces":{"down":{"uv":[3,15,2,14],"texture":"#purpur_pillar_top"},"up":{"uv":[13,14,14,15],"texture":"#purpur_pillar_top"},"north":{"uv":[2,10,3,11],"texture":"#purpur_pillar_top"},"south":{"uv":[13,10,14,11],"texture":"#purpur_pillar_top"},"west":{"uv":[14,10,15,11],"texture":"#purpur_pillar_top"},"east":{"uv":[1,10,2,11],"texture":"#purpur_pillar_top"}}},{"__comment":"Voxels-FBC3FB","from":[13,6,13],"to":[15,7,14],"faces":{"down":{"uv":[3,14,1,13],"texture":"#purpur_pillar_top"},"up":{"uv":[13,13,15,14],"texture":"#purpur_pillar_top"},"north":{"uv":[1,9,3,10],"texture":"#purpur_pillar_top"},"south":{"uv":[13,9,15,10],"texture":"#purpur_pillar_top"},"west":{"uv":[13,9,14,10],"texture":"#purpur_pillar_top"},"east":{"uv":[2,9,3,10],"texture":"#purpur_pillar_top"}}},{"__comment":"Voxels-004400","from":[14,2,10],"to":[15,6,11],"faces":{"down":{"uv":[2,11,1,10],"texture":"#cactus_side"},"up":{"uv":[14,10,15,11],"texture":"#cactus_side"},"north":{"uv":[1,10,2,14],"texture":"#cactus_side"},"south":{"uv":[14,10,15,14],"texture":"#cactus_side"},"west":{"uv":[10,10,11,14],"texture":"#cactus_side"},"east":{"uv":[5,10,6,14],"texture":"#cactus_side"}}},{"__comment":"Voxels-FBC3FB","from":[14,3,4],"to":[15,4,5],"faces":{"down":{"uv":[2,5,1,4],"texture":"#purpur_pillar_top"},"up":{"uv":[14,4,15,5],"texture":"#purpur_pillar_top"},"north":{"uv":[1,12,2,13],"texture":"#purpur_pillar_top"},"south":{"uv":[14,12,15,13],"texture":"#purpur_pillar_top"},"west":{"uv":[4,12,5,13],"texture":"#purpur_pillar_top"},"east":{"uv":[11,12,12,13],"texture":"#purpur_pillar_top"}}},{"__comment":"Voxels-004400","from":[14,3,5],"to":[15,6,7],"faces":{"down":{"uv":[2,7,1,5],"texture":"#cactus_side"},"up":{"uv":[14,5,15,7],"texture":"#cactus_side"},"north":{"uv":[1,10,2,13],"texture":"#cactus_side"},"south":{"uv":[14,10,15,13],"texture":"#cactus_side"},"west":{"uv":[5,10,7,13],"texture":"#cactus_side"},"east":{"uv":[9,10,11,13],"texture":"#cactus_side"}}},{"__comment":"Voxels-FBC3FB","from":[14,3,7],"to":[15,4,8],"faces":{"down":{"uv":[2,8,1,7],"texture":"#purpur_pillar_top"},"up":{"uv":[14,7,15,8],"texture":"#purpur_pillar_top"},"north":{"uv":[1,12,2,13],"texture":"#purpur_pillar_top"},"south":{"uv":[14,12,15,13],"texture":"#purpur_pillar_top"},"west":{"uv":[7,12,8,13],"texture":"#purpur_pillar_top"},"east":{"uv":[8,12,9,13],"texture":"#purpur_pillar_top"}}},{"__comment":"Voxels-004400","from":[14,3,9],"to":[15,4,10],"faces":{"down":{"uv":[2,10,1,9],"texture":"#cactus_side"},"up":{"uv":[14,9,15,10],"texture":"#cactus_side"},"north":{"uv":[1,12,2,13],"texture":"#cactus_side"},"south":{"uv":[14,12,15,13],"texture":"#cactus_side"},"west":{"uv":[9,12,10,13],"texture":"#cactus_side"},"east":{"uv":[6,12,7,13],"texture":"#cactus_side"}}},{"__comment":"Voxels-FBC3FB","from":[14,3,13],"to":[15,4,14],"faces":{"down":{"uv":[2,14,1,13],"texture":"#purpur_pillar_top"},"up":{"uv":[14,13,15,14],"texture":"#purpur_pillar_top"},"north":{"uv":[1,12,2,13],"texture":"#purpur_pillar_top"},"south":{"uv":[14,12,15,13],"texture":"#purpur_pillar_top"},"west":{"uv":[13,12,14,13],"texture":"#purpur_pillar_top"},"east":{"uv":[2,12,3,13],"texture":"#purpur_pillar_top"}}},{"__comment":"Voxels-FBC3FB","from":[14,4,3],"to":[15,5,4],"faces":{"down":{"uv":[2,4,1,3],"texture":"#purpur_pillar_top"},"up":{"uv":[14,3,15,4],"texture":"#purpur_pillar_top"},"north":{"uv":[1,11,2,12],"texture":"#purpur_pillar_top"},"south":{"uv":[14,11,15,12],"texture":"#purpur_pillar_top"},"west":{"uv":[3,11,4,12],"texture":"#purpur_pillar_top"},"east":{"uv":[12,11,13,12],"texture":"#purpur_pillar_top"}}},{"__comment":"Voxels-FBD8A8","from":[14,4,4],"to":[15,5,5],"faces":{"down":{"uv":[2,5,1,4],"texture":"#end_stone"},"up":{"uv":[14,4,15,5],"texture":"#end_stone"},"north":{"uv":[1,11,2,12],"texture":"#end_stone"},"south":{"uv":[14,11,15,12],"texture":"#end_stone"},"west":{"uv":[4,11,5,12],"texture":"#end_stone"},"east":{"uv":[11,11,12,12],"texture":"#end_stone"}}},{"__comment":"Voxels-004400","from":[14,4,7],"to":[16,5,8],"faces":{"down":{"uv":[2,8,0,7],"texture":"#cactus_side"},"up":{"uv":[14,7,16,8],"texture":"#cactus_side"},"north":{"uv":[0,11,2,12],"texture":"#cactus_side"},"south":{"uv":[14,11,16,12],"texture":"#cactus_side"},"west":{"uv":[7,11,8,12],"texture":"#cactus_side"},"east":{"uv":[8,11,9,12],"texture":"#cactus_side"}}},{"__comment":"Voxels-004400","from":[14,4,8],"to":[15,6,9],"faces":{"down":{"uv":[2,9,1,8],"texture":"#cactus_side"},"up":{"uv":[14,8,15,9],"texture":"#cactus_side"},"north":{"uv":[1,10,2,12],"texture":"#cactus_side"},"south":{"uv":[14,10,15,12],"texture":"#cactus_side"},"west":{"uv":[8,10,9,12],"texture":"#cactus_side"},"east":{"uv":[7,10,8,12],"texture":"#cactus_side"}}},{"__comment":"Voxels-FBC3FB","from":[14,4,9],"to":[15,5,10],"faces":{"down":{"uv":[2,10,1,9],"texture":"#purpur_pillar_top"},"up":{"uv":[14,9,15,10],"texture":"#purpur_pillar_top"},"north":{"uv":[1,11,2,12],"texture":"#purpur_pillar_top"},"south":{"uv":[14,11,15,12],"texture":"#purpur_pillar_top"},"west":{"uv":[9,11,10,12],"texture":"#purpur_pillar_top"},"east":{"uv":[6,11,7,12],"texture":"#purpur_pillar_top"}}},{"__comment":"Voxels-004400","from":[14,4,12],"to":[15,5,13],"faces":{"down":{"uv":[2,13,1,12],"texture":"#cactus_side"},"up":{"uv":[14,12,15,13],"texture":"#cactus_side"},"north":{"uv":[1,11,2,12],"texture":"#cactus_side"},"south":{"uv":[14,11,15,12],"texture":"#cactus_side"},"west":{"uv":[12,11,13,12],"texture":"#cactus_side"},"east":{"uv":[3,11,4,12],"texture":"#cactus_side"}}},{"__comment":"Voxels-FBD8A8","from":[14,4,13],"to":[15,6,14],"faces":{"down":{"uv":[2,14,1,13],"texture":"#end_stone"},"up":{"uv":[14,13,15,14],"texture":"#end_stone"},"north":{"uv":[1,10,2,12],"texture":"#end_stone"},"south":{"uv":[14,10,15,12],"texture":"#end_stone"},"west":{"uv":[13,10,14,12],"texture":"#end_stone"},"east":{"uv":[2,10,3,12],"texture":"#end_stone"}}},{"__comment":"Voxels-FBC3FB","from":[14,4,14],"to":[15,5,15],"faces":{"down":{"uv":[2,15,1,14],"texture":"#purpur_pillar_top"},"up":{"uv":[14,14,15,15],"texture":"#purpur_pillar_top"},"north":{"uv":[1,11,2,12],"texture":"#purpur_pillar_top"},"south":{"uv":[14,11,15,12],"texture":"#purpur_pillar_top"},"west":{"uv":[14,11,15,12],"texture":"#purpur_pillar_top"},"east":{"uv":[1,11,2,12],"texture":"#purpur_pillar_top"}}},{"__comment":"Voxels-FBC3FB","from":[14,5,4],"to":[15,6,5],"faces":{"down":{"uv":[2,5,1,4],"texture":"#purpur_pillar_top"},"up":{"uv":[14,4,15,5],"texture":"#purpur_pillar_top"},"north":{"uv":[1,10,2,11],"texture":"#purpur_pillar_top"},"south":{"uv":[14,10,15,11],"texture":"#purpur_pillar_top"},"west":{"uv":[4,10,5,11],"texture":"#purpur_pillar_top"},"east":{"uv":[11,10,12,11],"texture":"#purpur_pillar_top"}}},{"__comment":"Voxels-004400","from":[14,5,7],"to":[15,6,8],"faces":{"down":{"uv":[2,8,1,7],"texture":"#cactus_side"},"up":{"uv":[14,7,15,8],"texture":"#cactus_side"},"north":{"uv":[1,10,2,11],"texture":"#cactus_side"},"south":{"uv":[14,10,15,11],"texture":"#cactus_side"},"west":{"uv":[7,10,8,11],"texture":"#cactus_side"},"east":{"uv":[8,10,9,11],"texture":"#cactus_side"}}},{"__comment":"Voxels-FBC3FB","from":[14,5,12],"to":[15,6,13],"faces":{"down":{"uv":[2,13,1,12],"texture":"#purpur_pillar_top"},"up":{"uv":[14,12,15,13],"texture":"#purpur_pillar_top"},"north":{"uv":[1,10,2,11],"texture":"#purpur_pillar_top"},"south":{"uv":[14,10,15,11],"texture":"#purpur_pillar_top"},"west":{"uv":[12,10,13,11],"texture":"#purpur_pillar_top"},"east":{"uv":[3,10,4,11],"texture":"#purpur_pillar_top"}}},{"__comment":"Voxels-FBC3FB","from":[15,3,5],"to":[16,4,7],"faces":{"down":{"uv":[1,7,0,5],"texture":"#purpur_pillar_top"},"up":{"uv":[15,5,16,7],"texture":"#purpur_pillar_top"},"north":{"uv":[0,12,1,13],"texture":"#purpur_pillar_top"},"south":{"uv":[15,12,16,13],"texture":"#purpur_pillar_top"},"west":{"uv":[5,12,7,13],"texture":"#purpur_pillar_top"},"east":{"uv":[9,12,11,13],"texture":"#purpur_pillar_top"}}},{"__comment":"Voxels-FBD8A8","from":[15,4,5],"to":[16,5,6],"faces":{"down":{"uv":[1,6,0,5],"texture":"#end_stone"},"up":{"uv":[15,5,16,6],"texture":"#end_stone"},"north":{"uv":[0,11,1,12],"texture":"#end_stone"},"south":{"uv":[15,11,16,12],"texture":"#end_stone"},"west":{"uv":[5,11,6,12],"texture":"#end_stone"},"east":{"uv":[10,11,11,12],"texture":"#end_stone"}}},{"__comment":"Voxels-FBC3FB","from":[15,4,6],"to":[16,6,7],"faces":{"down":{"uv":[1,7,0,6],"texture":"#purpur_pillar_top"},"up":{"uv":[15,6,16,7],"texture":"#purpur_pillar_top"},"north":{"uv":[0,10,1,12],"texture":"#purpur_pillar_top"},"south":{"uv":[15,10,16,12],"texture":"#purpur_pillar_top"},"west":{"uv":[6,10,7,12],"texture":"#purpur_pillar_top"},"east":{"uv":[9,10,10,12],"texture":"#purpur_pillar_top"}}},{"__comment":"Voxels-004400","from":[15,4,10],"to":[16,5,11],"faces":{"down":{"uv":[1,11,0,10],"texture":"#cactus_side"},"up":{"uv":[15,10,16,11],"texture":"#cactus_side"},"north":{"uv":[0,11,1,12],"texture":"#cactus_side"},"south":{"uv":[15,11,16,12],"texture":"#cactus_side"},"west":{"uv":[10,11,11,12],"texture":"#cactus_side"},"east":{"uv":[5,11,6,12],"texture":"#cactus_side"}}},{"__comment":"Voxels-FBC3FB","from":[15,4,12],"to":[16,5,13],"faces":{"down":{"uv":[1,13,0,12],"texture":"#purpur_pillar_top"},"up":{"uv":[15,12,16,13],"texture":"#purpur_pillar_top"},"north":{"uv":[0,11,1,12],"texture":"#purpur_pillar_top"},"south":{"uv":[15,11,16,12],"texture":"#purpur_pillar_top"},"west":{"uv":[12,11,13,12],"texture":"#purpur_pillar_top"},"east":{"uv":[3,11,4,12],"texture":"#purpur_pillar_top"}}},{"__comment":"Voxels-FBC3FB","from":[15,5,5],"to":[16,6,6],"faces":{"down":{"uv":[1,6,0,5],"texture":"#purpur_pillar_top"},"up":{"uv":[15,5,16,6],"texture":"#purpur_pillar_top"},"north":{"uv":[0,10,1,11],"texture":"#purpur_pillar_top"},"south":{"uv":[15,10,16,11],"texture":"#purpur_pillar_top"},"west":{"uv":[5,10,6,11],"texture":"#purpur_pillar_top"},"east":{"uv":[10,10,11,11],"texture":"#purpur_pillar_top"}}}],"display":{"gui":{"rotation":[21,50,0],"translation":[0,0,10.434]},"head":{"translation":[0,10.0434,0],"scale":[1.4,1.4,1.4]}}}