{
	"credit": "Made with Blockbench",
	"ambientocclusion": false,
	"texture_size": [64, 64],
	"textures": {
		"0": "craftadia/hats/ghoul_mask",
		"particle": "craftadia/hats/ghoul_mask"
	},
	"elements": [
		{
			"from": [3.4, -0.1, 3.4],
			"to": [12.6, 9.1, 12.6],
			"rotation": {"angle": 0, "axis": "y", "origin": [7.5, 7.5, 9.5]},
			"faces": {
				"north": {"uv": [0, 4.5, 2.25, 6.75], "texture": "#0"},
				"east": {"uv": [2.25, 0, 4.5, 2.25], "texture": "#0"},
				"south": {"uv": [0, 4.5, 2.25, 6.75], "texture": "#0"},
				"west": {"uv": [2.25, 4.5, 4.5, 6.75], "texture": "#0"},
				"up": {"uv": [6.75, 6.75, 4.5, 4.5], "texture": "#0"},
				"down": {"uv": [6.75, 0, 4.5, 2.25], "texture": "#0"}
			}
		},
		{
			"from": [3.4, -1.1, 2],
			"to": [3.6, 9.1, 3.4],
			"rotation": {"angle": 0, "axis": "y", "origin": [7.5, 7.5, 8.3]},
			"faces": {
				"north": {"uv": [4.5, 4.25, 4.75, 6.5], "texture": "#0"},
				"east": {"uv": [4.25, 0, 4.5, 2.25], "texture": "#0"},
				"south": {"uv": [0, 4.5, 2.25, 6.75], "texture": "#0"},
				"west": {"uv": [2.25, 4.25, 2.5, 6.75], "texture": "#0"},
				"up": {"uv": [4.75, 6.5, 4.5, 6.25], "texture": "#0"},
				"down": {"uv": [4.75, 6.5, 4.5, 6.25], "texture": "#0"}
			}
		},
		{
			"from": [3.6, 8.9, 2],
			"to": [12.4, 9.1, 3.4],
			"rotation": {"angle": 0, "axis": "y", "origin": [7.5, 7.5, 8.3]},
			"faces": {
				"north": {"uv": [4.5, 4.25, 4.75, 6.75], "rotation": 90, "texture": "#0"},
				"east": {"uv": [1.25, 1.75, 1.5, 4], "texture": "#0"},
				"south": {"uv": [0, 4.5, 2.25, 6.75], "texture": "#0"},
				"west": {"uv": [1.25, 1.75, 1.5, 4], "texture": "#0"},
				"up": {"uv": [6.75, 6.75, 4.5, 6.5], "texture": "#0"},
				"down": {"uv": [6.75, 6.75, 4.5, 6.5], "texture": "#0"}
			}
		},
		{
			"from": [12.4, -1.1, 2],
			"to": [12.6, 9.1, 3.4],
			"rotation": {"angle": 0, "axis": "y", "origin": [7.5, 7.5, 8.3]},
			"faces": {
				"north": {"uv": [4.5, 4.25, 4.75, 6.5], "texture": "#0"},
				"east": {"uv": [4.25, 0, 4.5, 2.25], "texture": "#0"},
				"south": {"uv": [0, 4.5, 2.25, 6.75], "texture": "#0"},
				"west": {"uv": [2.25, 4.25, 2.5, 6.75], "texture": "#0"},
				"up": {"uv": [4.75, 6.5, 4.5, 6.25], "texture": "#0"},
				"down": {"uv": [4.75, 6.5, 4.5, 6.25], "texture": "#0"}
			}
		},
		{
			"from": [3.4, -0.1, 3.4],
			"to": [12.6, 9.1, 12.6],
			"rotation": {"angle": 0, "axis": "z", "origin": [7.5, 7.5, 9.5]},
			"faces": {
				"north": {"uv": [2.25, 2.25, 4.5, 4.5], "texture": "#0"},
				"east": {"uv": [2.25, 0, 4.5, 2.25], "texture": "#0"},
				"south": {"uv": [0, 4.5, 2.25, 6.75], "texture": "#0"},
				"west": {"uv": [2.25, 4.5, 4.5, 6.75], "texture": "#0"},
				"up": {"uv": [6.75, 6.75, 4.5, 4.5], "texture": "#0"},
				"down": {"uv": [6.75, 0, 4.5, 2.25], "texture": "#0"}
			}
		},
		{
			"from": [4.8, -0.2, 2.55],
			"to": [11.2, 8.2, 3.95],
			"rotation": {"angle": 0, "axis": "y", "origin": [6.5, 8, 6.25]},
			"faces": {
				"north": {"uv": [4.5, 2.25, 6, 4.25], "texture": "#0"},
				"east": {"uv": [6.75, 6.75, 7, 8.75], "texture": "#0"},
				"south": {"uv": [6, 2.25, 7.5, 4.25], "texture": "#0"},
				"west": {"uv": [6.75, 0, 7, 2], "texture": "#0"},
				"up": {"uv": [8.25, 2.25, 6.75, 2], "texture": "#0"},
				"down": {"uv": [8.5, 7, 7, 7.25], "texture": "#0"}
			}
		},
		{
			"from": [5.8, -3.6, 2.55],
			"to": [10.2, -0.2, 3.95],
			"rotation": {"angle": 0, "axis": "y", "origin": [6.5, 8.6, 6.25]},
			"faces": {
				"north": {"uv": [0, 6.75, 1, 7.5], "texture": "#0"},
				"east": {"uv": [4.5, 7, 4.75, 7.75], "texture": "#0"},
				"south": {"uv": [1, 6.75, 2, 7.5], "texture": "#0"},
				"west": {"uv": [3.5, 7.25, 3.75, 8], "texture": "#0"},
				"up": {"uv": [8, 1, 7, 0.75], "texture": "#0"},
				"down": {"uv": [8, 1, 7, 1.25], "texture": "#0"}
			}
		},
		{
			"from": [8.275, 1.575, 2.5],
			"to": [12.275, 3.575, 3.5],
			"rotation": {"angle": -45, "axis": "z", "origin": [10.775, 2.575, 3]},
			"faces": {
				"north": {"uv": [6.75, 6.25, 7.75, 6.75], "texture": "#0"},
				"east": {"uv": [5.5, 7.25, 5.75, 7.75], "texture": "#0"},
				"south": {"uv": [2.5, 7, 3.5, 7.5], "texture": "#0"},
				"west": {"uv": [5.75, 7.25, 6, 7.75], "texture": "#0"},
				"up": {"uv": [8, 2, 7, 1.75], "texture": "#0"},
				"down": {"uv": [8, 6.75, 7, 7], "texture": "#0"}
			}
		},
		{
			"from": [3.725, 1.575, 2.5],
			"to": [7.725, 3.575, 3.5],
			"rotation": {"angle": 45, "axis": "z", "origin": [5.225, 2.575, 4]},
			"faces": {
				"north": {"uv": [6.75, 5.25, 7.75, 5.75], "texture": "#0"},
				"east": {"uv": [5, 7.25, 5.25, 7.75], "texture": "#0"},
				"south": {"uv": [6.75, 5.75, 7.75, 6.25], "texture": "#0"},
				"west": {"uv": [5.25, 7.25, 5.5, 7.75], "texture": "#0"},
				"up": {"uv": [8, 1.5, 7, 1.25], "texture": "#0"},
				"down": {"uv": [8, 1.5, 7, 1.75], "texture": "#0"}
			}
		}
	],
	"display": {
		"thirdperson_righthand": {
			"scale": [0.52, 0.52, 0.52]
		},
		"thirdperson_lefthand": {
			"scale": [0.52, 0.52, 0.52]
		},
		"ground": {
			"translation": [0, 5.5, 0],
			"scale": [0.65, 0.65, 0.65]
		},
		"gui": {
			"rotation": [35, -147, 0],
			"translation": [0, 2.5, 0],
			"scale": [0.86, 0.86, 0.86]
		},
		"head": {
			"translation": [0, 5.25, 0],
			"scale": [1.66, 1.88, 1.41]
		},
		"fixed": {
			"translation": [0, 3, 0]
		}
	},
	"groups": [0, 1, 2, 3, 4,
		{
			"name": "group",
			"origin": [6.5, 8, 7.25],
			"children": [5, 6, 7, 8]
		}
	]
}