{
	"credit": "Made by CookiesNom with Blockbench",
	"textures": {
		"0": "craftadia/hats/grinch_hand",
		"particle": "craftadia/hats/grinch_hand"
	},
	"elements": [
		{
			"from": [5.5, 5.5, 5.5],
			"to": [10.5, 9.5, 10.5],
			"faces": {
				"north": {"uv": [5, 5, 10, 8], "texture": "#0"},
				"east": {"uv": [5, 0, 10, 3], "texture": "#0"},
				"south": {"uv": [5, 8, 10, 11], "texture": "#0"},
				"west": {"uv": [0, 10, 5, 13], "texture": "#0"},
				"up": {"uv": [0, 0, 5, 5], "texture": "#0"},
				"down": {"uv": [0, 5, 5, 10], "texture": "#0"}
			}
		},
		{
			"from": [9.5, 4, 9.5],
			"to": [10.5, 5.5, 10.5],
			"rotation": {"angle": 0, "axis": "y", "origin": [8, 3, 8]},
			"faces": {
				"north": {"uv": [10, 8.5, 11, 10], "texture": "#0"},
				"east": {"uv": [11.5, 10, 12.5, 11.5], "texture": "#0"},
				"south": {"uv": [12.5, 12.5, 13.5, 14], "texture": "#0"},
				"west": {"uv": [12.5, 0, 13.5, 1.5], "texture": "#0"},
				"up": {"uv": [4, 13, 5, 14], "texture": "#0"},
				"down": {"uv": [13, 1.5, 14, 2.5], "texture": "#0"}
			}
		},
		{
			"from": [9.06183, 2.66056, 9.60175],
			"to": [9.86183, 4.46056, 10.40175],
			"rotation": {"angle": -22.5, "axis": "z", "origin": [9.44938, 3.05687, 8.11799]},
			"faces": {
				"north": {"uv": [12, 4, 13, 6], "texture": "#0"},
				"east": {"uv": [12, 6, 13, 8], "texture": "#0"},
				"south": {"uv": [12, 8, 13, 10], "texture": "#0"},
				"west": {"uv": [10, 12.5, 11, 14.5], "texture": "#0"},
				"up": {"uv": [8.5, 13.5, 9.5, 14.5], "texture": "#0"},
				"down": {"uv": [11.5, 13.5, 12.5, 14.5], "texture": "#0"}
			}
		},
		{
			"from": [9.03988, 0.88926, 9.70131],
			"to": [9.63988, 2.98926, 10.30131],
			"rotation": {"angle": 0, "axis": "z", "origin": [9.32743, 3.18557, 8.11755]},
			"faces": {
				"north": {"uv": [11, 12.5, 11.5, 14.5], "texture": "#0"},
				"east": {"uv": [13, 4.5, 13.5, 6.5], "texture": "#0"},
				"south": {"uv": [13, 6.5, 13.5, 8.5], "texture": "#0"},
				"west": {"uv": [7, 13.5, 7.5, 15.5], "texture": "#0"},
				"up": {"uv": [11.5, 2, 12, 2.5], "texture": "#0"},
				"down": {"uv": [12.5, 1.5, 13, 2], "texture": "#0"}
			}
		},
		{
			"from": [9.5, 3.5, 8.25],
			"to": [10.5, 5.5, 9.25],
			"rotation": {"angle": 0, "axis": "y", "origin": [8, 3, 6.75]},
			"faces": {
				"north": {"uv": [5, 3, 6, 5], "texture": "#0"},
				"east": {"uv": [6, 3, 7, 5], "texture": "#0"},
				"south": {"uv": [7, 3, 8, 5], "texture": "#0"},
				"west": {"uv": [8, 3, 9, 5], "texture": "#0"},
				"up": {"uv": [2, 13, 3, 14], "texture": "#0"},
				"down": {"uv": [3, 13, 4, 14], "texture": "#0"}
			}
		},
		{
			"from": [8.84847, -0.07301, 8.45171],
			"to": [9.44847, 2.02699, 9.05171],
			"rotation": {"angle": 0, "axis": "z", "origin": [9.13602, 2.7233, 8.11795]},
			"faces": {
				"north": {"uv": [11, 12.5, 11.5, 14.5], "texture": "#0"},
				"east": {"uv": [13, 4.5, 13.5, 6.5], "texture": "#0"},
				"south": {"uv": [13, 6.5, 13.5, 8.5], "texture": "#0"},
				"west": {"uv": [7, 13.5, 7.5, 15.5], "texture": "#0"},
				"up": {"uv": [11.5, 2, 12, 2.5], "texture": "#0"},
				"down": {"uv": [12.5, 1.5, 13, 2], "texture": "#0"}
			}
		},
		{
			"from": [9.06183, 1.16056, 7.10175],
			"to": [9.86183, 3.96056, 7.90175],
			"rotation": {"angle": -22.5, "axis": "z", "origin": [9.44938, 2.55687, 8.11799]},
			"faces": {
				"north": {"uv": [10, 2.5, 11, 5.5], "texture": "#0"},
				"east": {"uv": [10, 5.5, 11, 8.5], "texture": "#0"},
				"south": {"uv": [5, 11, 6, 14], "texture": "#0"},
				"west": {"uv": [6, 11, 7, 14], "texture": "#0"},
				"up": {"uv": [13, 2.5, 14, 3.5], "texture": "#0"},
				"down": {"uv": [13, 3.5, 14, 4.5], "texture": "#0"}
			}
		},
		{
			"from": [8.65707, -0.53485, 7.20168],
			"to": [9.25707, 1.56515, 7.80168],
			"rotation": {"angle": 0, "axis": "z", "origin": [8.94462, 2.76146, 8.11792]},
			"faces": {
				"north": {"uv": [11, 12.5, 11.5, 14.5], "texture": "#0"},
				"east": {"uv": [13, 4.5, 13.5, 6.5], "texture": "#0"},
				"south": {"uv": [13, 6.5, 13.5, 8.5], "texture": "#0"},
				"west": {"uv": [7, 13.5, 7.5, 15.5], "texture": "#0"},
				"up": {"uv": [11.5, 2, 12, 2.5], "texture": "#0"},
				"down": {"uv": [12.5, 1.5, 13, 2], "texture": "#0"}
			}
		},
		{
			"from": [9.5, 3.5, 7],
			"to": [10.5, 5.5, 8],
			"rotation": {"angle": 0, "axis": "y", "origin": [8, 3, 5.5]},
			"faces": {
				"north": {"uv": [5, 3, 6, 5], "texture": "#0"},
				"east": {"uv": [6, 3, 7, 5], "texture": "#0"},
				"south": {"uv": [7, 3, 8, 5], "texture": "#0"},
				"west": {"uv": [8, 3, 9, 5], "texture": "#0"},
				"up": {"uv": [2, 13, 3, 14], "texture": "#0"},
				"down": {"uv": [3, 13, 4, 14], "texture": "#0"}
			}
		},
		{
			"from": [9.5, 4, 5.75],
			"to": [10.5, 5.5, 6.75],
			"rotation": {"angle": 0, "axis": "y", "origin": [8, 3, 4.25]},
			"faces": {
				"north": {"uv": [10, 8.5, 11, 10], "texture": "#0"},
				"east": {"uv": [11.5, 10, 12.5, 11.5], "texture": "#0"},
				"south": {"uv": [12.5, 12.5, 13.5, 14], "texture": "#0"},
				"west": {"uv": [12.5, 0, 13.5, 1.5], "texture": "#0"},
				"up": {"uv": [4, 13, 5, 14], "texture": "#0"},
				"down": {"uv": [13, 1.5, 14, 2.5], "texture": "#0"}
			}
		},
		{
			"from": [9.06183, 1.66056, 5.85175],
			"to": [9.86183, 4.46056, 6.65175],
			"rotation": {"angle": -22.5, "axis": "z", "origin": [9.44938, 3.05687, 8.11799]},
			"faces": {
				"north": {"uv": [10, 2.5, 11, 5.5], "texture": "#0"},
				"east": {"uv": [10, 5.5, 11, 8.5], "texture": "#0"},
				"south": {"uv": [5, 11, 6, 14], "texture": "#0"},
				"west": {"uv": [6, 11, 7, 14], "texture": "#0"},
				"up": {"uv": [13, 2.5, 14, 3.5], "texture": "#0"},
				"down": {"uv": [13, 3.5, 14, 4.5], "texture": "#0"}
			}
		},
		{
			"from": [8.65707, -0.03485, 5.95168],
			"to": [9.25707, 2.06515, 6.55168],
			"rotation": {"angle": 0, "axis": "z", "origin": [8.94462, 3.26146, 8.11792]},
			"faces": {
				"north": {"uv": [11, 12.5, 11.5, 14.5], "texture": "#0"},
				"east": {"uv": [13, 4.5, 13.5, 6.5], "texture": "#0"},
				"south": {"uv": [13, 6.5, 13.5, 8.5], "texture": "#0"},
				"west": {"uv": [7, 13.5, 7.5, 15.5], "texture": "#0"},
				"up": {"uv": [11.5, 2, 12, 2.5], "texture": "#0"},
				"down": {"uv": [12.5, 1.5, 13, 2], "texture": "#0"}
			}
		},
		{
			"from": [6.01133, 1.88195, 5.8551],
			"to": [6.81133, 4.18195, 6.6551],
			"rotation": {"angle": 22.5, "axis": "z", "origin": [6.40217, 2.78853, 6.23938]},
			"faces": {
				"north": {"uv": [7, 11, 8, 13.5], "texture": "#0"},
				"east": {"uv": [8, 11, 9, 13.5], "texture": "#0"},
				"south": {"uv": [9, 11, 10, 13.5], "texture": "#0"},
				"west": {"uv": [11, 2.5, 12, 5], "texture": "#0"},
				"up": {"uv": [12.5, 11.5, 13.5, 12.5], "texture": "#0"},
				"down": {"uv": [1, 13, 2, 14], "texture": "#0"}
			}
		},
		{
			"from": [8.18394, 1.77657, 8.35176],
			"to": [8.98394, 4.07657, 9.15176],
			"rotation": {"angle": -22.5, "axis": "z", "origin": [8.5931, 0.43315, 8.73604]},
			"faces": {
				"north": {"uv": [8, 11, 7, 13.5], "texture": "#0"},
				"east": {"uv": [12, 2.5, 11, 5], "texture": "#0"},
				"south": {"uv": [10, 11, 9, 13.5], "texture": "#0"},
				"west": {"uv": [9, 11, 8, 13.5], "texture": "#0"},
				"up": {"uv": [13.5, 11.5, 12.5, 12.5], "texture": "#0"},
				"down": {"uv": [2, 13, 1, 14], "texture": "#0"}
			}
		},
		{
			"from": [6.42725, 0.65765, 5.95486],
			"to": [7.02725, 2.25765, 6.55486],
			"rotation": {"angle": 0, "axis": "z", "origin": [6.71809, 1.46423, 6.23914]},
			"faces": {
				"north": {"uv": [9.5, 13.5, 10, 15], "texture": "#0"},
				"east": {"uv": [13.5, 13.5, 14, 15], "texture": "#0"},
				"south": {"uv": [13.5, 0, 14, 1.5], "texture": "#0"},
				"west": {"uv": [13.5, 4.5, 14, 6], "texture": "#0"},
				"up": {"uv": [13, 9.5, 13.5, 10], "texture": "#0"},
				"down": {"uv": [13.5, 6, 14, 6.5], "texture": "#0"}
			}
		},
		{
			"from": [5.5, 3.75, 5.75],
			"to": [6.5, 5.5, 6.75],
			"rotation": {"angle": 0, "axis": "y", "origin": [4, 3, 4.25]},
			"faces": {
				"north": {"uv": [9, 3, 10, 5], "texture": "#0"},
				"east": {"uv": [11.5, 11.5, 12.5, 13.5], "texture": "#0"},
				"south": {"uv": [11.5, 0, 12.5, 2], "texture": "#0"},
				"west": {"uv": [12, 2, 13, 4], "texture": "#0"},
				"up": {"uv": [13, 8.5, 14, 9.5], "texture": "#0"},
				"down": {"uv": [7.5, 13.5, 8.5, 14.5], "texture": "#0"}
			}
		},
		{
			"from": [5.51, 3.82066, 6.36355],
			"to": [6.49, 6.30066, 7.59355],
			"rotation": {"angle": 45, "axis": "x", "origin": [6, 4.81066, 7.10355]},
			"faces": {
				"north": {"uv": [11, 5, 12, 7.5], "texture": "#0"},
				"east": {"uv": [10, 10, 11.5, 12.5], "texture": "#0"},
				"south": {"uv": [11, 7.5, 12, 10], "texture": "#0"},
				"west": {"uv": [10, 0, 11.5, 2.5], "texture": "#0"},
				"up": {"uv": [12.5, 10, 13.5, 11.5], "texture": "#0"},
				"down": {"uv": [0, 13, 1, 14.5], "texture": "#0"}
			}
		}
	],
	"display": {
		"thirdperson_righthand": {
			"rotation": [90, 0, 0],
			"translation": [0, -2, 2],
			"scale": [0.91, 0.91, 0.91]
		},
		"thirdperson_lefthand": {
			"rotation": [90, 0, 0],
			"translation": [0, -2, 2],
			"scale": [-0.91, 0.91, 0.91]
		},
		"firstperson_righthand": {
			"rotation": [111, 67, 0],
			"translation": [0.75, -0.75, 2]
		},
		"firstperson_lefthand": {
			"rotation": [111, 67, 0],
			"translation": [0.75, -0.75, 2],
			"scale": [-1, 1, 1]
		},
		"ground": {
			"translation": [0, 3, 0],
			"scale": [0.25, 0.25, 0.25]
		},
		"gui": {
			"rotation": [30, 225, 0],
			"translation": [0, 2.5, 0]
		}
	}
}