{
	"credit": "Made with Blockbench",
	"texture_size": [44, 44],
	"textures": {
		"0": "craftadia/hats/hoglin_hat",
		"particle": "craftadia/hats/hoglin_hat"
	},
	"elements": [
		{
			"from": [3.5, 0, 3.5],
			"to": [12.5, 2, 12.5],
			"rotation": {"angle": 0, "axis": "y", "origin": [10.5, 8, 11.5]},
			"faces": {
				"north": {"uv": [3.27273, 3.27273, 6.54545, 4], "texture": "#0"},
				"east": {"uv": [0, 3.27273, 3.27273, 4], "texture": "#0"},
				"south": {"uv": [9.81818, 3.27273, 13.09091, 4], "texture": "#0"},
				"west": {"uv": [6.54545, 3.27273, 9.81818, 4], "texture": "#0"},
				"up": {"uv": [6.54545, 3.27273, 3.27273, 0], "texture": "#0"},
				"down": {"uv": [9.81818, 0, 6.54545, 3.27273], "texture": "#0"}
			}
		},
		{
			"from": [4, 2, 4],
			"to": [12, 6, 12],
			"rotation": {"angle": 0, "axis": "y", "origin": [11, 10, 11]},
			"faces": {
				"north": {"uv": [2.90909, 6.90909, 5.81818, 8.36364], "texture": "#0"},
				"east": {"uv": [0, 6.90909, 2.90909, 8.36364], "texture": "#0"},
				"south": {"uv": [8.72727, 6.90909, 11.63636, 8.36364], "texture": "#0"},
				"west": {"uv": [5.81818, 6.90909, 8.72727, 8.36364], "texture": "#0"},
				"up": {"uv": [5.81818, 6.90909, 2.90909, 4], "texture": "#0"},
				"down": {"uv": [8.72727, 4, 5.81818, 6.90909], "texture": "#0"}
			}
		},
		{
			"from": [7, 2, 3.5],
			"to": [9, 7, 12.5],
			"rotation": {"angle": 0, "axis": "y", "origin": [11, 10, 10.5]},
			"faces": {
				"north": {"uv": [3.27273, 11.63636, 4, 13.45455], "texture": "#0"},
				"east": {"uv": [0, 11.63636, 3.27273, 13.45455], "texture": "#0"},
				"south": {"uv": [7.27273, 11.63636, 8, 13.45455], "texture": "#0"},
				"west": {"uv": [4, 11.63636, 7.27273, 13.45455], "texture": "#0"},
				"up": {"uv": [4, 11.63636, 3.27273, 8.36364], "texture": "#0"},
				"down": {"uv": [4.72727, 8.36364, 4, 11.63636], "texture": "#0"}
			}
		},
		{
			"from": [0, 2.5, 6.5],
			"to": [4, 5.5, 9.5],
			"rotation": {"angle": 0, "axis": "y", "origin": [12, 9.5, 11.5]},
			"faces": {
				"north": {"uv": [5.81818, 9.45455, 7.27273, 10.54545], "texture": "#0"},
				"east": {"uv": [4.72727, 9.45455, 5.81818, 10.54545], "texture": "#0"},
				"south": {"uv": [8.36364, 9.45455, 9.81818, 10.54545], "texture": "#0"},
				"west": {"uv": [7.27273, 9.45455, 8.36364, 10.54545], "texture": "#0"},
				"up": {"uv": [7.27273, 9.45455, 5.81818, 8.36364], "texture": "#0"},
				"down": {"uv": [8.72727, 8.36364, 7.27273, 9.45455], "texture": "#0"}
			}
		},
		{
			"from": [12, 2.5, 6.5],
			"to": [16, 5.5, 9.5],
			"shade": false,
			"rotation": {"angle": 0, "axis": "y", "origin": [4, 9.5, 11.5]},
			"faces": {
				"north": {"uv": [7.27273, 9.45455, 5.81818, 10.54545], "texture": "#0"},
				"east": {"uv": [8.36364, 9.45455, 7.27273, 10.54545], "texture": "#0"},
				"south": {"uv": [9.81818, 9.45455, 8.36364, 10.54545], "texture": "#0"},
				"west": {"uv": [5.81818, 9.45455, 4.72727, 10.54545], "texture": "#0"},
				"up": {"uv": [5.81818, 9.45455, 7.27273, 8.36364], "texture": "#0"},
				"down": {"uv": [7.27273, 8.36364, 8.72727, 9.45455], "texture": "#0"}
			}
		},
		{
			"from": [0, 5.5, 6.5],
			"to": [2, 9.5, 9.5],
			"rotation": {"angle": 0, "axis": "y", "origin": [13, 12.5, 11.5]},
			"faces": {
				"north": {"uv": [9.81818, 10.54545, 10.54545, 12], "texture": "#0"},
				"east": {"uv": [8.72727, 10.54545, 9.81818, 12], "texture": "#0"},
				"south": {"uv": [11.63636, 10.54545, 12.36364, 12], "texture": "#0"},
				"west": {"uv": [10.54545, 10.54545, 11.63636, 12], "texture": "#0"},
				"up": {"uv": [10.54545, 10.54545, 9.81818, 9.45455], "texture": "#0"},
				"down": {"uv": [11.27273, 9.45455, 10.54545, 10.54545], "texture": "#0"}
			}
		},
		{
			"from": [14, 5.5, 6.5],
			"to": [16, 9.5, 9.5],
			"shade": false,
			"rotation": {"angle": 0, "axis": "y", "origin": [3, 12.5, 11.5]},
			"faces": {
				"north": {"uv": [10.54545, 10.54545, 9.81818, 12], "texture": "#0"},
				"east": {"uv": [11.63636, 10.54545, 10.54545, 12], "texture": "#0"},
				"south": {"uv": [12.36364, 10.54545, 11.63636, 12], "texture": "#0"},
				"west": {"uv": [9.81818, 10.54545, 8.72727, 12], "texture": "#0"},
				"up": {"uv": [9.81818, 10.54545, 10.54545, 9.45455], "texture": "#0"},
				"down": {"uv": [10.54545, 9.45455, 11.27273, 10.54545], "texture": "#0"}
			}
		},
		{
			"from": [3, 2, 6],
			"to": [4, 6, 10],
			"rotation": {"angle": 0, "axis": "y", "origin": [12, 9, 11]},
			"faces": {
				"north": {"uv": [10.18182, 5.45455, 10.54545, 6.90909], "texture": "#0"},
				"east": {"uv": [8.72727, 5.45455, 10.18182, 6.90909], "texture": "#0"},
				"south": {"uv": [12, 5.45455, 12.36364, 6.90909], "texture": "#0"},
				"west": {"uv": [10.54545, 5.45455, 12, 6.90909], "texture": "#0"},
				"up": {"uv": [10.54545, 5.45455, 10.18182, 4], "texture": "#0"},
				"down": {"uv": [10.90909, 4, 10.54545, 5.45455], "texture": "#0"}
			}
		},
		{
			"from": [12, 2, 6],
			"to": [13, 6, 10],
			"shade": false,
			"rotation": {"angle": 0, "axis": "y", "origin": [4, 9, 11]},
			"faces": {
				"north": {"uv": [10.54545, 5.45455, 10.18182, 6.90909], "texture": "#0"},
				"east": {"uv": [12, 5.45455, 10.54545, 6.90909], "texture": "#0"},
				"south": {"uv": [12.36364, 5.45455, 12, 6.90909], "texture": "#0"},
				"west": {"uv": [10.18182, 5.45455, 8.72727, 6.90909], "texture": "#0"},
				"up": {"uv": [10.18182, 5.45455, 10.54545, 4], "texture": "#0"},
				"down": {"uv": [10.54545, 4, 10.90909, 5.45455], "texture": "#0"}
			}
		}
	],
	"display": {
		"thirdperson_righthand": {
			"rotation": [0, -180, 0],
			"translation": [0, 4, 0],
			"scale": [0.6, 0.6, 0.6]
		},
		"thirdperson_lefthand": {
			"rotation": [0, -180, 0],
			"translation": [0, 4, 0],
			"scale": [0.6, 0.6, 0.6]
		},
		"firstperson_righthand": {
			"rotation": [0, -180, 0],
			"translation": [2, 1.5, 0],
			"scale": [0.6, 0.6, 0.6]
		},
		"firstperson_lefthand": {
			"rotation": [0, -180, 0],
			"translation": [2, 1.5, 0],
			"scale": [0.6, 0.6, 0.6]
		},
		"ground": {
			"translation": [0, 1, 0],
			"scale": [0.6, 0.6, 0.6]
		},
		"gui": {
			"rotation": [30, 225, 0],
			"translation": [1.25, 0.5, 0],
			"scale": [0.625, 0.625, 0.625]
		},
		"head": {
			"translation": [0, 20, 0],
			"scale": [1.7, 1.7, 1.7]
		},
		"fixed": {
			"translation": [0, 1.25, -3.25],
			"scale": [0.8, 0.8, 0.8]
		}
	},
	"groups": [
		{
			"name": "Main",
			"origin": [8, 8, 8],
			"children": [0, 1, 2, 3, 4, 5, 6, 7, 8]
		}
	]
}