{
	"credit": "Made with Blockbench",
	"texture_size": [64, 32],
	"textures": {
		"0": "craftadia/hats/lifebuoyhat"
	},
	"elements": [
		{
			"from": [2, 0, 2],
			"to": [14, 5, 14],
			"rotation": {"angle": 0, "axis": "y", "origin": [16, 8, 15]},
			"faces": {
				"north": {"uv": [0, 5.9995, 3, 8.4995], "texture": "#0"},
				"east": {"uv": [0, 5.9995, 3, 8.4995], "texture": "#0"},
				"south": {"uv": [0, 5.9995, 3, 8.4995], "texture": "#0"},
				"west": {"uv": [0, 5.9995, 3, 8.4995], "texture": "#0"},
				"up": {"uv": [0, 0, 2.99975, 5.9995], "rotation": 180, "texture": "#0"},
				"down": {"uv": [6.9995, 0, 9.9985, 5.998], "texture": "#0"}
			}
		},
		{
			"from": [0, 0, 0],
			"to": [16, 0, 16],
			"rotation": {"angle": 0, "axis": "y", "origin": [16, 8, 15]},
			"faces": {
				"north": {"uv": [0, 0, 4, 0], "texture": "#missing"},
				"east": {"uv": [0, 0, 4, 0], "texture": "#missing"},
				"south": {"uv": [0, 0, 4, 0], "texture": "#missing"},
				"west": {"uv": [0, 0, 4, 0], "texture": "#missing"},
				"up": {"uv": [2.99975, 0, 6.99975, 8], "texture": "#0"},
				"down": {"uv": [2.99975, 0, 6.99975, 8], "texture": "#0"}
			}
		}
	],
	"display": {
		"thirdperson_righthand": {
			"rotation": [0, -180, 0],
			"translation": [0, 3, 1],
			"scale": [0.4, 0.4, 0.4]
		},
		"thirdperson_lefthand": {
			"rotation": [0, -180, 0],
			"translation": [0, 3, 1],
			"scale": [0.4, 0.4, 0.4]
		},
		"firstperson_righthand": {
			"rotation": [0, -90, 25],
			"translation": [1.13, 3.2, 1.13],
			"scale": [0.68, 0.68, 0.68]
		},
		"firstperson_lefthand": {
			"rotation": [0, -90, 25],
			"translation": [1.13, 3.2, 1.13],
			"scale": [0.68, 0.68, 0.68]
		},
		"ground": {
			"translation": [0, 2, 0],
			"scale": [0.5, 0.5, 0.5]
		},
		"gui": {
			"rotation": [20, -45, 0],
			"translation": [0.25, 3.25, 0],
			"scale": [0.6, 0.6, 0.6]
		},
		"head": {
			"translation": [0, 13, 0],
			"scale": [1.2, 1.2, 1.2]
		},
		"fixed": {
			"translation": [0, 5, 0]
		}
	},
	"groups": [
		{
			"name": "Main",
			"origin": [8, 8, 8],
			"children": [0, 1]
		}
	]
}