{
	"texture_size": [64, 64],
	"textures": {
		"0": "craftadia/hats/mandalorianhelmet"
	},
	"elements": [
		{
			"name": "head",
			"from": [4, 0.5, 4],
			"to": [12, 8.5, 12],
			"rotation": {"angle": 0, "axis": "y", "origin": [8, 0.5, 8]},
			"faces": {
				"north": {"uv": [6, 2, 8, 4], "texture": "#0"},
				"east": {"uv": [4, 2, 6, 4], "texture": "#0"},
				"south": {"uv": [2, 2, 4, 4], "texture": "#0"},
				"west": {"uv": [0, 2, 2, 4], "texture": "#0"},
				"up": {"uv": [4, 2, 2, 0], "rotation": 180, "texture": "#0"},
				"down": {"uv": [6, 0, 4, 2], "rotation": 180, "texture": "#0"}
			}
		},
		{
			"name": "head",
			"from": [3.5, 0, 3.5],
			"to": [12.5, 8.75, 12.5],
			"rotation": {"angle": 0, "axis": "y", "origin": [8, 0.5, 8]},
			"faces": {
				"north": {"uv": [6, 6, 8, 7.75], "texture": "#0"},
				"east": {"uv": [4, 6, 6, 7.75], "texture": "#0"},
				"south": {"uv": [2, 6, 4, 7.75], "texture": "#0"},
				"west": {"uv": [0, 6, 2, 7.75], "texture": "#0"},
				"up": {"uv": [4, 6, 2, 4], "rotation": 180, "texture": "#0"},
				"down": {"uv": [6, 4, 4, 6], "rotation": 180, "texture": "#0"}
			}
		}
	],
	"display": {
		"gui": {
			"rotation": [15, 160, 0],
			"translation": [0, 3.25, 0]
		},
		"head": {
			"translation": [0, 6, 0],
			"scale": [2.1, 2.1, 2.1]
		}
	},
	"groups": [
		{
			"name": "head",
			"origin": [0, 8, 0],
			"children": [0]
		},
		{
			"name": "helmet",
			"origin": [0, 7, 0],
			"children": [1]
		}
	]
}