{"credit":"Made by CookiesNom with Blockbench","texture_size":[32,32],"textures":{"0":"craftadia/hats/newyears","particle":"craftadia/hats/newyears"},"elements":[{"from":[8.5,7.5,13],"to":[9,10,13.5],"rotation":{"angle":0,"axis":"y","origin":[8,8,7]},"faces":{"north":{"uv":[6,9,6.5,12],"texture":"#0"},"east":{"uv":[6.5,9,7,12],"texture":"#0"},"south":{"uv":[7,9,7.5,12],"texture":"#0"},"west":{"uv":[7.5,9,8,12],"texture":"#0"},"up":{"uv":[11.5,11.5,12,12],"texture":"#0"},"down":{"uv":[11.5,3,12,3.5],"texture":"#0"}}},{"from":[7,7.5,13],"to":[7.5,10,13.5],"rotation":{"angle":0,"axis":"y","origin":[8,8,7]},"faces":{"north":{"uv":[6.5,9,6,12],"texture":"#0"},"east":{"uv":[8,9,7.5,12],"texture":"#0"},"south":{"uv":[7.5,9,7,12],"texture":"#0"},"west":{"uv":[7,9,6.5,12],"texture":"#0"},"up":{"uv":[12,11.5,11.5,12],"texture":"#0"},"down":{"uv":[12,3,11.5,3.5],"texture":"#0"}}},{"from":[9.05371,9.35276,12.9979],"to":[9.55383,10.76549,13.5],"rotation":{"angle":-45,"axis":"z","origin":[9.55993,10.34403,13.50052]},"faces":{"north":{"uv":[9.5,10,10,11.5],"texture":"#0"},"east":{"uv":[10,10,10.5,11.5],"texture":"#0"},"south":{"uv":[10,3,10.5,4.5],"texture":"#0"},"west":{"uv":[10,4.5,10.5,6],"texture":"#0"},"up":{"uv":[11.5,3.5,12,4],"texture":"#0"},"down":{"uv":[11.5,4,12,4.5],"texture":"#0"}}},{"from":[6.44617,9.35276,12.9979],"to":[6.94629,10.76549,13.5],"rotation":{"angle":45,"axis":"z","origin":[6.44007,10.34403,13.50052]},"faces":{"north":{"uv":[10,10,9.5,11.5],"texture":"#0"},"east":{"uv":[10.5,4.5,10,6],"texture":"#0"},"south":{"uv":[10.5,3,10,4.5],"texture":"#0"},"west":{"uv":[10.5,10,10,11.5],"texture":"#0"},"up":{"uv":[12,3.5,11.5,4],"texture":"#0"},"down":{"uv":[12,4,11.5,4.5],"texture":"#0"}}},{"from":[12.34947,6.56292,12.9899],"to":[12.84959,7.97565,13.492],"rotation":{"angle":-45,"axis":"z","origin":[12.35569,7.55418,13.49251]},"faces":{"north":{"uv":[4,11,4.5,12.5],"texture":"#0"},"east":{"uv":[4.5,11,5,12.5],"texture":"#0"},"south":{"uv":[5,11,5.5,12.5],"texture":"#0"},"west":{"uv":[11,11,11.5,12.5],"texture":"#0"},"up":{"uv":[6,12,6.5,12.5],"texture":"#0"},"down":{"uv":[6.5,12,7,12.5],"texture":"#0"}}},{"from":[3.15041,6.56292,12.9899],"to":[3.65053,7.97565,13.492],"rotation":{"angle":45,"axis":"z","origin":[3.64431,7.55418,13.49251]},"faces":{"north":{"uv":[4.5,11,4,12.5],"texture":"#0"},"east":{"uv":[11.5,11,11,12.5],"texture":"#0"},"south":{"uv":[5.5,11,5,12.5],"texture":"#0"},"west":{"uv":[5,11,4.5,12.5],"texture":"#0"},"up":{"uv":[6.5,12,6,12.5],"texture":"#0"},"down":{"uv":[7,12,6.5,12.5],"texture":"#0"}}},{"from":[8.65495,6.56012,12.99614],"to":[9.15506,7.97285,13.49824],"rotation":{"angle":45,"axis":"z","origin":[9.14884,7.55139,13.49875]},"faces":{"north":{"uv":[5.5,10,6,11.5],"texture":"#0"},"east":{"uv":[8,10,8.5,11.5],"texture":"#0"},"south":{"uv":[8.5,10,9,11.5],"texture":"#0"},"west":{"uv":[9,10,9.5,11.5],"texture":"#0"},"up":{"uv":[9.5,11.5,10,12],"texture":"#0"},"down":{"uv":[10,11.5,10.5,12],"texture":"#0"}}},{"from":[6.84494,6.56012,12.99614],"to":[7.34505,7.97285,13.49824],"rotation":{"angle":-45,"axis":"z","origin":[6.85116,7.55139,13.49875]},"faces":{"north":{"uv":[6,10,5.5,11.5],"texture":"#0"},"east":{"uv":[9.5,10,9,11.5],"texture":"#0"},"south":{"uv":[9,10,8.5,11.5],"texture":"#0"},"west":{"uv":[8.5,10,8,11.5],"texture":"#0"},"up":{"uv":[10,11.5,9.5,12],"texture":"#0"},"down":{"uv":[10.5,11.5,10,12],"texture":"#0"}}},{"from":[12.82456,7.23174,12.99791],"to":[13.32467,8.64447,13.5],"rotation":{"angle":45,"axis":"z","origin":[9.81845,8.223,13.50052]},"faces":{"north":{"uv":[10.5,10.5,11,12],"texture":"#0"},"east":{"uv":[10.5,3,11,4.5],"texture":"#0"},"south":{"uv":[10.5,4.5,11,6],"texture":"#0"},"west":{"uv":[3.5,11,4,12.5],"texture":"#0"},"up":{"uv":[11.5,9.5,12,10],"texture":"#0"},"down":{"uv":[11.5,10,12,10.5],"texture":"#0"}}},{"from":[2.67533,7.23174,12.99791],"to":[3.17544,8.64447,13.5],"rotation":{"angle":-45,"axis":"z","origin":[6.18155,8.223,13.50052]},"faces":{"north":{"uv":[11,10.5,10.5,12],"texture":"#0"},"east":{"uv":[4,11,3.5,12.5],"texture":"#0"},"south":{"uv":[11,4.5,10.5,6],"texture":"#0"},"west":{"uv":[11,3,10.5,4.5],"texture":"#0"},"up":{"uv":[12,9.5,11.5,10],"texture":"#0"},"down":{"uv":[12,10,11.5,10.5],"texture":"#0"}}},{"from":[12.5,7.5,13],"to":[13,10,13.5],"rotation":{"angle":0,"axis":"y","origin":[8,8,7]},"faces":{"north":{"uv":[9.5,3,10,6],"texture":"#0"},"east":{"uv":[1,10,1.5,13],"texture":"#0"},"south":{"uv":[1.5,10,2,13],"texture":"#0"},"west":{"uv":[2,10,2.5,13],"texture":"#0"},"up":{"uv":[11.5,10.5,12,11],"texture":"#0"},"down":{"uv":[11.5,11,12,11.5],"texture":"#0"}}},{"from":[3,7.5,13],"to":[3.5,10,13.5],"rotation":{"angle":0,"axis":"y","origin":[8,8,7]},"faces":{"north":{"uv":[10,3,9.5,6],"texture":"#0"},"east":{"uv":[2.5,10,2,13],"texture":"#0"},"south":{"uv":[2,10,1.5,13],"texture":"#0"},"west":{"uv":[1.5,10,1,13],"texture":"#0"},"up":{"uv":[12,10.5,11.5,11],"texture":"#0"},"down":{"uv":[12,11,11.5,11.5],"texture":"#0"}}},{"from":[4,11,13.25],"to":[12,14.5,13.25],"rotation":{"angle":0,"axis":"y","origin":[8,8.5,7.25]},"faces":{"south":{"uv":[0,4,9.5,8],"texture":"#0"}}},{"from":[3.9,10.9,12.9],"to":[12.1,14.6,13.1],"rotation":{"angle":0,"axis":"y","origin":[8,8.5,7]},"faces":{"north":{"uv":[0,0,9.5,4],"texture":"#0"},"south":{"uv":[9.5,0,0,4],"texture":"#0"}}},{"from":[9.5,10.5,13],"to":[12,11,13.5],"rotation":{"angle":0,"axis":"y","origin":[8,8,7]},"faces":{"north":{"uv":[8,9,11,9.5],"texture":"#0"},"east":{"uv":[11.5,4.5,12,5],"texture":"#0"},"south":{"uv":[8,9.5,11,10],"texture":"#0"},"west":{"uv":[11.5,5,12,5.5],"texture":"#0"},"up":{"uv":[9.5,0,12.5,0.5],"texture":"#0"},"down":{"uv":[9.5,0.5,12.5,1],"texture":"#0"}}},{"from":[4,10.5,13],"to":[6.5,11,13.5],"rotation":{"angle":0,"axis":"y","origin":[8,8,7]},"faces":{"north":{"uv":[11,9,8,9.5],"texture":"#0"},"east":{"uv":[12,5,11.5,5.5],"texture":"#0"},"south":{"uv":[11,9.5,8,10],"texture":"#0"},"west":{"uv":[12,4.5,11.5,5],"texture":"#0"},"up":{"uv":[12.5,0,9.5,0.5],"texture":"#0"},"down":{"uv":[12.5,0.5,9.5,1],"texture":"#0"}}},{"from":[9.5,6.5,13],"to":[12,7,13.5],"rotation":{"angle":0,"axis":"y","origin":[8,8,7]},"faces":{"north":{"uv":[9.5,1,12.5,1.5],"texture":"#0"},"east":{"uv":[11.5,5.5,12,6],"texture":"#0"},"south":{"uv":[9.5,1.5,12.5,2],"texture":"#0"},"west":{"uv":[11.5,9,12,9.5],"texture":"#0"},"up":{"uv":[9.5,2,12.5,2.5],"texture":"#0"},"down":{"uv":[9.5,2.5,12.5,3],"texture":"#0"}}},{"from":[4,6.5,13],"to":[6.5,7,13.5],"rotation":{"angle":0,"axis":"y","origin":[8,8,7]},"faces":{"north":{"uv":[12.5,1,9.5,1.5],"texture":"#0"},"east":{"uv":[12,9,11.5,9.5],"texture":"#0"},"south":{"uv":[12.5,1.5,9.5,2],"texture":"#0"},"west":{"uv":[12,5.5,11.5,6],"texture":"#0"},"up":{"uv":[12.5,2,9.5,2.5],"texture":"#0"},"down":{"uv":[12.5,2.5,9.5,3],"texture":"#0"}}},{"from":[13,9,7],"to":[13.5,10,13],"faces":{"north":{"uv":[11,3,11.5,4],"texture":"#0"},"east":{"uv":[0,8,7,9],"texture":"#0"},"south":{"uv":[11,4,11.5,5],"texture":"#0"},"west":{"uv":[7,8,14,9],"texture":"#0"},"up":{"uv":[0,9,0.5,16],"texture":"#0"},"down":{"uv":[0.5,9,1,16],"texture":"#0"}}},{"from":[2.5,9,7],"to":[3,10,13],"faces":{"north":{"uv":[11.5,3,11,4],"texture":"#0"},"east":{"uv":[14,8,7,9],"texture":"#0"},"south":{"uv":[11.5,4,11,5],"texture":"#0"},"west":{"uv":[7,8,0,9],"texture":"#0"},"up":{"uv":[0.5,9,0,16],"texture":"#0"},"down":{"uv":[1,9,0.5,16],"texture":"#0"}}},{"from":[7,10,13],"to":[9,10.5,13.5],"rotation":{"angle":0,"axis":"y","origin":[14,8.5,14]},"faces":{"north":{"uv":[9.5,6,12,6.5],"texture":"#0"},"east":{"uv":[10.5,10,11,10.5],"texture":"#0"},"south":{"uv":[9.5,6.5,12,7],"texture":"#0"},"west":{"uv":[9,11.5,9.5,12],"texture":"#0"},"up":{"uv":[9.5,7,12,7.5],"texture":"#0"},"down":{"uv":[9.5,7.5,12,8],"texture":"#0"}}},{"from":[12.71399,9.00108,12.66789],"to":[13.21393,10,13.37576],"rotation":{"angle":-45,"axis":"y","origin":[12.95699,9.4823,13.17964]},"faces":{"north":{"uv":[11,10,11.5,11],"texture":"#0"},"east":{"uv":[3.5,10,4.5,11],"texture":"#0"},"south":{"uv":[5.5,11.5,6,12.5],"texture":"#0"},"west":{"uv":[4.5,10,5.5,11],"texture":"#0"},"up":{"uv":[8,11.5,8.5,12.5],"texture":"#0"},"down":{"uv":[8.5,11.5,9,12.5],"texture":"#0"}}},{"from":[2.78607,9.00108,12.66789],"to":[3.28601,10,13.37576],"rotation":{"angle":45,"axis":"y","origin":[3.04301,9.4823,13.17964]},"faces":{"north":{"uv":[11.5,10,11,11],"texture":"#0"},"east":{"uv":[5.5,10,4.5,11],"texture":"#0"},"south":{"uv":[6,11.5,5.5,12.5],"texture":"#0"},"west":{"uv":[4.5,10,3.5,11],"texture":"#0"},"up":{"uv":[8.5,11.5,8,12.5],"texture":"#0"},"down":{"uv":[9,11.5,8.5,12.5],"texture":"#0"}}},{"from":[13.00175,8.42935,5.64044],"to":[13.50175,9.42935,7.64044],"rotation":{"angle":-45,"axis":"x","origin":[13.49737,8.94071,6.63349]},"faces":{"north":{"uv":[11,5,11.5,6],"texture":"#0"},"east":{"uv":[1,9,3.5,10],"texture":"#0"},"south":{"uv":[11,9,11.5,10],"texture":"#0"},"west":{"uv":[3.5,9,6,10],"texture":"#0"},"up":{"uv":[2.5,10,3,12.5],"texture":"#0"},"down":{"uv":[3,10,3.5,12.5],"texture":"#0"}}},{"from":[2.49825,8.42935,5.64044],"to":[2.99825,9.42935,7.64044],"rotation":{"angle":-45,"axis":"x","origin":[2.50263,8.94071,6.63349]},"faces":{"north":{"uv":[11.5,5,11,6],"texture":"#0"},"east":{"uv":[6,9,3.5,10],"texture":"#0"},"south":{"uv":[11.5,9,11,10],"texture":"#0"},"west":{"uv":[3.5,9,1,10],"texture":"#0"},"up":{"uv":[3,10,2.5,12.5],"texture":"#0"},"down":{"uv":[3.5,10,3,12.5],"texture":"#0"}}}],"display":{"thirdperson_righthand":{"rotation":[75,45,0],"translation":[0,2.5,0],"scale":[0.375,0.375,0.375]},"thirdperson_lefthand":{"rotation":[75,45,0],"translation":[0,2.5,0],"scale":[0.375,0.375,0.375]},"firstperson_righthand":{"rotation":[0,45,0],"scale":[0.4,0.4,0.4]},"firstperson_lefthand":{"rotation":[0,45,0],"scale":[0.4,0.4,0.4]},"ground":{"translation":[0,3,0],"scale":[0.25,0.25,0.25]},"gui":{"rotation":[30,45,0],"translation":[-0.75,0,0],"scale":[0.625,0.625,0.625]},"head":{"rotation":[0,180,0],"translation":[0,-2.75,0],"scale":[1.45,1.45,1.45]},"fixed":{"rotation":[0,180,0],"translation":[0,-7.5,0]}}}