{
	"credit": "Made with Blockbench",
	"texture_size": [32, 32],
	"textures": {
		"0": "craftadia/hats/piglin_hat",
		"particle": "craftadia/hats/piglin_hat"
	},
	"elements": [
		{
			"name": "left_ear",
			"from": [4, 1, 6],
			"to": [5, 6, 10],
			"rotation": {"angle": -22.5, "axis": "z", "origin": [4, 6, 8]},
			"faces": {
				"north": {"uv": [7, 11.5, 7.5, 14], "texture": "#0"},
				"east": {"uv": [5, 11.5, 7, 14], "texture": "#0"},
				"south": {"uv": [9.5, 11.5, 10, 14], "texture": "#0"},
				"west": {"uv": [7.5, 11.5, 9.5, 14], "texture": "#0"},
				"up": {"uv": [7.5, 11.5, 7, 9.5], "texture": "#0"},
				"down": {"uv": [8, 9.5, 7.5, 11.5], "texture": "#0"}
			}
		},
		{
			"name": "head",
			"from": [5, 6, 5],
			"to": [11, 7, 11],
			"rotation": {"angle": 0, "axis": "y", "origin": [8, 0, 8]},
			"faces": {
				"north": {"uv": [3, 3, 6, 3.5], "texture": "#0"},
				"east": {"uv": [0, 3, 3, 3.5], "texture": "#0"},
				"south": {"uv": [9, 3, 12, 3.5], "texture": "#0"},
				"west": {"uv": [6, 3, 9, 3.5], "texture": "#0"},
				"up": {"uv": [6, 3, 3, 0], "texture": "#0"},
				"down": {"uv": [9, 0, 6, 3], "texture": "#0"}
			}
		},
		{
			"name": "head",
			"from": [4, 2, 11],
			"to": [12, 7, 12],
			"rotation": {"angle": 0, "axis": "y", "origin": [8, 0, 8]},
			"faces": {
				"north": {"uv": [4.5, 4, 8.5, 6.5], "texture": "#0"},
				"east": {"uv": [4, 4, 4.5, 6.5], "texture": "#0"},
				"south": {"uv": [9, 4, 13, 6.5], "texture": "#0"},
				"west": {"uv": [8.5, 4, 9, 6.5], "texture": "#0"},
				"up": {"uv": [8.5, 4, 4.5, 3.5], "texture": "#0"},
				"down": {"uv": [12.5, 3.5, 8.5, 4], "texture": "#0"}
			}
		},
		{
			"name": "head",
			"from": [4, 3, 4],
			"to": [12, 7, 5],
			"rotation": {"angle": 0, "axis": "y", "origin": [8, 0, 8]},
			"faces": {
				"north": {"uv": [7.5, 7.5, 11.5, 9.5], "texture": "#0"},
				"east": {"uv": [7, 7.5, 7.5, 9.5], "texture": "#0"},
				"south": {"uv": [12, 7.5, 16, 9.5], "texture": "#0"},
				"west": {"uv": [11.5, 7.5, 12, 9.5], "texture": "#0"},
				"up": {"uv": [11.5, 7.5, 7.5, 7], "texture": "#0"},
				"down": {"uv": [15.5, 7, 11.5, 7.5], "texture": "#0"}
			}
		},
		{
			"name": "head",
			"from": [4, 0, 5],
			"to": [5, 7, 11],
			"rotation": {"angle": 0, "axis": "y", "origin": [9, 0, 8]},
			"faces": {
				"north": {"uv": [3, 6.5, 3.5, 10], "texture": "#0"},
				"east": {"uv": [0, 6.5, 3, 10], "texture": "#0"},
				"south": {"uv": [6.5, 6.5, 7, 10], "texture": "#0"},
				"west": {"uv": [3.5, 6.5, 6.5, 10], "texture": "#0"},
				"up": {"uv": [3.5, 6.5, 3, 3.5], "texture": "#0"},
				"down": {"uv": [4, 3.5, 3.5, 6.5], "texture": "#0"}
			}
		},
		{
			"name": "head",
			"from": [11, 0, 5],
			"to": [12, 7, 11],
			"shade": false,
			"rotation": {"angle": 0, "axis": "y", "origin": [7, 0, 8]},
			"faces": {
				"north": {"uv": [3.5, 6.5, 3, 10], "texture": "#0"},
				"east": {"uv": [6.5, 6.5, 3.5, 10], "texture": "#0"},
				"south": {"uv": [7, 6.5, 6.5, 10], "texture": "#0"},
				"west": {"uv": [3, 6.5, 0, 10], "texture": "#0"},
				"up": {"uv": [3, 6.5, 3.5, 3.5], "texture": "#0"},
				"down": {"uv": [3.5, 3.5, 4, 6.5], "texture": "#0"}
			}
		},
		{
			"name": "head",
			"from": [6, 3, 3],
			"to": [10, 6, 4],
			"rotation": {"angle": 0, "axis": "y", "origin": [8, 0, 8]},
			"faces": {
				"north": {"uv": [8.5, 10, 10.5, 11.5], "texture": "#0"},
				"east": {"uv": [8, 10, 8.5, 11.5], "texture": "#0"},
				"south": {"uv": [11, 10, 13, 11.5], "texture": "#0"},
				"west": {"uv": [10.5, 10, 11, 11.5], "texture": "#0"},
				"up": {"uv": [10.5, 10, 8.5, 9.5], "texture": "#0"},
				"down": {"uv": [12.5, 9.5, 10.5, 10], "texture": "#0"}
			}
		},
		{
			"name": "head",
			"from": [5, 3, 3],
			"to": [6, 5, 4],
			"rotation": {"angle": 0, "axis": "y", "origin": [8, 0, 8]},
			"faces": {
				"north": {"uv": [0.5, 0.5, 1, 1.5], "texture": "#0"},
				"east": {"uv": [0, 0.5, 0.5, 1.5], "texture": "#0"},
				"south": {"uv": [1.5, 0.5, 2, 1.5], "texture": "#0"},
				"west": {"uv": [1, 0.5, 1.5, 1.5], "texture": "#0"},
				"up": {"uv": [1, 0.5, 0.5, 0], "texture": "#0"},
				"down": {"uv": [1.5, 0, 1, 0.5], "texture": "#0"}
			}
		},
		{
			"name": "head",
			"from": [10, 3, 3],
			"to": [11, 5, 4],
			"shade": false,
			"rotation": {"angle": 0, "axis": "y", "origin": [8, 0, 8]},
			"faces": {
				"north": {"uv": [1, 0.5, 0.5, 1.5], "texture": "#0"},
				"east": {"uv": [1.5, 0.5, 1, 1.5], "texture": "#0"},
				"south": {"uv": [2, 0.5, 1.5, 1.5], "texture": "#0"},
				"west": {"uv": [0.5, 0.5, 0, 1.5], "texture": "#0"},
				"up": {"uv": [0.5, 0.5, 1, 0], "texture": "#0"},
				"down": {"uv": [1, 0, 1.5, 0.5], "texture": "#0"}
			}
		},
		{
			"name": "left_ear",
			"from": [11, 1, 6],
			"to": [12, 6, 10],
			"shade": false,
			"rotation": {"angle": 22.5, "axis": "z", "origin": [12, 6, 8]},
			"faces": {
				"north": {"uv": [7.5, 11.5, 7, 14], "texture": "#0"},
				"east": {"uv": [9.5, 11.5, 7.5, 14], "texture": "#0"},
				"south": {"uv": [10, 11.5, 9.5, 14], "texture": "#0"},
				"west": {"uv": [7, 11.5, 5, 14], "texture": "#0"},
				"up": {"uv": [7, 11.5, 7.5, 9.5], "texture": "#0"},
				"down": {"uv": [7.5, 9.5, 8, 11.5], "texture": "#0"}
			}
		}
	],
	"display": {
		"thirdperson_righthand": {
			"rotation": [0, -180, 0],
			"translation": [0, 4, 0],
			"scale": [0.6, 0.6, 0.6]
		},
		"thirdperson_lefthand": {
			"rotation": [0, -180, 0],
			"translation": [0, 4, 0],
			"scale": [0.6, 0.6, 0.6]
		},
		"firstperson_righthand": {
			"rotation": [0, -180, 0],
			"translation": [2, 1.5, 0],
			"scale": [0.6, 0.6, 0.6]
		},
		"firstperson_lefthand": {
			"rotation": [0, -180, 0],
			"translation": [2, 1.5, 0],
			"scale": [0.6, 0.6, 0.6]
		},
		"ground": {
			"translation": [0, 1, 0],
			"scale": [0.6, 0.6, 0.6]
		},
		"gui": {
			"rotation": [30, 225, 0],
			"translation": [0.25, 2.25, 0],
			"scale": [0.625, 0.625, 0.625]
		},
		"head": {
			"translation": [0, 17, 0],
			"scale": [2, 2, 2]
		},
		"fixed": {
			"translation": [0, 3, -3.25],
			"scale": [0.8, 0.8, 0.8]
		}
	},
	"groups": [
		{
			"name": "left_ear",
			"origin": [-5, 6, 0],
			"children": [0]
		},
		{
			"name": "Main",
			"origin": [0, 0, 0],
			"children": [
				{
					"name": "head",
					"origin": [0, -1, 0],
					"children": [1, 2, 3, 4, 5, 6, 7, 8]
				}
			]
		},
		{
			"name": "right_ear",
			"origin": [-5, 6, 0],
			"children": [9]
		}
	]
}