{
	"credit": "Made with Blockbench",
	"ambientocclusion": false,
	"texture_size": [128, 128],
	"textures": {
		"0": "craftadia/hats/pot_of_gold",
		"particle": "craftadia/hats/pot_of_gold"
	},
	"elements": [
		{
			"name": "pot",
			"from": [0, 0, 0],
			"to": [16, 2, 16],
			"faces": {
				"north": {"uv": [8, 8, 10, 8.25], "texture": "#0"},
				"east": {"uv": [6, 8, 8, 8.25], "texture": "#0"},
				"south": {"uv": [12, 8, 14, 8.25], "texture": "#0"},
				"west": {"uv": [10, 8, 12, 8.25], "texture": "#0"},
				"up": {"uv": [10, 8, 8, 6], "texture": "#0"},
				"down": {"uv": [12, 6, 10, 8], "texture": "#0"}
			}
		},
		{
			"name": "pot",
			"from": [0, 15, 0],
			"to": [16, 19, 16],
			"faces": {
				"north": {"uv": [2, 6.125, 4, 6.625], "texture": "#0"},
				"east": {"uv": [0, 6.125, 2, 6.625], "texture": "#0"},
				"south": {"uv": [6, 6.125, 8, 6.625], "texture": "#0"},
				"west": {"uv": [4, 6.125, 6, 6.625], "texture": "#0"},
				"up": {"uv": [4, 6.125, 2, 4.125], "texture": "#0"},
				"down": {"uv": [6, 4.125, 4, 6.125], "texture": "#0"}
			}
		},
		{
			"name": "pot",
			"from": [1, 19.9, 2],
			"to": [7, 21.9, 8],
			"faces": {
				"north": {"uv": [5.75, 7.375, 6.5, 7.625], "texture": "#0"},
				"east": {"uv": [5, 7.375, 5.75, 7.625], "texture": "#0"},
				"south": {"uv": [7.25, 7.375, 8, 7.625], "texture": "#0"},
				"west": {"uv": [6.5, 7.375, 7.25, 7.625], "texture": "#0"},
				"up": {"uv": [6.5, 7.375, 5.75, 6.625], "texture": "#0"},
				"down": {"uv": [7.25, 6.625, 6.5, 7.375], "texture": "#0"}
			}
		},
		{
			"name": "pot",
			"from": [4, 19, 10],
			"to": [5, 30, 11],
			"rotation": {"angle": 22.5, "axis": "z", "origin": [5, 19, 10.5]},
			"faces": {
				"north": {"uv": [0.125, 4.25, 0.25, 5.625], "texture": "#0"},
				"east": {"uv": [0, 4.25, 0.125, 5.625], "texture": "#0"},
				"south": {"uv": [0.375, 4.25, 0.5, 5.625], "texture": "#0"},
				"west": {"uv": [0.25, 4.25, 0.375, 5.625], "texture": "#0"},
				"up": {"uv": [0.25, 4.25, 0.125, 4.125], "texture": "#0"},
				"down": {"uv": [0.375, 4.125, 0.25, 4.25], "texture": "#0"}
			}
		},
		{
			"name": "pot",
			"from": [3.5, 30, 9.5],
			"to": [5.5, 31.5, 11.5],
			"rotation": {"angle": 22.5, "axis": "z", "origin": [5, 19, 10.5]},
			"faces": {
				"north": {"uv": [0.25, 1.75, 0.5, 1.875], "texture": "#0"},
				"east": {"uv": [0, 1.75, 0.25, 1.875], "texture": "#0"},
				"south": {"uv": [0.75, 1.75, 1, 1.875], "texture": "#0"},
				"west": {"uv": [0.5, 1.75, 0.75, 1.875], "texture": "#0"},
				"up": {"uv": [0.5, 1.75, 0.25, 1.5], "texture": "#0"},
				"down": {"uv": [0.75, 1.5, 0.5, 1.75], "texture": "#0"}
			}
		},
		{
			"name": "pot",
			"from": [-2, 26, 10.5],
			"to": [4, 30, 10.5],
			"rotation": {"angle": 22.5, "axis": "z", "origin": [5, 19, 10.5]},
			"faces": {
				"north": {"uv": [0.875, 0, 1.625, 0.5], "texture": "#0"},
				"east": {"uv": [0.875, 0, 0.875, 0.5], "texture": "#0"},
				"south": {"uv": [1.625, 0, 2.375, 0.5], "texture": "#0"},
				"west": {"uv": [1.625, 0, 1.625, 0.5], "texture": "#0"},
				"up": {"uv": [1.625, 0, 0.875, 0], "texture": "#0"},
				"down": {"uv": [2.375, 0, 1.625, 0], "texture": "#0"}
			}
		},
		{
			"name": "pot",
			"from": [5.25, 19.5, 1],
			"to": [11.25, 21.5, 7],
			"rotation": {"angle": -45, "axis": "z", "origin": [9.97207, 21.00869, 5.01925]},
			"faces": {
				"north": {"uv": [5.75, 7.375, 6.5, 7.625], "texture": "#0"},
				"east": {"uv": [5, 7.375, 5.75, 7.625], "texture": "#0"},
				"south": {"uv": [7.25, 7.375, 8, 7.625], "texture": "#0"},
				"west": {"uv": [6.5, 7.375, 7.25, 7.625], "texture": "#0"},
				"up": {"uv": [6.5, 7.375, 5.75, 6.625], "texture": "#0"},
				"down": {"uv": [7.25, 6.625, 6.5, 7.375], "texture": "#0"}
			}
		},
		{
			"name": "pot",
			"from": [1.94937, 17.9, 2.00179],
			"to": [7.94937, 19.9, 8.00179],
			"rotation": {"angle": -45, "axis": "y", "origin": [3.97558, 18.99821, 5.02621]},
			"faces": {
				"north": {"uv": [5.75, 7.375, 6.5, 7.625], "texture": "#0"},
				"east": {"uv": [5, 7.375, 5.75, 7.625], "texture": "#0"},
				"south": {"uv": [7.25, 7.375, 8, 7.625], "texture": "#0"},
				"west": {"uv": [6.5, 7.375, 7.25, 7.625], "texture": "#0"},
				"up": {"uv": [6.5, 7.375, 5.75, 6.625], "texture": "#0"},
				"down": {"uv": [7.25, 6.625, 6.5, 7.375], "texture": "#0"}
			}
		},
		{
			"name": "pot",
			"from": [8, 21, 8.75],
			"to": [14, 23, 14.75],
			"rotation": {"angle": 22.5, "axis": "y", "origin": [11, 22, 11]},
			"faces": {
				"north": {"uv": [5.75, 7.375, 6.5, 7.625], "texture": "#0"},
				"east": {"uv": [5, 7.375, 5.75, 7.625], "texture": "#0"},
				"south": {"uv": [7.25, 7.375, 8, 7.625], "texture": "#0"},
				"west": {"uv": [6.5, 7.375, 7.25, 7.625], "texture": "#0"},
				"up": {"uv": [6.5, 7.375, 5.75, 6.625], "texture": "#0"},
				"down": {"uv": [7.25, 6.625, 6.5, 7.375], "texture": "#0"}
			}
		},
		{
			"name": "pot",
			"from": [8, 23, 7.75],
			"to": [14, 25, 13.75],
			"rotation": {"angle": -22.5, "axis": "y", "origin": [11, 22, 11]},
			"faces": {
				"north": {"uv": [5.75, 7.375, 6.5, 7.625], "texture": "#0"},
				"east": {"uv": [5, 7.375, 5.75, 7.625], "texture": "#0"},
				"south": {"uv": [7.25, 7.375, 8, 7.625], "texture": "#0"},
				"west": {"uv": [6.5, 7.375, 7.25, 7.625], "texture": "#0"},
				"up": {"uv": [6.5, 7.375, 5.75, 6.625], "texture": "#0"},
				"down": {"uv": [7.25, 6.625, 6.5, 7.375], "texture": "#0"}
			}
		},
		{
			"name": "pot",
			"from": [8, 19, 8],
			"to": [14, 21, 14],
			"rotation": {"angle": 0, "axis": "y", "origin": [12, 8, 8]},
			"faces": {
				"north": {"uv": [5.75, 7.375, 6.5, 7.625], "texture": "#0"},
				"east": {"uv": [5, 7.375, 5.75, 7.625], "texture": "#0"},
				"south": {"uv": [7.25, 7.375, 8, 7.625], "texture": "#0"},
				"west": {"uv": [6.5, 7.375, 7.25, 7.625], "texture": "#0"},
				"up": {"uv": [6.5, 7.375, 5.75, 6.625], "texture": "#0"},
				"down": {"uv": [7.25, 6.625, 6.5, 7.375], "texture": "#0"}
			}
		},
		{
			"name": "pot",
			"from": [-2, 17, -2],
			"to": [18, 20, 1],
			"faces": {
				"north": {"uv": [6.375, 5.25, 8.875, 5.625], "texture": "#0"},
				"east": {"uv": [6, 5.25, 6.375, 5.625], "texture": "#0"},
				"south": {"uv": [9.25, 5.25, 11.75, 5.625], "texture": "#0"},
				"west": {"uv": [8.875, 5.25, 9.25, 5.625], "texture": "#0"},
				"up": {"uv": [8.875, 5.25, 6.375, 4.875], "texture": "#0"},
				"down": {"uv": [11.375, 4.875, 8.875, 5.25], "texture": "#0"}
			}
		},
		{
			"name": "pot",
			"from": [-2, 17, 15],
			"to": [18, 20, 18],
			"faces": {
				"north": {"uv": [6.375, 4.5, 8.875, 4.875], "texture": "#0"},
				"east": {"uv": [6, 4.5, 6.375, 4.875], "texture": "#0"},
				"south": {"uv": [9.25, 4.5, 11.75, 4.875], "texture": "#0"},
				"west": {"uv": [8.875, 4.5, 9.25, 4.875], "texture": "#0"},
				"up": {"uv": [8.875, 4.5, 6.375, 4.125], "texture": "#0"},
				"down": {"uv": [11.375, 4.125, 8.875, 4.5], "texture": "#0"}
			}
		},
		{
			"name": "pot",
			"from": [15, 17, 1],
			"to": [18, 20, 15],
			"faces": {
				"north": {"uv": [4.25, 8.75, 4.625, 9.125], "texture": "#0"},
				"east": {"uv": [2.5, 8.75, 4.25, 9.125], "texture": "#0"},
				"south": {"uv": [6.375, 8.75, 6.75, 9.125], "texture": "#0"},
				"west": {"uv": [4.625, 8.75, 6.375, 9.125], "texture": "#0"},
				"up": {"uv": [4.625, 8.75, 4.25, 7], "texture": "#0"},
				"down": {"uv": [5, 7, 4.625, 8.75], "texture": "#0"}
			}
		},
		{
			"name": "pot",
			"from": [-2, 17, 1],
			"to": [1, 20, 15],
			"faces": {
				"north": {"uv": [1.75, 8.375, 2.125, 8.75], "texture": "#0"},
				"east": {"uv": [0, 8.375, 1.75, 8.75], "texture": "#0"},
				"south": {"uv": [3.875, 8.375, 4.25, 8.75], "texture": "#0"},
				"west": {"uv": [2.125, 8.375, 3.875, 8.75], "texture": "#0"},
				"up": {"uv": [2.125, 8.375, 1.75, 6.625], "texture": "#0"},
				"down": {"uv": [2.5, 6.625, 2.125, 8.375], "texture": "#0"}
			}
		},
		{
			"name": "pot",
			"from": [-2, 2, -2],
			"to": [18, 15, 18],
			"faces": {
				"north": {"uv": [2.5, 2.5, 5, 4.125], "texture": "#0"},
				"east": {"uv": [0, 2.5, 2.5, 4.125], "texture": "#0"},
				"south": {"uv": [7.5, 2.5, 10, 4.125], "texture": "#0"},
				"west": {"uv": [5, 2.5, 7.5, 4.125], "texture": "#0"},
				"up": {"uv": [5, 2.5, 2.5, 0], "texture": "#0"},
				"down": {"uv": [7.5, 0, 5, 2.5], "texture": "#0"}
			}
		},
		{
			"name": "pot",
			"from": [-3, 12, 5],
			"to": [-2, 14, 11],
			"faces": {
				"north": {"uv": [1.5, 1.5, 1.625, 1.75], "texture": "#0"},
				"east": {"uv": [0.75, 1.5, 1.5, 1.75], "texture": "#0"},
				"south": {"uv": [2.375, 1.5, 2.5, 1.75], "texture": "#0"},
				"west": {"uv": [1.625, 1.5, 2.375, 1.75], "texture": "#0"},
				"up": {"uv": [1.625, 1.5, 1.5, 0.75], "texture": "#0"},
				"down": {"uv": [1.75, 0.75, 1.625, 1.5], "texture": "#0"}
			}
		},
		{
			"name": "pot",
			"from": [-2.5, 7, 5.5],
			"to": [-1.5, 12, 10.5],
			"rotation": {"angle": -22.5, "axis": "z", "origin": [-2, 12, 8]},
			"faces": {
				"north": {"uv": [0.625, 0.625, 0.75, 1.25], "texture": "#0"},
				"east": {"uv": [0, 0.625, 0.625, 1.25], "texture": "#0"},
				"south": {"uv": [1.375, 0.625, 1.5, 1.25], "texture": "#0"},
				"west": {"uv": [0.75, 0.625, 1.375, 1.25], "texture": "#0"},
				"up": {"uv": [0.75, 0.625, 0.625, 0], "texture": "#0"},
				"down": {"uv": [0.875, 0, 0.75, 0.625], "texture": "#0"}
			}
		},
		{
			"name": "pot",
			"from": [17.5, 7, 5.5],
			"to": [18.5, 12, 10.5],
			"rotation": {"angle": 22.5, "axis": "z", "origin": [18, 12, 8]},
			"faces": {
				"north": {"uv": [0.625, 0.625, 0.75, 1.25], "texture": "#0"},
				"east": {"uv": [0, 0.625, 0.625, 1.25], "texture": "#0"},
				"south": {"uv": [1.375, 0.625, 1.5, 1.25], "texture": "#0"},
				"west": {"uv": [0.75, 0.625, 1.375, 1.25], "texture": "#0"},
				"up": {"uv": [0.75, 0.625, 0.625, 0], "texture": "#0"},
				"down": {"uv": [0.875, 0, 0.75, 0.625], "texture": "#0"}
			}
		},
		{
			"name": "pot",
			"from": [18, 12, 5],
			"to": [19, 14, 11],
			"faces": {
				"north": {"uv": [1.5, 1.5, 1.625, 1.75], "texture": "#0"},
				"east": {"uv": [0.75, 1.5, 1.5, 1.75], "texture": "#0"},
				"south": {"uv": [2.375, 1.5, 2.5, 1.75], "texture": "#0"},
				"west": {"uv": [1.625, 1.5, 2.375, 1.75], "texture": "#0"},
				"up": {"uv": [1.625, 1.5, 1.5, 0.75], "texture": "#0"},
				"down": {"uv": [1.75, 0.75, 1.625, 1.5], "texture": "#0"}
			}
		}
	],
	"display": {
		"gui": {
			"rotation": [16.25, 155.75, 0],
			"translation": [0, -3, 0],
			"scale": [0.5, 0.5, 0.5]
		},
		"head": {
			"translation": [0, 14, 0]
		}
	},
	"groups": [
		{
			"name": "elements",
			"origin": [8, 8, 8],
			"children": [
				{
					"name": "potOfGold",
					"origin": [8, 8, 8],
					"children": [0, 1, 2, 3, 4, 5, 6, 7, 8, 9, 10, 11, 12, 13, 14, 15, 16, 17, 18, 19]
				}
			]
		}
	]
}