{
	"credit": "Made with Blockbench",
	"ambientocclusion": false,
	"texture_size": [32, 32],
	"textures": {
		"0": "craftadia/hats/pumpkin_hat",
		"particle": "craftadia/hats/pumpkin_hat"
	},
	"elements": [
		{
			"from": [3.4, 7.9, 3.4],
			"to": [12.6, 9.1, 12.6],
			"rotation": {"angle": 0, "axis": "y", "origin": [8, 9, 8]},
			"faces": {
				"north": {"uv": [0, 0.5, 4.5, 1], "texture": "#0"},
				"east": {"uv": [4.5, 5, 9, 5.5], "texture": "#0"},
				"south": {"uv": [0, 5.5, 4.5, 6], "texture": "#0"},
				"west": {"uv": [9, 9.5, 13.5, 10], "texture": "#0"},
				"up": {"uv": [13.5, 4.5, 9, 0], "texture": "#0"},
				"down": {"uv": [13.5, 0, 9, 4.5], "texture": "#0"}
			}
		},
		{
			"from": [3.1, 8.5, 3.1],
			"to": [12.9, 10.3, 12.9],
			"rotation": {"angle": 0, "axis": "y", "origin": [8, 9.9, 8]},
			"faces": {
				"north": {"uv": [0, 0, 4.5, 0.5], "texture": "#0"},
				"east": {"uv": [4.5, 4.5, 9, 5], "texture": "#0"},
				"south": {"uv": [0, 5, 4.5, 5.5], "texture": "#0"},
				"west": {"uv": [9, 9, 13.5, 9.5], "texture": "#0"},
				"up": {"uv": [9, 4.5, 4.5, 0], "texture": "#0"},
				"down": {"uv": [13.5, 0, 9, 4.5], "texture": "#0"}
			}
		},
		{
			"from": [3.1, -0.9, 3.1],
			"to": [12.9, 7.9, 12.9],
			"rotation": {"angle": 0, "axis": "y", "origin": [8, 7.5, 8]},
			"faces": {
				"north": {"uv": [0, 1, 4.5, 5], "texture": "#0"},
				"east": {"uv": [4.5, 5.5, 9, 9.5], "texture": "#0"},
				"south": {"uv": [0, 6, 4.5, 10], "texture": "#0"},
				"west": {"uv": [9, 10, 13.5, 14], "texture": "#0"},
				"up": {"uv": [13.5, 4.5, 9, 0], "texture": "#0"},
				"down": {"uv": [13.5, 0, 9, 4.5], "texture": "#0"}
			}
		},
		{
			"from": [6, 9.925, 6],
			"to": [10, 10.925, 10],
			"rotation": {"angle": 0, "axis": "y", "origin": [8, 7.975, 8]},
			"faces": {
				"north": {"uv": [9, 8.5, 11, 9], "texture": "#0"},
				"east": {"uv": [0, 10, 2, 10.5], "texture": "#0"},
				"south": {"uv": [2, 10, 4, 10.5], "texture": "#0"},
				"west": {"uv": [0, 10.5, 2, 11], "texture": "#0"},
				"up": {"uv": [11, 6.5, 9, 4.5], "texture": "#0"},
				"down": {"uv": [11, 6.5, 9, 8.5], "texture": "#0"}
			}
		},
		{
			"from": [6.8, 10.425, 7],
			"to": [8.8, 14.425, 9],
			"rotation": {"angle": 22.5, "axis": "z", "origin": [7.8, 11.425, 8]},
			"faces": {
				"north": {"uv": [4.5, 9.5, 5.5, 11.5], "texture": "#0"},
				"east": {"uv": [5.5, 9.5, 6.5, 11.5], "texture": "#0"},
				"south": {"uv": [6.5, 9.5, 7.5, 11.5], "texture": "#0"},
				"west": {"uv": [7.5, 9.5, 8.5, 11.5], "texture": "#0"},
				"up": {"uv": [3, 11.5, 2, 10.5], "texture": "#0"},
				"down": {"uv": [4, 10.5, 3, 11.5], "texture": "#0"}
			}
		},
		{
			"from": [4.8, 12.425, 7],
			"to": [6.8, 14.425, 9],
			"rotation": {"angle": 22.5, "axis": "z", "origin": [7.8, 11.425, 8]},
			"faces": {
				"north": {"uv": [0, 11, 1, 12], "texture": "#0"},
				"east": {"uv": [1, 11, 2, 12], "texture": "#0"},
				"south": {"uv": [11, 4.5, 12, 5.5], "texture": "#0"},
				"west": {"uv": [11, 5.5, 12, 6.5], "texture": "#0"},
				"up": {"uv": [12, 7.5, 11, 6.5], "texture": "#0"},
				"down": {"uv": [12, 7.5, 11, 8.5], "texture": "#0"}
			}
		}
	],
	"display": {
		"thirdperson_righthand": {
			"scale": [0.52, 0.52, 0.52]
		},
		"thirdperson_lefthand": {
			"scale": [0.52, 0.52, 0.52]
		},
		"ground": {
			"translation": [0, 5.5, 0],
			"scale": [0.65, 0.65, 0.65]
		},
		"gui": {
			"rotation": [35, -147, 0],
			"translation": [0, 2.5, 0],
			"scale": [0.86, 0.86, 0.86]
		},
		"head": {
			"translation": [0, 5.5, 0],
			"scale": [1.66, 1.54, 1.66]
		},
		"fixed": {
			"translation": [0, 3, 0]
		}
	},
	"groups": [
		{
			"name": "group",
			"origin": [8, 11.45, 8],
			"children": [0, 1, 2, 3, 4, 5]
		}
	]
}