{
	"credit": "Made by CookiesNom with Blockbench",
	"textures": {
		"0": "craftadia/hats/reindeer",
		"particle": "craftadia/hats/reindeer"
	},
	"elements": [
		{
			"name": "head",
			"from": [2.5, 12.5, 7],
			"to": [13.5, 13.5, 9],
			"rotation": {"angle": 0, "axis": "y", "origin": [7, 10.5, 8]},
			"faces": {
				"north": {"uv": [1, 1, 6.5, 1.5], "texture": "#0"},
				"east": {"uv": [0, 1, 1, 1.5], "texture": "#0"},
				"south": {"uv": [7.5, 1, 13, 1.5], "texture": "#0"},
				"west": {"uv": [6.5, 1, 7.5, 1.5], "texture": "#0"},
				"up": {"uv": [6.5, 1, 1, 0], "texture": "#0"},
				"down": {"uv": [12, 0, 6.5, 1], "texture": "#0"}
			}
		},
		{
			"name": "head",
			"from": [10.5, 13.5, 7.5],
			"to": [12, 16, 8.5],
			"rotation": {"angle": 0, "axis": "y", "origin": [7, 11.5, 8]},
			"faces": {
				"north": {"uv": [0.5, 6, 1.25, 7.25], "texture": "#0"},
				"east": {"uv": [0, 6, 0.5, 7.25], "texture": "#0"},
				"south": {"uv": [1.75, 6, 2.5, 7.25], "texture": "#0"},
				"west": {"uv": [1.25, 6, 1.75, 7.25], "texture": "#0"},
				"up": {"uv": [1.25, 6, 0.5, 5.5], "texture": "#0"},
				"down": {"uv": [2, 5.5, 1.25, 6], "texture": "#0"}
			}
		},
		{
			"name": "head",
			"from": [4, 13.5, 7.5],
			"to": [5.5, 16, 8.5],
			"rotation": {"angle": 0, "axis": "y", "origin": [9, 11.5, 8]},
			"faces": {
				"north": {"uv": [1.25, 6, 0.5, 7.25], "texture": "#0"},
				"east": {"uv": [1.75, 6, 1.25, 7.25], "texture": "#0"},
				"south": {"uv": [2.5, 6, 1.75, 7.25], "texture": "#0"},
				"west": {"uv": [0.5, 6, 0, 7.25], "texture": "#0"},
				"up": {"uv": [0.5, 6, 1.25, 5.5], "texture": "#0"},
				"down": {"uv": [1.25, 5.5, 2, 6], "texture": "#0"}
			}
		},
		{
			"name": "head",
			"from": [10.07926, 16.11522, 7.5],
			"to": [11.07926, 18.11522, 8.5],
			"rotation": {"angle": 22.5, "axis": "z", "origin": [10.57926, 17.11522, 8]},
			"faces": {
				"north": {"uv": [5, 7, 5.5, 8], "texture": "#0"},
				"east": {"uv": [4.5, 7, 5, 8], "texture": "#0"},
				"south": {"uv": [6, 7, 6.5, 8], "texture": "#0"},
				"west": {"uv": [5.5, 7, 6, 8], "texture": "#0"},
				"up": {"uv": [5.5, 7, 5, 6.5], "texture": "#0"},
				"down": {"uv": [6, 6.5, 5.5, 7], "texture": "#0"}
			}
		},
		{
			"name": "head",
			"from": [4.92074, 16.11522, 7.5],
			"to": [5.92074, 18.11522, 8.5],
			"rotation": {"angle": -22.5, "axis": "z", "origin": [5.42074, 17.11522, 8]},
			"faces": {
				"north": {"uv": [5.5, 7, 5, 8], "texture": "#0"},
				"east": {"uv": [6, 7, 5.5, 8], "texture": "#0"},
				"south": {"uv": [6.5, 7, 6, 8], "texture": "#0"},
				"west": {"uv": [5, 7, 4.5, 8], "texture": "#0"},
				"up": {"uv": [5, 7, 5.5, 6.5], "texture": "#0"},
				"down": {"uv": [5.5, 6.5, 6, 7], "texture": "#0"}
			}
		},
		{
			"name": "head",
			"from": [11.20426, 18.86522, 7.5],
			"to": [12.20426, 20.86522, 8.5],
			"rotation": {"angle": 22.5, "axis": "z", "origin": [11.70426, 19.86522, 8]},
			"faces": {
				"north": {"uv": [3, 7, 3.5, 8], "texture": "#0"},
				"east": {"uv": [2.5, 7, 3, 8], "texture": "#0"},
				"south": {"uv": [4, 7, 4.5, 8], "texture": "#0"},
				"west": {"uv": [3.5, 7, 4, 8], "texture": "#0"},
				"up": {"uv": [3.5, 7, 3, 6.5], "texture": "#0"},
				"down": {"uv": [4, 6.5, 3.5, 7], "texture": "#0"}
			}
		},
		{
			"name": "head",
			"from": [3.79574, 18.86522, 7.5],
			"to": [4.79574, 20.86522, 8.5],
			"rotation": {"angle": -22.5, "axis": "z", "origin": [4.29574, 19.86522, 8]},
			"faces": {
				"north": {"uv": [3.5, 7, 3, 8], "texture": "#0"},
				"east": {"uv": [4, 7, 3.5, 8], "texture": "#0"},
				"south": {"uv": [4.5, 7, 4, 8], "texture": "#0"},
				"west": {"uv": [3, 7, 2.5, 8], "texture": "#0"},
				"up": {"uv": [3, 7, 3.5, 6.5], "texture": "#0"},
				"down": {"uv": [3.5, 6.5, 4, 7], "texture": "#0"}
			}
		},
		{
			"name": "head",
			"from": [12.14176, 17.11522, 7.5],
			"to": [14.14176, 18.11522, 8.5],
			"rotation": {"angle": 22.5, "axis": "z", "origin": [13.14176, 17.61522, 8]},
			"faces": {
				"north": {"uv": [6, 6, 7, 6.5], "texture": "#0"},
				"east": {"uv": [5.5, 6, 6, 6.5], "texture": "#0"},
				"south": {"uv": [7.5, 6, 8.5, 6.5], "texture": "#0"},
				"west": {"uv": [7, 6, 7.5, 6.5], "texture": "#0"},
				"up": {"uv": [7, 6, 6, 5.5], "texture": "#0"},
				"down": {"uv": [8, 5.5, 7, 6], "texture": "#0"}
			}
		},
		{
			"name": "head",
			"from": [1.85824, 17.11522, 7.5],
			"to": [3.85824, 18.11522, 8.5],
			"rotation": {"angle": -22.5, "axis": "z", "origin": [2.85824, 17.61522, 8]},
			"faces": {
				"north": {"uv": [7, 6, 6, 6.5], "texture": "#0"},
				"east": {"uv": [7.5, 6, 7, 6.5], "texture": "#0"},
				"south": {"uv": [8.5, 6, 7.5, 6.5], "texture": "#0"},
				"west": {"uv": [6, 6, 5.5, 6.5], "texture": "#0"},
				"up": {"uv": [6, 6, 7, 5.5], "texture": "#0"},
				"down": {"uv": [7, 5.5, 8, 6], "texture": "#0"}
			}
		},
		{
			"name": "head",
			"from": [13.53177, 20.39, 7.5],
			"to": [15.53177, 21.39, 8.5],
			"rotation": {"angle": 22.5, "axis": "z", "origin": [14.53177, 20.89, 8]},
			"faces": {
				"north": {"uv": [2.5, 2, 3.5, 2.5], "texture": "#0"},
				"east": {"uv": [2, 2, 2.5, 2.5], "texture": "#0"},
				"south": {"uv": [4, 2, 5, 2.5], "texture": "#0"},
				"west": {"uv": [3.5, 2, 4, 2.5], "texture": "#0"},
				"up": {"uv": [3.5, 2, 2.5, 1.5], "texture": "#0"},
				"down": {"uv": [4.5, 1.5, 3.5, 2], "texture": "#0"}
			}
		},
		{
			"name": "head",
			"from": [0.46823, 20.39, 7.5],
			"to": [2.46823, 21.39, 8.5],
			"rotation": {"angle": -22.5, "axis": "z", "origin": [1.46823, 20.89, 8]},
			"faces": {
				"north": {"uv": [3.5, 2, 2.5, 2.5], "texture": "#0"},
				"east": {"uv": [4, 2, 3.5, 2.5], "texture": "#0"},
				"south": {"uv": [5, 2, 4, 2.5], "texture": "#0"},
				"west": {"uv": [2.5, 2, 2, 2.5], "texture": "#0"},
				"up": {"uv": [2.5, 2, 3.5, 1.5], "texture": "#0"},
				"down": {"uv": [3.5, 1.5, 4.5, 2], "texture": "#0"}
			}
		},
		{
			"name": "head",
			"from": [10.92026, 15.61684, 7.499],
			"to": [12.42226, 21.61884, 8.501],
			"rotation": {"angle": -22.5, "axis": "z", "origin": [11.67126, 16.86784, 8]},
			"faces": {
				"north": {"uv": [3.5, 3.5, 4.25, 6.5], "texture": "#0"},
				"east": {"uv": [3, 3.5, 3.5, 6.5], "texture": "#0"},
				"south": {"uv": [4.75, 3.5, 5.5, 6.5], "texture": "#0"},
				"west": {"uv": [4.25, 3.5, 4.75, 6.5], "texture": "#0"},
				"up": {"uv": [4.25, 3.5, 3.5, 3], "texture": "#0"},
				"down": {"uv": [5, 3, 4.25, 3.5], "texture": "#0"}
			}
		},
		{
			"name": "head",
			"from": [3.57774, 15.61684, 7.499],
			"to": [5.07974, 21.61884, 8.501],
			"rotation": {"angle": 22.5, "axis": "z", "origin": [4.32874, 16.86784, 8]},
			"faces": {
				"north": {"uv": [4.25, 3.5, 3.5, 6.5], "texture": "#0"},
				"east": {"uv": [4.75, 3.5, 4.25, 6.5], "texture": "#0"},
				"south": {"uv": [5.5, 3.5, 4.75, 6.5], "texture": "#0"},
				"west": {"uv": [3.5, 3.5, 3, 6.5], "texture": "#0"},
				"up": {"uv": [3.5, 3.5, 4.25, 3], "texture": "#0"},
				"down": {"uv": [4.25, 3, 5, 3.5], "texture": "#0"}
			}
		},
		{
			"name": "head",
			"from": [10.92126, 21.61784, 7.5],
			"to": [11.92126, 23.61784, 8.5],
			"rotation": {"angle": -22.5, "axis": "z", "origin": [11.67126, 16.86784, 8]},
			"faces": {
				"north": {"uv": [6, 4, 6.5, 5], "texture": "#0"},
				"east": {"uv": [5.5, 4, 6, 5], "texture": "#0"},
				"south": {"uv": [7, 4, 7.5, 5], "texture": "#0"},
				"west": {"uv": [6.5, 4, 7, 5], "texture": "#0"},
				"up": {"uv": [6.5, 4, 6, 3.5], "texture": "#0"},
				"down": {"uv": [7, 3.5, 6.5, 4], "texture": "#0"}
			}
		},
		{
			"name": "head",
			"from": [4.07874, 21.61784, 7.5],
			"to": [5.07874, 23.61784, 8.5],
			"rotation": {"angle": 22.5, "axis": "z", "origin": [4.32874, 16.86784, 8]},
			"faces": {
				"north": {"uv": [6.5, 4, 6, 5], "texture": "#0"},
				"east": {"uv": [7, 4, 6.5, 5], "texture": "#0"},
				"south": {"uv": [7.5, 4, 7, 5], "texture": "#0"},
				"west": {"uv": [6, 4, 5.5, 5], "texture": "#0"},
				"up": {"uv": [6, 4, 6.5, 3.5], "texture": "#0"},
				"down": {"uv": [6.5, 3.5, 7, 4], "texture": "#0"}
			}
		},
		{
			"name": "head",
			"from": [13, 12.125, 7.5],
			"to": [15, 15.125, 8.5],
			"rotation": {"angle": -45, "axis": "z", "origin": [14, 13.875, 8]},
			"faces": {
				"north": {"uv": [5.5, 2, 6.5, 3.5], "texture": "#0"},
				"east": {"uv": [5, 2, 5.5, 3.5], "texture": "#0"},
				"south": {"uv": [7, 2, 8, 3.5], "texture": "#0"},
				"west": {"uv": [6.5, 2, 7, 3.5], "texture": "#0"},
				"up": {"uv": [6.5, 2, 5.5, 1.5], "texture": "#0"},
				"down": {"uv": [7.5, 1.5, 6.5, 2], "texture": "#0"}
			}
		},
		{
			"name": "head",
			"from": [1, 12.125, 7.5],
			"to": [3, 15.125, 8.5],
			"rotation": {"angle": 45, "axis": "z", "origin": [2, 13.875, 8]},
			"faces": {
				"north": {"uv": [6.5, 2, 5.5, 3.5], "texture": "#0"},
				"east": {"uv": [7, 2, 6.5, 3.5], "texture": "#0"},
				"south": {"uv": [8, 2, 7, 3.5], "texture": "#0"},
				"west": {"uv": [5.5, 2, 5, 3.5], "texture": "#0"},
				"up": {"uv": [5.5, 2, 6.5, 1.5], "texture": "#0"},
				"down": {"uv": [6.5, 1.5, 7.5, 2], "texture": "#0"}
			}
		},
		{
			"name": "head",
			"from": [12.5, 6.5, 7],
			"to": [13.5, 12.5, 9],
			"rotation": {"angle": 0, "axis": "y", "origin": [7, 10.5, 8]},
			"faces": {
				"north": {"uv": [1, 2.5, 1.5, 5.5], "texture": "#0"},
				"east": {"uv": [0, 2.5, 1, 5.5], "texture": "#0"},
				"south": {"uv": [2.5, 2.5, 3, 5.5], "texture": "#0"},
				"west": {"uv": [1.5, 2.5, 2.5, 5.5], "texture": "#0"},
				"up": {"uv": [1.5, 2.5, 1, 1.5], "texture": "#0"},
				"down": {"uv": [2, 1.5, 1.5, 2.5], "texture": "#0"}
			}
		},
		{
			"name": "head",
			"from": [2.5, 6.5, 7],
			"to": [3.5, 12.5, 9],
			"rotation": {"angle": 0, "axis": "y", "origin": [9, 10.5, 8]},
			"faces": {
				"north": {"uv": [1.5, 2.5, 1, 5.5], "texture": "#0"},
				"east": {"uv": [2.5, 2.5, 1.5, 5.5], "texture": "#0"},
				"south": {"uv": [3, 2.5, 2.5, 5.5], "texture": "#0"},
				"west": {"uv": [1, 2.5, 0, 5.5], "texture": "#0"},
				"up": {"uv": [1, 2.5, 1.5, 1.5], "texture": "#0"},
				"down": {"uv": [1.5, 1.5, 2, 2.5], "texture": "#0"}
			}
		}
	],
	"display": {
		"thirdperson_righthand": {
			"rotation": [75, 45, 0],
			"translation": [0, 2.5, 0],
			"scale": [0.375, 0.375, 0.375]
		},
		"thirdperson_lefthand": {
			"rotation": [75, 45, 0],
			"translation": [0, 2.5, 0],
			"scale": [0.375, 0.375, 0.375]
		},
		"firstperson_righthand": {
			"rotation": [0, 45, 0],
			"scale": [0.4, 0.4, 0.4]
		},
		"firstperson_lefthand": {
			"rotation": [0, 45, 0],
			"scale": [0.4, 0.4, 0.4]
		},
		"ground": {
			"translation": [0, 3, 0],
			"scale": [0.25, 0.25, 0.25]
		},
		"gui": {
			"rotation": [30, 45, 0],
			"translation": [0, -4, 0],
			"scale": [0.625, 0.625, 0.625]
		},
		"head": {
			"rotation": [16, 180, 0],
			"translation": [0, 0.25, -0.75],
			"scale": [1.45, 1.45, 1.45]
		},
		"fixed": {
			"rotation": [0, 180, 0],
			"translation": [0, -7.5, 0]
		}
	}
}