{
	"credit": "Made with Blockbench",
	"texture_size": [64, 32],
	"textures": {
		"0": "craftadia/hats/shepherd_hat",
		"particle": "craftadia/hats/shepherd_hat"
	},
	"elements": [
		{
			"from": [4, 12, 2],
			"to": [12, 12, 13],
			"rotation": {"angle": 0, "axis": "y", "origin": [13, 13, 21]},
			"faces": {
				"north": {"uv": [5.25, 5.5, 7.25, 5.5], "texture": "#0"},
				"east": {"uv": [2.5, 5.5, 5.25, 5.5], "texture": "#0"},
				"south": {"uv": [10, 5.5, 12, 5.5], "texture": "#0"},
				"west": {"uv": [7.25, 5.5, 10, 5.5], "texture": "#0"},
				"up": {"uv": [7.25, 5.5, 5.25, 0], "texture": "#0"},
				"down": {"uv": [9.25, 0, 7.25, 5.5], "texture": "#0"}
			}
		},
		{
			"from": [4, 4, 5],
			"to": [12, 4, 7],
			"rotation": {"angle": 0, "axis": "y", "origin": [13, 4, 21]},
			"faces": {
				"north": {"uv": [9, 8, 11, 8], "texture": "#0"},
				"east": {"uv": [8.5, 8, 9, 8], "texture": "#0"},
				"south": {"uv": [11.5, 8, 13.5, 8], "texture": "#0"},
				"west": {"uv": [11, 8, 11.5, 8], "texture": "#0"},
				"up": {"uv": [11, 8, 9, 7], "texture": "#0"},
				"down": {"uv": [13, 7, 11, 8], "texture": "#0"}
			}
		},
		{
			"from": [4, -1, 5],
			"to": [4, 4, 7],
			"rotation": {"angle": 0, "axis": "y", "origin": [13, 4, 21]},
			"faces": {
				"north": {"uv": [6.5, 6, 6.5, 8.5], "texture": "#0"},
				"east": {"uv": [6, 6, 6.5, 8.5], "texture": "#0"},
				"south": {"uv": [7, 6, 7, 8.5], "texture": "#0"},
				"west": {"uv": [6.5, 6, 7, 8.5], "texture": "#0"},
				"up": {"uv": [6.5, 6, 6.5, 5], "texture": "#0"},
				"down": {"uv": [6.5, 5, 6.5, 6], "texture": "#0"}
			}
		},
		{
			"from": [12, -1, 5],
			"to": [12, 4, 7],
			"rotation": {"angle": 0, "axis": "y", "origin": [3, 4, 21]},
			"faces": {
				"north": {"uv": [6.5, 6, 6.5, 8.5], "texture": "#0"},
				"east": {"uv": [6, 6, 6.5, 8.5], "texture": "#0"},
				"south": {"uv": [7, 6, 7, 8.5], "texture": "#0"},
				"west": {"uv": [6.5, 6, 7, 8.5], "texture": "#0"},
				"up": {"uv": [6.5, 6, 6.5, 5], "texture": "#0"},
				"down": {"uv": [6.5, 5, 6.5, 6], "texture": "#0"}
			}
		},
		{
			"from": [4, 4, 2],
			"to": [4, 12, 13],
			"rotation": {"angle": 0, "axis": "y", "origin": [12, 13, 21]},
			"faces": {
				"north": {"uv": [2.75, 5.5, 2.75, 9.5], "texture": "#0"},
				"east": {"uv": [0, 5.5, 2.75, 9.5], "texture": "#0"},
				"south": {"uv": [5.5, 5.5, 5.5, 9.5], "texture": "#0"},
				"west": {"uv": [2.75, 5.5, 5.5, 9.5], "texture": "#0"},
				"up": {"uv": [2.75, 5.5, 2.75, 0], "texture": "#0"},
				"down": {"uv": [2.75, 0, 2.75, 5.5], "texture": "#0"}
			}
		},
		{
			"from": [4, 4, 13],
			"to": [12, 12, 13],
			"rotation": {"angle": 0, "axis": "y", "origin": [13, 12, 20]},
			"faces": {
				"north": {"uv": [1, 0, 3, 4], "texture": "#0"},
				"east": {"uv": [1, 0, 1, 4], "texture": "#0"},
				"south": {"uv": [3, 0, 5, 4], "texture": "#0"},
				"west": {"uv": [3, 0, 3, 4], "texture": "#0"},
				"up": {"uv": [3, 0, 1, 0], "texture": "#0"},
				"down": {"uv": [5, 0, 3, 0], "texture": "#0"}
			}
		},
		{
			"from": [12, 4, 2],
			"to": [12, 12, 13],
			"shade": false,
			"rotation": {"angle": 0, "axis": "y", "origin": [12, 13, 21]},
			"faces": {
				"north": {"uv": [2.75, 5.5, 2.75, 9.5], "texture": "#0"},
				"east": {"uv": [5.5, 5.5, 2.75, 9.5], "texture": "#0"},
				"south": {"uv": [5.5, 5.5, 5.5, 9.5], "texture": "#0"},
				"west": {"uv": [2.75, 5.5, 0, 9.5], "texture": "#0"},
				"up": {"uv": [2.75, 5.5, 2.75, 0], "texture": "#0"},
				"down": {"uv": [2.75, 0, 2.75, 5.5], "texture": "#0"}
			}
		}
	],
	"display": {
		"thirdperson_righthand": {
			"scale": [0.65, 0.65, 0.65]
		},
		"thirdperson_lefthand": {
			"scale": [0.65, 0.65, 0.65]
		},
		"firstperson_righthand": {
			"scale": [0.65, 0.65, 0.65]
		},
		"firstperson_lefthand": {
			"scale": [0.65, 0.65, 0.65]
		},
		"ground": {
			"scale": [0.65, 0.65, 0.65]
		},
		"gui": {
			"rotation": [30, 225, 0],
			"scale": [0.625, 0.625, 0.625]
		},
		"head": {
			"translation": [0, 0, -1.5],
			"scale": [1.8, 1.8, 1.8]
		}
	},
	"groups": [
		{
			"name": "Main",
			"origin": [8, 8, 8],
			"children": [0, 1, 2, 3, 4, 5, 6]
		}
	]
}