{
	"credit": "Made with Blockbench",
	"texture_size": [64, 64],
	"textures": {
		"0": "craftadia/hats/space_ranger_hat",
		"particle": "craftadia/hats/space_ranger_hat"
	},
	"elements": [
		{
			"from": [2, 0, 3],
			"to": [14, 6, 5],
			"rotation": {"angle": 0, "axis": "y", "origin": [8, 10, 9]},
			"faces": {
				"north": {"uv": [9.25, 5.25, 12.25, 6.75], "texture": "#0"},
				"east": {"uv": [12.75, 5.25, 12.25, 6.75], "texture": "#0"},
				"south": {"uv": [13, 5.25, 16, 6.75], "texture": "#0"},
				"west": {"uv": [12.25, 5.25, 12.75, 6.75], "texture": "#0"},
				"up": {"uv": [12.25, 5, 9.25, 4.5], "texture": "#0"},
				"down": {"uv": [15.25, 4.5, 12.25, 5], "texture": "#0"}
			}
		},
		{
			"from": [1, 6, 8],
			"to": [3, 11, 13],
			"rotation": {"angle": 0, "axis": "y", "origin": [9, 13, 11]},
			"faces": {
				"north": {"uv": [1, 5, 1.5, 6.25], "texture": "#0"},
				"east": {"uv": [1.5, 6.25, 2.75, 7.5], "texture": "#0"},
				"south": {"uv": [2.75, 5, 3.25, 6.25], "texture": "#0"},
				"west": {"uv": [1.5, 5, 2.75, 6.25], "texture": "#0"},
				"up": {"uv": [1.75, 5, 1.25, 3.75], "texture": "#0"},
				"down": {"uv": [1.75, 3.75, 1.5, 5], "texture": "#0"}
			}
		},
		{
			"from": [13, 6, 8],
			"to": [15, 11, 13],
			"rotation": {"angle": 0, "axis": "y", "origin": [7, 13, 11]},
			"faces": {
				"north": {"uv": [1.5, 5, 1, 6.25], "texture": "#0"},
				"east": {"uv": [2.75, 5, 1.5, 6.25], "texture": "#0"},
				"south": {"uv": [3.25, 5, 2.75, 6.25], "texture": "#0"},
				"west": {"uv": [2.75, 6.25, 1.5, 7.5], "texture": "#0"},
				"up": {"uv": [1.25, 5, 1.75, 3.75], "texture": "#0"},
				"down": {"uv": [1.75, 3.75, 1.5, 5], "texture": "#0"}
			}
		},
		{
			"from": [14, 1, 3],
			"to": [15, 6, 14],
			"rotation": {"angle": 0, "axis": "y", "origin": [22, 10, 10]},
			"faces": {
				"north": {"uv": [13.75, 10.5, 14, 11.75], "texture": "#0"},
				"east": {"uv": [9.25, 10.5, 12, 11.75], "texture": "#0"},
				"south": {"uv": [15.75, 10.5, 16, 11.75], "texture": "#0"},
				"west": {"uv": [14, 10.5, 15.75, 11.75], "texture": "#0"},
				"up": {"uv": [9.25, 11.75, 9, 9], "texture": "#0"},
				"down": {"uv": [9, 9, 8.75, 11.75], "texture": "#0"}
			}
		},
		{
			"from": [1, 1, 3],
			"to": [2, 6, 14],
			"rotation": {"angle": 0, "axis": "y", "origin": [-6, 10, 10]},
			"faces": {
				"north": {"uv": [14, 10.5, 13.75, 11.75], "texture": "#0"},
				"east": {"uv": [15.75, 10.5, 14, 11.75], "texture": "#0"},
				"south": {"uv": [16, 10.5, 15.75, 11.75], "texture": "#0"},
				"west": {"uv": [12, 10.5, 9.25, 11.75], "texture": "#0"},
				"up": {"uv": [9, 11.75, 9.25, 9], "texture": "#0"},
				"down": {"uv": [8.75, 9, 9, 11.75], "texture": "#0"}
			}
		},
		{
			"from": [13, 1, 5],
			"to": [14, 6, 12],
			"rotation": {"angle": 0, "axis": "y", "origin": [21, 10, 10]},
			"faces": {
				"north": {"uv": [13.75, 10.5, 14, 11.75], "texture": "#0"},
				"east": {"uv": [12, 10.5, 13.75, 11.75], "texture": "#0"},
				"south": {"uv": [15.75, 10.5, 16, 11.75], "texture": "#0"},
				"west": {"uv": [14, 10.5, 15.75, 11.75], "texture": "#0"},
				"up": {"uv": [14, 10.5, 13.75, 8.75], "texture": "#0"},
				"down": {"uv": [14.25, 8.75, 14, 10.5], "texture": "#0"}
			}
		},
		{
			"from": [2, 1, 5],
			"to": [3, 6, 12],
			"rotation": {"angle": 0, "axis": "y", "origin": [-5, 10, 10]},
			"faces": {
				"north": {"uv": [14, 10.5, 13.75, 11.75], "texture": "#0"},
				"east": {"uv": [15.75, 10.5, 14, 11.75], "texture": "#0"},
				"south": {"uv": [16, 10.5, 15.75, 11.75], "texture": "#0"},
				"west": {"uv": [13.75, 10.5, 12, 11.75], "texture": "#0"},
				"up": {"uv": [13.75, 10.5, 14, 8.75], "texture": "#0"},
				"down": {"uv": [14, 8.75, 14.25, 10.5], "texture": "#0"}
			}
		},
		{
			"from": [3, 6, 4],
			"to": [13, 16, 4],
			"rotation": {"angle": 0, "axis": "y", "origin": [21, 12, 11]},
			"faces": {
				"north": {"uv": [8.5, 0, 11, 2.5], "texture": "#0"},
				"east": {"uv": [8.5, 0, 11, 2.5], "texture": "#0"},
				"south": {"uv": [11, 0, 8.5, 2.5], "texture": "#0"},
				"west": {"uv": [8.5, 0, 11, 2.5], "texture": "#0"},
				"up": {"uv": [8.5, 0, 11, 2.5], "texture": "#0"},
				"down": {"uv": [8.5, 0, 11, 2.5], "texture": "#0"}
			}
		},
		{
			"from": [3, 6, 4],
			"to": [3, 16, 14],
			"rotation": {"angle": 0, "axis": "y", "origin": [21, 12, 11]},
			"faces": {
				"north": {"uv": [11, 0, 13.5, 2.5], "texture": "#0"},
				"east": {"uv": [13.5, 0, 11, 2.5], "texture": "#0"},
				"south": {"uv": [11, 0, 13.5, 2.5], "texture": "#0"},
				"west": {"uv": [11, 0, 13.5, 2.5], "texture": "#0"},
				"up": {"uv": [11, 0, 13.5, 2.5], "texture": "#0"},
				"down": {"uv": [11, 0, 13.5, 2.5], "texture": "#0"}
			}
		},
		{
			"from": [13, 6, 4],
			"to": [13, 16, 14],
			"rotation": {"angle": 0, "axis": "y", "origin": [-5, 12, 11]},
			"faces": {
				"north": {"uv": [11, 0, 13.5, 2.5], "texture": "#0"},
				"east": {"uv": [13.5, 0, 11, 2.5], "texture": "#0"},
				"south": {"uv": [11, 0, 13.5, 2.5], "texture": "#0"},
				"west": {"uv": [11, 0, 13.5, 2.5], "texture": "#0"},
				"up": {"uv": [11, 0, 13.5, 2.5], "texture": "#0"},
				"down": {"uv": [11, 0, 13.5, 2.5], "texture": "#0"}
			}
		},
		{
			"from": [3, 16, 4],
			"to": [13, 16, 14],
			"rotation": {"angle": 0, "axis": "y", "origin": [21, 12, 10]},
			"faces": {
				"north": {"uv": [8.5, 2.5, 11, 4.5], "texture": "#0"},
				"east": {"uv": [8.5, 2.5, 8.5, 4.5], "texture": "#0"},
				"south": {"uv": [11, 0, 8.5, 2.5], "texture": "#0"},
				"west": {"uv": [11, 2.5, 11, 4.5], "texture": "#0"},
				"up": {"uv": [11, 0, 8.5, 2.5], "texture": "#0"},
				"down": {"uv": [11, 2.5, 8.5, 0], "texture": "#0"}
			}
		},
		{
			"from": [3, 6, 14],
			"to": [13, 16, 14],
			"rotation": {"angle": 0, "axis": "y", "origin": [21, 12, 21]},
			"faces": {
				"north": {"uv": [8.5, 0, 11, 2.5], "texture": "#0"},
				"east": {"uv": [8.5, 2.5, 8.5, 4.5], "texture": "#0"},
				"south": {"uv": [11, 0, 8.5, 2.5], "texture": "#0"},
				"west": {"uv": [11, 2.5, 11, 4.5], "texture": "#0"},
				"up": {"uv": [11, 2.5, 8.5, 2.5], "texture": "#0"},
				"down": {"uv": [13.5, 2.5, 11, 2.5], "texture": "#0"}
			}
		},
		{
			"from": [2, 0, 12],
			"to": [14, 6, 14],
			"rotation": {"angle": 0, "axis": "y", "origin": [8, 10, 21]},
			"faces": {
				"north": {"uv": [9.5, 7.25, 12.5, 8.75], "texture": "#0"},
				"east": {"uv": [9, 7.25, 9.5, 8.75], "texture": "#0"},
				"south": {"uv": [13, 7.25, 16, 8.75], "texture": "#0"},
				"west": {"uv": [12.5, 7.25, 13, 8.75], "texture": "#0"},
				"up": {"uv": [12.5, 7.25, 9.5, 6.75], "texture": "#0"},
				"down": {"uv": [15.5, 6.75, 12.5, 7.25], "texture": "#0"}
			}
		},
		{
			"from": [3, 0, 14],
			"to": [13, 7, 17],
			"rotation": {"angle": 0, "axis": "y", "origin": [8, 12, 23]},
			"faces": {
				"north": {"uv": [9.5, 11.75, 12, 13.5], "texture": "#0"},
				"east": {"uv": [6.5, 7, 5.75, 8.75], "texture": "#0"},
				"south": {"uv": [6.5, 7, 9, 8.75], "texture": "#0"},
				"west": {"uv": [5.75, 7, 6.5, 8.75], "texture": "#0"},
				"up": {"uv": [8.75, 10.75, 6.25, 10], "texture": "#0"},
				"down": {"uv": [8.75, 8.75, 6.25, 9.5], "texture": "#0"}
			}
		},
		{
			"from": [-2, 2, 15],
			"to": [3, 7, 16],
			"rotation": {"angle": 0, "axis": "y", "origin": [9, 12, 24]},
			"faces": {
				"north": {"uv": [7.25, 5.75, 8.5, 7], "texture": "#0"},
				"east": {"uv": [9, 7.25, 9.5, 8.75], "texture": "#0"},
				"south": {"uv": [8.5, 5.75, 7.25, 7], "texture": "#0"},
				"west": {"uv": [12.5, 7.25, 13, 8.75], "texture": "#0"},
				"up": {"uv": [7.25, 5.75, 8.5, 5.5], "texture": "#0"},
				"down": {"uv": [8.5, 5.25, 7.25, 5.5], "texture": "#0"}
			}
		},
		{
			"from": [13, 2, 15],
			"to": [18, 7, 16],
			"rotation": {"angle": 0, "axis": "y", "origin": [7, 12, 24]},
			"faces": {
				"north": {"uv": [8.5, 5.75, 7.25, 7], "texture": "#0"},
				"east": {"uv": [13, 7.25, 12.5, 8.75], "texture": "#0"},
				"south": {"uv": [7.25, 5.75, 8.5, 7], "texture": "#0"},
				"west": {"uv": [9.5, 7.25, 9, 8.75], "texture": "#0"},
				"up": {"uv": [7.25, 5.75, 8.5, 5.5], "texture": "#0"},
				"down": {"uv": [8.5, 5.25, 7.25, 5.5], "texture": "#0"}
			}
		},
		{
			"from": [-3.2, 0.8, 14.8],
			"to": [-1.8, 7.2, 16.2],
			"rotation": {"angle": 0, "axis": "y", "origin": [8, 12, 24]},
			"faces": {
				"north": {"uv": [9.75, 7.25, 10, 8.75], "texture": "#0"},
				"east": {"uv": [10, 7.25, 10.25, 8.75], "texture": "#0"},
				"south": {"uv": [9.75, 7.25, 10, 8.75], "texture": "#0"},
				"west": {"uv": [10, 7.25, 10.25, 8.75], "texture": "#0"},
				"up": {"uv": [10, 7.5, 9.75, 7.25], "texture": "#0"},
				"down": {"uv": [10, 8.5, 9.75, 8.75], "texture": "#0"}
			}
		},
		{
			"from": [17.8, 0.8, 14.8],
			"to": [19.2, 7.2, 16.2],
			"rotation": {"angle": 0, "axis": "y", "origin": [8, 12, 24]},
			"faces": {
				"north": {"uv": [10, 7.25, 9.75, 8.75], "texture": "#0"},
				"east": {"uv": [10.25, 7.25, 10, 8.75], "texture": "#0"},
				"south": {"uv": [10, 7.25, 9.75, 8.75], "texture": "#0"},
				"west": {"uv": [10.25, 7.25, 10, 8.75], "texture": "#0"},
				"up": {"uv": [9.75, 7.5, 10, 7.25], "texture": "#0"},
				"down": {"uv": [9.75, 8.5, 10, 8.75], "texture": "#0"}
			}
		},
		{
			"from": [4, -1, 14],
			"to": [7, 0, 16],
			"rotation": {"angle": 0, "axis": "y", "origin": [9, 10, 23]},
			"faces": {
				"north": {"uv": [12.25, 9, 13, 9.25], "texture": "#0"},
				"east": {"uv": [11.25, 9.5, 11.75, 9.75], "texture": "#0"},
				"south": {"uv": [10.75, 9, 10, 9.25], "texture": "#0"},
				"west": {"uv": [11.75, 9.5, 11.25, 9.75], "texture": "#0"},
				"up": {"uv": [12.5, 7.25, 9.5, 6.75], "texture": "#0"},
				"down": {"uv": [10.75, 10, 10, 10.5], "texture": "#0"}
			}
		},
		{
			"from": [9, -1, 14],
			"to": [12, 0, 16],
			"rotation": {"angle": 0, "axis": "y", "origin": [13, 10, 23]},
			"faces": {
				"north": {"uv": [12.25, 9, 13, 9.25], "texture": "#0"},
				"east": {"uv": [11.25, 9.5, 11.75, 9.75], "texture": "#0"},
				"south": {"uv": [10, 9, 10.75, 9.25], "texture": "#0"},
				"west": {"uv": [11.75, 9.5, 11.25, 9.75], "texture": "#0"},
				"up": {"uv": [12.5, 7.25, 9.5, 6.75], "texture": "#0"},
				"down": {"uv": [10, 10, 10.75, 10.5], "texture": "#0"}
			}
		},
		{
			"from": [2, 6.6, 14.1],
			"to": [5, 8.6, 16.1],
			"rotation": {"angle": -45, "axis": "z", "origin": [3, 5.6, 15.1]},
			"faces": {
				"north": {"uv": [9.75, 8.25, 10.5, 8.75], "texture": "#0"},
				"east": {"uv": [12.25, 7.75, 11.75, 7.25], "texture": "#0"},
				"south": {"uv": [15.25, 8.25, 16, 8.75], "texture": "#0"},
				"west": {"uv": [11.75, 7.75, 12.25, 7.25], "texture": "#0"},
				"up": {"uv": [11.5, 8.75, 12.25, 8.25], "texture": "#0"},
				"down": {"uv": [15.5, 6.75, 12.5, 7.25], "texture": "#0"}
			}
		},
		{
			"from": [11, 6.6, 14.1],
			"to": [14, 8.6, 16.1],
			"rotation": {"angle": 45, "axis": "z", "origin": [13, 5.6, 15.1]},
			"faces": {
				"north": {"uv": [10.5, 8.25, 9.75, 8.75], "texture": "#0"},
				"east": {"uv": [12.25, 7.75, 11.75, 7.25], "texture": "#0"},
				"south": {"uv": [16, 8.25, 15.25, 8.75], "texture": "#0"},
				"west": {"uv": [11.75, 7.75, 12.25, 7.25], "texture": "#0"},
				"up": {"uv": [12.25, 8.75, 11.5, 8.25], "texture": "#0"},
				"down": {"uv": [12.5, 6.75, 15.5, 7.25], "texture": "#0"}
			}
		}
	],
	"display": {
		"thirdperson_righthand": {
			"rotation": [0, -180, 0],
			"translation": [0, 4, 0],
			"scale": [0.5, 0.5, 0.5]
		},
		"thirdperson_lefthand": {
			"rotation": [0, -180, 0],
			"translation": [0, 4, 0],
			"scale": [0.5, 0.5, 0.5]
		},
		"firstperson_righthand": {
			"rotation": [0, -180, 0],
			"translation": [2, 1.5, 0],
			"scale": [0.5, 0.5, 0.5]
		},
		"firstperson_lefthand": {
			"rotation": [0, -180, 0],
			"translation": [2, 1.5, 0],
			"scale": [0.5, 0.5, 0.5]
		},
		"ground": {
			"translation": [0, 1, 0],
			"scale": [0.5, 0.5, 0.5]
		},
		"gui": {
			"rotation": [30, 225, 0],
			"translation": [1.25, 0.5, 0],
			"scale": [0.45, 0.45, 0.45]
		},
		"head": {
			"translation": [0, -5, -1.25],
			"scale": [1.8, 1.8, 1.8]
		},
		"fixed": {
			"translation": [0, 1.25, -5.5],
			"scale": [0.7, 0.7, 0.7]
		}
	},
	"groups": [
		{
			"name": "Main",
			"origin": [8, 8, 8],
			"children": [0, 1, 2, 3, 4, 5, 6, 7, 8, 9, 10, 11, 12, 13, 14, 15, 16, 17, 18, 19, 20, 21]
		}
	]
}