{
	"credit": "Made with Blockbench",
	"texture_size": [80, 80],
	"textures": {
		"0": "craftadia/hats/strider_hat"
	},
	"elements": [
		{
			"name": "head",
			"from": [3, 1, 3],
			"to": [13, 7, 13],
			"rotation": {"angle": 0, "axis": "y", "origin": [8, 0, 8]},
			"faces": {
				"north": {"uv": [2, 5.4, 4, 6.6], "texture": "#0"},
				"east": {"uv": [0, 5.4, 2, 6.6], "texture": "#0"},
				"south": {"uv": [6, 5.4, 8, 6.6], "texture": "#0"},
				"west": {"uv": [4, 5.4, 6, 6.6], "texture": "#0"},
				"up": {"uv": [4, 5.4, 2, 3.4], "texture": "#0"},
				"down": {"uv": [6, 3.4, 4, 5.4], "texture": "#0"}
			}
		},
		{
			"from": [-2, 0, -2],
			"to": [18, 1, 18],
			"faces": {
				"north": {"uv": [4, 14.8, 8, 15], "texture": "#0"},
				"east": {"uv": [0, 14.8, 4, 15], "texture": "#0"},
				"south": {"uv": [12, 14.8, 16, 15], "texture": "#0"},
				"west": {"uv": [8, 14.8, 12, 15], "texture": "#0"},
				"up": {"uv": [8, 14.8, 4, 10.8], "texture": "#0"},
				"down": {"uv": [12, 10.8, 8, 14.8], "texture": "#0"}
			}
		},
		{
			"name": "hair_right_top",
			"from": [-5, 7, 3],
			"to": [3, 7, 13],
			"rotation": {"angle": 45, "axis": "z", "origin": [3, 7, 8]},
			"faces": {
				"north": {"uv": [8, 8, 9.6, 8], "texture": "#0"},
				"east": {"uv": [6, 8, 8, 8], "texture": "#0"},
				"south": {"uv": [11.6, 8, 13.2, 8], "texture": "#0"},
				"west": {"uv": [9.6, 8, 11.6, 8], "texture": "#0"},
				"up": {"uv": [9.6, 8, 8, 6], "texture": "#0"},
				"down": {"uv": [11.2, 6, 9.6, 8], "texture": "#0"}
			}
		},
		{
			"name": "hair_right_middle",
			"from": [-1, 4, 3],
			"to": [3, 4, 13],
			"rotation": {"angle": 45, "axis": "z", "origin": [3, 4, 8]},
			"faces": {
				"north": {"uv": [6, 5.4, 7.6, 5.4], "texture": "#0"},
				"east": {"uv": [4, 5.4, 6, 5.4], "texture": "#0"},
				"south": {"uv": [9.6, 5.4, 11.2, 5.4], "texture": "#0"},
				"west": {"uv": [7.6, 5.4, 9.6, 5.4], "texture": "#0"},
				"up": {"uv": [7.3994, 5.3998, 6.5998, 3.3998], "texture": "#0"},
				"down": {"uv": [8.9996, 3.3998, 8.2, 5.3998], "texture": "#0"}
			}
		},
		{
			"name": "hair_right_top",
			"from": [13, 7, 3],
			"to": [21, 7, 13],
			"shade": false,
			"rotation": {"angle": -45, "axis": "z", "origin": [13, 7, 8]},
			"faces": {
				"north": {"uv": [9.6, 8, 8, 8], "texture": "#0"},
				"east": {"uv": [11.6, 8, 9.6, 8], "texture": "#0"},
				"south": {"uv": [13.2, 8, 11.6, 8], "texture": "#0"},
				"west": {"uv": [8, 8, 6, 8], "texture": "#0"},
				"up": {"uv": [8, 8, 9.6, 6], "texture": "#0"},
				"down": {"uv": [9.6, 6, 11.2, 8], "texture": "#0"}
			}
		},
		{
			"name": "hair_right_middle",
			"from": [13, 4, 3],
			"to": [17, 4, 13],
			"shade": false,
			"rotation": {"angle": -45, "axis": "z", "origin": [13, 4, 8]},
			"faces": {
				"north": {"uv": [7.6, 5.4, 6, 5.4], "texture": "#0"},
				"east": {"uv": [9.6, 5.4, 7.6, 5.4], "texture": "#0"},
				"south": {"uv": [11.2, 5.4, 9.6, 5.4], "texture": "#0"},
				"west": {"uv": [6, 5.4, 4, 5.4], "texture": "#0"},
				"up": {"uv": [6.5998, 5.3998, 7.3994, 3.3998], "texture": "#0"},
				"down": {"uv": [8.2, 3.3998, 8.9996, 5.3998], "texture": "#0"}
			}
		}
	],
	"display": {
		"thirdperson_righthand": {
			"rotation": [0, -180, 0],
			"translation": [0, 4.5, 0],
			"scale": [0.6, 0.6, 0.6]
		},
		"thirdperson_lefthand": {
			"rotation": [0, -180, 0],
			"translation": [0, 4.5, 0],
			"scale": [0.6, 0.6, 0.6]
		},
		"firstperson_righthand": {
			"rotation": [0, -180, 0],
			"translation": [2, 1.5, 0],
			"scale": [0.6, 0.6, 0.6]
		},
		"firstperson_lefthand": {
			"rotation": [0, -180, 0],
			"translation": [2, 1.5, 0],
			"scale": [0.6, 0.6, 0.6]
		},
		"ground": {
			"translation": [0, 1, 0],
			"scale": [0.55, 0.55, 0.55]
		},
		"gui": {
			"rotation": [30, 225, 0],
			"translation": [0, 2.5, 0],
			"scale": [0.5, 0.5, 0.5]
		},
		"head": {
			"translation": [0, 18, 0],
			"scale": [1.4, 1.4, 1.4]
		},
		"fixed": {
			"translation": [0, 4.25, -3.25],
			"scale": [0.8, 0.8, 0.8]
		}
	},
	"groups": [
		{
			"name": "head",
			"origin": [0, 22, 0],
			"children": [0, 1]
		},
		{
			"name": "hair_right_top",
			"origin": [-8, 29, 0],
			"children": [2]
		},
		{
			"name": "hair_right_middle",
			"origin": [-8, 25, 0],
			"children": [3]
		},
		{
			"name": "hair_right_top",
			"origin": [-8, 29, 0],
			"children": [4]
		},
		{
			"name": "hair_right_middle",
			"origin": [-8, 25, 0],
			"children": [5]
		}
	]
}