{
	"credit": "Made with Blockbench",
	"texture_size": [64, 64],
	"textures": {
		"0": "craftadia/hats/umbrellahat",
		"particle": "craftadia/hats/umbrellahat"
	},
	"elements": [
		{
			"from": [4, 15, 4],
			"to": [12, 16, 12],
			"rotation": {"angle": 0, "axis": "y", "origin": [16, 23, 15]},
			"faces": {
				"north": {"uv": [1.5, 13.49975, 0, 13.74975], "texture": "#0"},
				"east": {"uv": [0, 13.25, 1.5, 13.5], "rotation": 180, "texture": "#0"},
				"south": {"uv": [0, 13.49975, 1.5, 13.74975], "rotation": 180, "texture": "#0"},
				"west": {"uv": [1.5, 13.25, 0, 13.5], "texture": "#0"},
				"up": {"uv": [14.49975, 5.7495, 15.9995, 7.24925], "texture": "#0"},
				"down": {"uv": [0, 0, 6, 6], "texture": "#missing"}
			}
		},
		{
			"from": [7.5, 16, 7.5],
			"to": [8.5, 17, 8.5],
			"rotation": {"angle": 0, "axis": "y", "origin": [16.5, 23, 15.5]},
			"faces": {
				"north": {"uv": [9.74975, 13.5, 9.99975, 13.75], "texture": "#0"},
				"east": {"uv": [9.74975, 13.5, 9.99975, 13.75], "texture": "#0"},
				"south": {"uv": [9.74975, 13.5, 9.99975, 13.75], "texture": "#0"},
				"west": {"uv": [9.74975, 13.5, 9.99975, 13.75], "texture": "#0"},
				"up": {"uv": [9.74975, 13.5, 9.99975, 13.75], "texture": "#0"},
				"down": {"uv": [9.74975, 13.5, 9.99975, 13.75], "texture": "#0"}
			}
		},
		{
			"from": [1, 13, 1],
			"to": [15, 15, 15],
			"rotation": {"angle": 0, "axis": "y", "origin": [16, 21, 16]},
			"faces": {
				"north": {"uv": [0.24975, 9.24975, 4.2485, 9.74925], "texture": "#0"},
				"east": {"uv": [0.24975, 5.75, 0.7485, 9.74875], "rotation": 270, "texture": "#0"},
				"south": {"uv": [4.249, 9.74825, 0.24975, 9.24925], "rotation": 180, "texture": "#0"},
				"west": {"uv": [3.75, 5.75, 4.2495, 9.74975], "rotation": 90, "texture": "#0"},
				"up": {"uv": [13, 0, 15.9995, 2.9995], "texture": "#0"},
				"down": {"uv": [0, 0, 12, 12], "texture": "#missing"}
			}
		},
		{
			"from": [0, 11, 0],
			"to": [16, 13, 16],
			"rotation": {"angle": 0, "axis": "y", "origin": [16, 20, 15]},
			"faces": {
				"north": {"uv": [0, 9.24975, 4.49925, 9.74925], "texture": "#0"},
				"east": {"uv": [0.24975, 5.49975, 0.7495, 9.999], "rotation": 270, "texture": "#0"},
				"south": {"uv": [4.49925, 9.74875, 0, 9.24975], "rotation": 180, "texture": "#0"},
				"west": {"uv": [4.248, 9.9995, 3.7495, 5.49975], "rotation": 270, "texture": "#0"},
				"up": {"uv": [0, 5.49975, 4.49825, 9.9985], "texture": "#0"},
				"down": {"uv": [0, 5.49975, 4.49925, 9.999], "texture": "#0"}
			}
		},
		{
			"from": [0, 6, -1],
			"to": [16, 11, 0],
			"rotation": {"angle": 0, "axis": "y", "origin": [16, 18, 15]},
			"faces": {
				"north": {"uv": [0, 8.5, 4.49975, 9.999], "texture": "#0"},
				"east": {"uv": [4.49925, 14.7495, 2.99975, 14.99925], "rotation": 180, "texture": "#0"},
				"south": {"uv": [4.49975, 8.5, 0, 9.9995], "texture": "#0"},
				"west": {"uv": [0, 14.7495, 1.49975, 14.99925], "texture": "#0"},
				"up": {"uv": [0, 5.49975, 4.49975, 5.749], "texture": "#0"},
				"down": {"uv": [4.49975, 9.74925, 0, 9.999], "texture": "#0"}
			}
		},
		{
			"from": [-1, 6, 0],
			"to": [0, 11, 16],
			"rotation": {"angle": 0, "axis": "y", "origin": [16, 18, 15]},
			"faces": {
				"north": {"uv": [2.99975, 14.99975, 4.49925, 15.2495], "texture": "#0"},
				"east": {"uv": [4.49925, 5.49975, 2.99975, 9.9985], "rotation": 270, "texture": "#0"},
				"south": {"uv": [0, 14.99975, 1.49975, 15.2495], "rotation": 180, "texture": "#0"},
				"west": {"uv": [2.99975, 5.49975, 4.49925, 9.999], "rotation": 90, "texture": "#0"},
				"up": {"uv": [0, 5.49975, 0.24925, 9.9995], "texture": "#0"},
				"down": {"uv": [4.49925, 5.49875, 4.2495, 9.9975], "texture": "#0"}
			}
		},
		{
			"from": [16, 6, 0],
			"to": [17, 11, 16],
			"rotation": {"angle": 0, "axis": "y", "origin": [33, 18, 15]},
			"faces": {
				"north": {"uv": [0, 14.99975, 1.49925, 15.2495], "texture": "#0"},
				"east": {"uv": [0, 5.49975, 1.49975, 9.9995], "rotation": 270, "texture": "#0"},
				"south": {"uv": [4.49925, 14.99975, 2.99975, 15.2495], "rotation": 180, "texture": "#0"},
				"west": {"uv": [1.49975, 5.49975, 0, 9.9995], "rotation": 90, "texture": "#0"},
				"up": {"uv": [4.25, 5.49975, 4.49875, 9.9995], "texture": "#0"},
				"down": {"uv": [0, 5.49925, 0.24925, 9.999], "texture": "#0"}
			}
		},
		{
			"from": [0, 6, 16],
			"to": [16, 11, 17],
			"rotation": {"angle": 0, "axis": "y", "origin": [16, 18, 32]},
			"faces": {
				"north": {"uv": [4.49975, 8.5, 0, 9.999], "texture": "#0"},
				"east": {"uv": [1.49975, 14.7495, 0, 14.99925], "rotation": 180, "texture": "#0"},
				"south": {"uv": [4.49975, 9.9985, 0, 8.4995], "rotation": 180, "texture": "#0"},
				"west": {"uv": [2.99975, 14.7495, 4.49925, 14.99925], "texture": "#0"},
				"up": {"uv": [0, 9.74975, 4.49975, 9.9985], "texture": "#0"},
				"down": {"uv": [4.49975, 5.49925, 0, 5.7485], "texture": "#0"}
			}
		},
		{
			"from": [5.5, 5, -1],
			"to": [10.5, 6, 0],
			"rotation": {"angle": 0, "axis": "y", "origin": [17.5, 18, 15]},
			"faces": {
				"north": {"uv": [1.49975, 14.99975, 2.74975, 15.24975], "texture": "#0"},
				"east": {"uv": [1.49975, 14.99975, 2.74975, 15.24975], "texture": "#0"},
				"south": {"uv": [1.49975, 14.99975, 2.74975, 15.24975], "texture": "#0"},
				"west": {"uv": [1.49975, 14.99975, 2.74975, 15.24975], "texture": "#0"},
				"up": {"uv": [1.49975, 14.99975, 2.74975, 15.24975], "texture": "#0"},
				"down": {"uv": [1.49975, 14.99975, 2.74975, 15.24975], "texture": "#0"}
			}
		},
		{
			"from": [5.5, 5, 16],
			"to": [10.5, 6, 17],
			"rotation": {"angle": 0, "axis": "y", "origin": [17.5, 18, 32]},
			"faces": {
				"north": {"uv": [1.49975, 14.99975, 2.74975, 15.24975], "texture": "#0"},
				"east": {"uv": [1.49975, 14.99975, 2.74975, 15.24975], "texture": "#0"},
				"south": {"uv": [1.49975, 14.99975, 2.74975, 15.24975], "texture": "#0"},
				"west": {"uv": [1.49975, 14.99975, 2.74975, 15.24975], "texture": "#0"},
				"up": {"uv": [1.49975, 14.99975, 2.74975, 15.24975], "texture": "#0"},
				"down": {"uv": [1.49975, 14.99975, 2.74975, 15.24975], "texture": "#0"}
			}
		},
		{
			"from": [-1, 5, 5.5],
			"to": [0, 6, 10.5],
			"rotation": {"angle": 0, "axis": "y", "origin": [16, 18, 15.5]},
			"faces": {
				"north": {"uv": [1.49975, 14.7495, 2.99775, 14.99875], "texture": "#0"},
				"east": {"uv": [1.49975, 14.7495, 2.99775, 14.99875], "texture": "#0"},
				"south": {"uv": [1.49975, 14.7495, 2.99775, 14.99875], "texture": "#0"},
				"west": {"uv": [1.49975, 14.7495, 2.99775, 14.99875], "texture": "#0"},
				"up": {"uv": [1.49975, 14.7495, 2.99775, 14.99875], "texture": "#0"},
				"down": {"uv": [1.49975, 14.7495, 2.99775, 14.99875], "texture": "#0"}
			}
		},
		{
			"from": [16, 5, 5.5],
			"to": [17, 6, 10.5],
			"rotation": {"angle": 0, "axis": "y", "origin": [33, 18, 15.5]},
			"faces": {
				"north": {"uv": [1.49975, 14.7495, 2.99775, 14.99875], "texture": "#0"},
				"east": {"uv": [1.49975, 14.7495, 2.99775, 14.99875], "texture": "#0"},
				"south": {"uv": [1.49975, 14.7495, 2.99775, 14.99875], "texture": "#0"},
				"west": {"uv": [1.49975, 14.7495, 2.99775, 14.99875], "texture": "#0"},
				"up": {"uv": [1.49975, 14.7495, 2.99775, 14.99875], "texture": "#0"},
				"down": {"uv": [1.49975, 14.7495, 2.99775, 14.99875], "texture": "#0"}
			}
		},
		{
			"from": [2, 0, 2],
			"to": [14, 10, 14],
			"rotation": {"angle": 0, "axis": "y", "origin": [12, 9, 12]},
			"faces": {
				"north": {"uv": [7.5, 4.25, 10.9995, 6.7495], "texture": "#0"},
				"east": {"uv": [7.5, 1.25, 11, 3.75], "texture": "#0"},
				"south": {"uv": [7.5, 1.25, 11, 3.75], "texture": "#0"},
				"west": {"uv": [7.5, 1.25, 11, 3.75], "texture": "#0"},
				"up": {"uv": [7.5, 1.25, 11, 3.75], "texture": "#0"},
				"down": {"uv": [0, 1.99975, 3.49975, 5.49875], "texture": "#0"}
			}
		}
	],
	"display": {
		"thirdperson_righthand": {
			"rotation": [0, -180, 0],
			"translation": [0, 3, -1],
			"scale": [0.4, 0.4, 0.4]
		},
		"thirdperson_lefthand": {
			"rotation": [0, -180, 0],
			"translation": [0, 3, -1],
			"scale": [0.4, 0.4, 0.4]
		},
		"firstperson_righthand": {
			"scale": [0.7, 0.7, 0.7]
		},
		"firstperson_lefthand": {
			"scale": [0.7, 0.7, 0.7]
		},
		"ground": {
			"scale": [0.4, 0.4, 0.4]
		},
		"gui": {
			"rotation": [20, 135, 0],
			"translation": [0, -0.25, 0],
			"scale": [0.5, 0.5, 0.5]
		},
		"head": {
			"translation": [0, 8.75, 0],
			"scale": [1.1, 1.1, 1.1]
		},
		"fixed": {
			"translation": [0, 0.25, 0],
			"scale": [0.7, 0.7, 0.7]
		}
	},
	"groups": [
		{
			"name": "Main",
			"origin": [8, 8, 8],
			"children": [0, 1, 2, 3, 4, 5, 6, 7, 8, 9, 10, 11, 12]
		}
	]
}