{
	"credit": "Made with Blockbench",
	"ambientocclusion": false,
	"texture_size": [64, 64],
	"textures": {
		"0": "craftadia/hats/witch_hat",
		"particle": "craftadia/hats/witch_hat"
	},
	"elements": [
		{
			"name": "playerhead",
			"from": [2, 6.5, 2],
			"to": [14, 8.5, 14],
			"faces": {
				"north": {"uv": [5.25, 4.25, 8.25, 4.75], "texture": "#0"},
				"east": {"uv": [5.25, 4.75, 8.25, 5.25], "texture": "#0"},
				"south": {"uv": [6, 6, 9, 6.5], "texture": "#0"},
				"west": {"uv": [6, 5.25, 9, 5.75], "texture": "#0"},
				"up": {"uv": [3, 3, 0, 0], "texture": "#0"},
				"down": {"uv": [3, 3, 0, 6], "texture": "#0"}
			}
		},
		{
			"name": "playerhead",
			"from": [-0.05, 11.575, 8],
			"to": [5.95, 17.575, 8.01],
			"rotation": {"angle": 0, "axis": "y", "origin": [7.95, 15.075, 9]},
			"faces": {
				"north": {"uv": [3, 5.25, 4.5, 6.75], "texture": "#0"},
				"east": {"uv": [3, 8, 3.25, 9.5], "texture": "#0"},
				"south": {"uv": [4.5, 5.25, 6, 6.75], "texture": "#0"},
				"west": {"uv": [3, 8.25, 3.25, 9.75], "texture": "#0"},
				"up": {"uv": [4.5, 8.75, 3, 8.5], "texture": "#0"},
				"down": {"uv": [4.5, 8.75, 3, 9], "texture": "#0"}
			}
		},
		{
			"name": "playerhead",
			"from": [3.5, 8.5, 3.5],
			"to": [12.5, 10.5, 12.5],
			"rotation": {"angle": 0, "axis": "y", "origin": [8.5, 10, 8.5]},
			"faces": {
				"north": {"uv": [6.5, 3.75, 8.75, 4.25], "texture": "#0"},
				"east": {"uv": [1.25, 6.75, 3.5, 7.25], "texture": "#0"},
				"south": {"uv": [3.5, 6.75, 5.75, 7.25], "texture": "#0"},
				"west": {"uv": [6.75, 0, 9, 0.5], "texture": "#0"},
				"up": {"uv": [5.25, 5.25, 3, 3], "texture": "#0"},
				"down": {"uv": [5.25, 0, 3, 2.25], "texture": "#0"}
			}
		},
		{
			"name": "playerhead",
			"from": [7, 8.5, 3],
			"to": [9, 9.5, 4],
			"rotation": {"angle": 0, "axis": "y", "origin": [8, 10, 9]},
			"faces": {
				"north": {"uv": [6.5, 7.25, 7, 7.5], "texture": "#0"},
				"east": {"uv": [2.75, 6, 3, 6.25], "texture": "#0"},
				"south": {"uv": [7, 7.25, 7.5, 7.5], "texture": "#0"},
				"west": {"uv": [2.75, 6.25, 3, 6.5], "texture": "#0"},
				"up": {"uv": [3, 7.75, 2.5, 7.5], "texture": "#0"},
				"down": {"uv": [3.5, 7.5, 3, 7.75], "texture": "#0"}
			}
		},
		{
			"name": "playerhead",
			"from": [6.275, 11.225, 6.5],
			"to": [8.275, 14.225, 9.5],
			"rotation": {"angle": -45, "axis": "z", "origin": [7.775, 15.225, 8.5]},
			"faces": {
				"north": {"uv": [4, 7.25, 4.5, 8], "texture": "#0"},
				"east": {"uv": [4.5, 2.25, 5.25, 3], "texture": "#0"},
				"south": {"uv": [4.5, 7.25, 5, 8], "texture": "#0"},
				"west": {"uv": [1.5, 7.25, 2.25, 8], "texture": "#0"},
				"up": {"uv": [5.5, 8, 5, 7.25], "texture": "#0"},
				"down": {"uv": [6.5, 7.25, 6, 8], "texture": "#0"}
			}
		},
		{
			"name": "playerhead",
			"from": [4.95, 9.575, 5],
			"to": [10.95, 12.575, 11],
			"rotation": {"angle": 22.5, "axis": "z", "origin": [8.95, 11.075, 8]},
			"faces": {
				"north": {"uv": [3, 2.25, 4.5, 3], "texture": "#0"},
				"east": {"uv": [1.25, 6, 2.75, 6.75], "texture": "#0"},
				"south": {"uv": [6, 6.5, 7.5, 7.25], "texture": "#0"},
				"west": {"uv": [6.5, 3, 8, 3.75], "texture": "#0"},
				"up": {"uv": [6.75, 1.5, 5.25, 0], "texture": "#0"},
				"down": {"uv": [6.75, 1.5, 5.25, 3], "texture": "#0"}
			}
		},
		{
			"name": "playerhead",
			"from": [6.12807, 9.46396, 5.5],
			"to": [9.12807, 14.46396, 10.5],
			"rotation": {"angle": -45, "axis": "z", "origin": [7.62807, 12.46396, 8.5]},
			"faces": {
				"north": {"uv": [6.75, 0.5, 7.5, 1.75], "texture": "#0"},
				"east": {"uv": [5.25, 3, 6.5, 4.25], "texture": "#0"},
				"south": {"uv": [6.75, 1.75, 7.5, 3], "texture": "#0"},
				"west": {"uv": [0, 6, 1.25, 7.25], "texture": "#0"},
				"up": {"uv": [0.75, 8.5, 0, 7.25], "texture": "#0"},
				"down": {"uv": [1.5, 7.25, 0.75, 8.5], "texture": "#0"}
			}
		}
	],
	"display": {
		"thirdperson_righthand": {
			"rotation": [85, 11, 0],
			"translation": [-6, -2, 14.5],
			"scale": [0.95, 0.95, 0.95]
		},
		"thirdperson_lefthand": {
			"scale": [0.52, 0.52, 0.52]
		},
		"ground": {
			"translation": [0, -1.25, 0],
			"scale": [0.79, 0.79, 0.79]
		},
		"gui": {
			"rotation": [35, -147, 0],
			"translation": [0, -0.5, 0],
			"scale": [0.86, 0.86, 0.86]
		},
		"head": {
			"rotation": [6, 0, 0],
			"translation": [0, 8, 0],
			"scale": [1.66, 1.66, 1.66]
		},
		"fixed": {
			"translation": [0, -2.25, -0.25]
		}
	}
}