{"__comment":"Designed by RamonaSkye with Cubik Studio - https://cubik.studio","textures":{"particle":"block/e_particle","mesh_palette":"block/mesh_palette","gold_block":"block/gold_block","bed_feet_top":"block/redstone_block","emerald_block":"block/emerald_block","redstone_block":"block/redstone_block"},"elements":[{"__comment":"Voxels-F9D828","from":[0,5,7],"to":[16,8,9],"faces":{"down":{"uv":[16,9,0,7],"texture":"#gold_block"},"up":{"uv":[0,7,16,9],"texture":"#gold_block"},"north":{"uv":[0,8,16,11],"texture":"#gold_block"},"south":{"uv":[0,8,16,11],"texture":"#gold_block"},"west":{"uv":[7,8,9,11],"texture":"#gold_block"},"east":{"uv":[7,8,9,11],"texture":"#gold_block"}}},{"__comment":"Voxels-F9D828","from":[0,8,7],"to":[1,10,9],"faces":{"down":{"uv":[16,9,15,7],"texture":"#gold_block"},"up":{"uv":[0,7,1,9],"texture":"#gold_block"},"north":{"uv":[15,6,16,8],"texture":"#gold_block"},"south":{"uv":[0,6,1,8],"texture":"#gold_block"},"west":{"uv":[7,6,9,8],"texture":"#gold_block"},"east":{"uv":[7,6,9,8],"texture":"#gold_block"}}},{"__comment":"Voxels-F9D828","from":[1,3,3],"to":[3,4,4],"faces":{"down":{"uv":[15,4,13,3],"texture":"#gold_block"},"up":{"uv":[1,3,3,4],"texture":"#gold_block"},"north":{"uv":[13,12,15,13],"texture":"#gold_block"},"south":{"uv":[1,12,3,13],"texture":"#gold_block"},"west":{"uv":[3,12,4,13],"texture":"#gold_block"},"east":{"uv":[12,12,13,13],"texture":"#gold_block"}}},{"__comment":"Voxels-E40057","from":[1,3,4],"to":[2,4,5],"faces":{"down":{"uv":[15,5,14,4],"texture":"#redstone_block"},"up":{"uv":[1,4,2,5],"texture":"#redstone_block"},"north":{"uv":[15,15,16,16],"texture":"#redstone_block"},"south":{"uv":[0,15,1,16],"texture":"#redstone_block"},"west":{"uv":[4,15,5,16],"texture":"#redstone_block"},"east":{"uv":[15,15,16,16],"texture":"#redstone_block"}}},{"__comment":"Voxels-F9D828","from":[1,3,5],"to":[3,4,7],"faces":{"down":{"uv":[15,7,13,5],"texture":"#gold_block"},"up":{"uv":[1,5,3,7],"texture":"#gold_block"},"north":{"uv":[13,12,15,13],"texture":"#gold_block"},"south":{"uv":[1,12,3,13],"texture":"#gold_block"},"west":{"uv":[5,12,7,13],"texture":"#gold_block"},"east":{"uv":[9,12,11,13],"texture":"#gold_block"}}},{"__comment":"Voxels-009300","from":[1,3,7],"to":[2,4,9],"faces":{"down":{"uv":[15,9,14,7],"texture":"#emerald_block"},"up":{"uv":[0,0,1,2],"texture":"#emerald_block"},"north":{"uv":[14,12,15,13],"texture":"#emerald_block"},"south":{"uv":[1,12,2,13],"texture":"#emerald_block"},"west":{"uv":[0,1,2,2],"texture":"#emerald_block"},"east":{"uv":[0,1,2,2],"texture":"#emerald_block"}}},{"__comment":"Voxels-F9D828","from":[1,3,9],"to":[3,5,10],"faces":{"down":{"uv":[15,10,13,9],"texture":"#gold_block"},"up":{"uv":[1,9,3,10],"texture":"#gold_block"},"north":{"uv":[13,11,15,13],"texture":"#gold_block"},"south":{"uv":[1,11,3,13],"texture":"#gold_block"},"west":{"uv":[9,11,10,13],"texture":"#gold_block"},"east":{"uv":[6,11,7,13],"texture":"#gold_block"}}},{"__comment":"Voxels-F9D828","from":[1,3,10],"to":[3,4,11],"faces":{"down":{"uv":[15,11,13,10],"texture":"#gold_block"},"up":{"uv":[1,10,3,11],"texture":"#gold_block"},"north":{"uv":[13,12,15,13],"texture":"#gold_block"},"south":{"uv":[1,12,3,13],"texture":"#gold_block"},"west":{"uv":[10,12,11,13],"texture":"#gold_block"},"east":{"uv":[5,12,6,13],"texture":"#gold_block"}}},{"__comment":"Voxels-E40057","from":[1,3,11],"to":[2,4,12],"faces":{"down":{"uv":[15,5,14,4],"texture":"#redstone_block"},"up":{"uv":[1,4,2,5],"texture":"#redstone_block"},"north":{"uv":[15,15,16,16],"texture":"#redstone_block"},"south":{"uv":[0,15,1,16],"texture":"#redstone_block"},"west":{"uv":[4,15,5,16],"texture":"#redstone_block"},"east":{"uv":[15,15,16,16],"texture":"#redstone_block"}}},{"__comment":"Voxels-F9D828","from":[1,3,12],"to":[3,4,13],"faces":{"down":{"uv":[15,13,13,12],"texture":"#gold_block"},"up":{"uv":[1,12,3,13],"texture":"#gold_block"},"north":{"uv":[13,12,15,13],"texture":"#gold_block"},"south":{"uv":[1,12,3,13],"texture":"#gold_block"},"west":{"uv":[12,12,13,13],"texture":"#gold_block"},"east":{"uv":[3,12,4,13],"texture":"#gold_block"}}},{"__comment":"Voxels-F9D828","from":[1,4,4],"to":[3,5,5],"faces":{"down":{"uv":[15,5,13,4],"texture":"#gold_block"},"up":{"uv":[1,4,3,5],"texture":"#gold_block"},"north":{"uv":[13,11,15,12],"texture":"#gold_block"},"south":{"uv":[1,11,3,12],"texture":"#gold_block"},"west":{"uv":[4,11,5,12],"texture":"#gold_block"},"east":{"uv":[11,11,12,12],"texture":"#gold_block"}}},{"__comment":"Voxels-F9D828","from":[1,4,6],"to":[2,5,9],"faces":{"down":{"uv":[15,9,14,6],"texture":"#gold_block"},"up":{"uv":[1,6,2,9],"texture":"#gold_block"},"north":{"uv":[14,11,15,12],"texture":"#gold_block"},"south":{"uv":[1,11,2,12],"texture":"#gold_block"},"west":{"uv":[6,11,9,12],"texture":"#gold_block"},"east":{"uv":[7,11,10,12],"texture":"#gold_block"}}},{"__comment":"Voxels-F9D828","from":[1,4,11],"to":[3,5,12],"faces":{"down":{"uv":[15,12,13,11],"texture":"#gold_block"},"up":{"uv":[1,11,3,12],"texture":"#gold_block"},"north":{"uv":[13,11,15,12],"texture":"#gold_block"},"south":{"uv":[1,11,3,12],"texture":"#gold_block"},"west":{"uv":[11,11,12,12],"texture":"#gold_block"},"east":{"uv":[4,11,5,12],"texture":"#gold_block"}}},{"__comment":"Voxels-F9D828","from":[1,5,3],"to":[15,6,4],"faces":{"down":{"uv":[15,4,1,3],"texture":"#gold_block"},"up":{"uv":[1,3,15,4],"texture":"#gold_block"},"north":{"uv":[1,10,15,11],"texture":"#gold_block"},"south":{"uv":[1,10,15,11],"texture":"#gold_block"},"west":{"uv":[3,10,4,11],"texture":"#gold_block"},"east":{"uv":[12,10,13,11],"texture":"#gold_block"}}},{"__comment":"Voxels-A30000","from":[1,5,5],"to":[15,9,7],"faces":{"down":{"uv":[15,7,1,5],"texture":"#bed_feet_top"},"up":{"uv":[1,5,15,7],"texture":"#bed_feet_top"},"north":{"uv":[1,7,15,11],"texture":"#bed_feet_top"},"south":{"uv":[1,7,15,11],"texture":"#bed_feet_top"},"west":{"uv":[5,7,7,11],"texture":"#bed_feet_top"},"east":{"uv":[9,7,11,11],"texture":"#bed_feet_top"}}},{"__comment":"Voxels-A30000","from":[1,5,9],"to":[15,9,11],"faces":{"down":{"uv":[15,11,1,9],"texture":"#bed_feet_top"},"up":{"uv":[1,9,15,11],"texture":"#bed_feet_top"},"north":{"uv":[1,7,15,11],"texture":"#bed_feet_top"},"south":{"uv":[1,7,15,11],"texture":"#bed_feet_top"},"west":{"uv":[9,7,11,11],"texture":"#bed_feet_top"},"east":{"uv":[5,7,7,11],"texture":"#bed_feet_top"}}},{"__comment":"Voxels-F9D828","from":[1,5,12],"to":[15,6,13],"faces":{"down":{"uv":[15,13,1,12],"texture":"#gold_block"},"up":{"uv":[1,12,15,13],"texture":"#gold_block"},"north":{"uv":[1,10,15,11],"texture":"#gold_block"},"south":{"uv":[1,10,15,11],"texture":"#gold_block"},"west":{"uv":[12,10,13,11],"texture":"#gold_block"},"east":{"uv":[3,10,4,11],"texture":"#gold_block"}}},{"__comment":"Voxels-A30000","from":[1,8,7],"to":[15,9,9],"faces":{"down":{"uv":[15,9,1,7],"texture":"#bed_feet_top"},"up":{"uv":[1,7,15,9],"texture":"#bed_feet_top"},"north":{"uv":[1,7,15,8],"texture":"#bed_feet_top"},"south":{"uv":[1,7,15,8],"texture":"#bed_feet_top"},"west":{"uv":[7,7,9,8],"texture":"#bed_feet_top"},"east":{"uv":[7,7,9,8],"texture":"#bed_feet_top"}}},{"__comment":"Voxels-F9D828","from":[1,10,7],"to":[3,11,9],"faces":{"down":{"uv":[15,9,13,7],"texture":"#gold_block"},"up":{"uv":[1,7,3,9],"texture":"#gold_block"},"north":{"uv":[13,5,15,6],"texture":"#gold_block"},"south":{"uv":[1,5,3,6],"texture":"#gold_block"},"west":{"uv":[7,5,9,6],"texture":"#gold_block"},"east":{"uv":[7,5,9,6],"texture":"#gold_block"}}},{"__comment":"Voxels-F9D828","from":[2,2,3],"to":[3,3,13],"faces":{"down":{"uv":[14,13,13,3],"texture":"#gold_block"},"up":{"uv":[2,3,3,13],"texture":"#gold_block"},"north":{"uv":[13,13,14,14],"texture":"#gold_block"},"south":{"uv":[2,13,3,14],"texture":"#gold_block"},"west":{"uv":[3,13,13,14],"texture":"#gold_block"},"east":{"uv":[3,13,13,14],"texture":"#gold_block"}}},{"__comment":"Voxels-F9D828","from":[2,3,2],"to":[14,4,3],"faces":{"down":{"uv":[14,3,2,2],"texture":"#gold_block"},"up":{"uv":[2,2,14,3],"texture":"#gold_block"},"north":{"uv":[2,12,14,13],"texture":"#gold_block"},"south":{"uv":[2,12,14,13],"texture":"#gold_block"},"west":{"uv":[2,12,3,13],"texture":"#gold_block"},"east":{"uv":[13,12,14,13],"texture":"#gold_block"}}},{"__comment":"Voxels-F9D828","from":[2,3,4],"to":[3,4,5],"faces":{"down":{"uv":[14,5,13,4],"texture":"#gold_block"},"up":{"uv":[2,4,3,5],"texture":"#gold_block"},"north":{"uv":[13,12,14,13],"texture":"#gold_block"},"south":{"uv":[2,12,3,13],"texture":"#gold_block"},"west":{"uv":[4,12,5,13],"texture":"#gold_block"},"east":{"uv":[11,12,12,13],"texture":"#gold_block"}}},{"__comment":"Voxels-F9D828","from":[2,3,7],"to":[3,4,9],"faces":{"down":{"uv":[14,9,13,7],"texture":"#gold_block"},"up":{"uv":[2,7,3,9],"texture":"#gold_block"},"north":{"uv":[13,12,14,13],"texture":"#gold_block"},"south":{"uv":[2,12,3,13],"texture":"#gold_block"},"west":{"uv":[7,12,9,13],"texture":"#gold_block"},"east":{"uv":[7,12,9,13],"texture":"#gold_block"}}},{"__comment":"Voxels-F9D828","from":[2,3,11],"to":[3,4,12],"faces":{"down":{"uv":[14,12,13,11],"texture":"#gold_block"},"up":{"uv":[2,11,3,12],"texture":"#gold_block"},"north":{"uv":[13,12,14,13],"texture":"#gold_block"},"south":{"uv":[2,12,3,13],"texture":"#gold_block"},"west":{"uv":[11,12,12,13],"texture":"#gold_block"},"east":{"uv":[4,12,5,13],"texture":"#gold_block"}}},{"__comment":"Voxels-F9D828","from":[2,3,13],"to":[14,4,14],"faces":{"down":{"uv":[14,14,2,13],"texture":"#gold_block"},"up":{"uv":[2,13,14,14],"texture":"#gold_block"},"north":{"uv":[2,12,14,13],"texture":"#gold_block"},"south":{"uv":[2,12,14,13],"texture":"#gold_block"},"west":{"uv":[13,12,14,13],"texture":"#gold_block"},"east":{"uv":[2,12,3,13],"texture":"#gold_block"}}},{"__comment":"Voxels-A30000","from":[2,4,3],"to":[14,5,4],"faces":{"down":{"uv":[14,4,2,3],"texture":"#bed_feet_top"},"up":{"uv":[2,3,14,4],"texture":"#bed_feet_top"},"north":{"uv":[2,11,14,12],"texture":"#bed_feet_top"},"south":{"uv":[2,11,14,12],"texture":"#bed_feet_top"},"west":{"uv":[3,11,4,12],"texture":"#bed_feet_top"},"east":{"uv":[12,11,13,12],"texture":"#bed_feet_top"}}},{"__comment":"Voxels-A30000","from":[2,4,5],"to":[14,5,9],"faces":{"down":{"uv":[14,9,2,5],"texture":"#bed_feet_top"},"up":{"uv":[2,5,14,9],"texture":"#bed_feet_top"},"north":{"uv":[2,11,14,12],"texture":"#bed_feet_top"},"south":{"uv":[2,11,14,12],"texture":"#bed_feet_top"},"west":{"uv":[5,11,9,12],"texture":"#bed_feet_top"},"east":{"uv":[7,11,11,12],"texture":"#bed_feet_top"}}},{"__comment":"Voxels-A30000","from":[2,4,10],"to":[14,5,11],"faces":{"down":{"uv":[14,11,2,10],"texture":"#bed_feet_top"},"up":{"uv":[2,10,14,11],"texture":"#bed_feet_top"},"north":{"uv":[2,11,14,12],"texture":"#bed_feet_top"},"south":{"uv":[2,11,14,12],"texture":"#bed_feet_top"},"west":{"uv":[10,11,11,12],"texture":"#bed_feet_top"},"east":{"uv":[5,11,6,12],"texture":"#bed_feet_top"}}},{"__comment":"Voxels-A30000","from":[2,4,12],"to":[14,5,13],"faces":{"down":{"uv":[14,13,2,12],"texture":"#bed_feet_top"},"up":{"uv":[2,12,14,13],"texture":"#bed_feet_top"},"north":{"uv":[2,11,14,12],"texture":"#bed_feet_top"},"south":{"uv":[2,11,14,12],"texture":"#bed_feet_top"},"west":{"uv":[12,11,13,12],"texture":"#bed_feet_top"},"east":{"uv":[3,11,4,12],"texture":"#bed_feet_top"}}},{"__comment":"Voxels-F9D828","from":[2,5,2],"to":[3,6,3],"faces":{"down":{"uv":[14,3,13,2],"texture":"#gold_block"},"up":{"uv":[2,2,3,3],"texture":"#gold_block"},"north":{"uv":[13,10,14,11],"texture":"#gold_block"},"south":{"uv":[2,10,3,11],"texture":"#gold_block"},"west":{"uv":[2,10,3,11],"texture":"#gold_block"},"east":{"uv":[13,10,14,11],"texture":"#gold_block"}}},{"__comment":"Voxels-A30000","from":[2,5,4],"to":[14,9,5],"faces":{"down":{"uv":[14,5,2,4],"texture":"#bed_feet_top"},"up":{"uv":[2,4,14,5],"texture":"#bed_feet_top"},"north":{"uv":[2,7,14,11],"texture":"#bed_feet_top"},"south":{"uv":[2,7,14,11],"texture":"#bed_feet_top"},"west":{"uv":[4,7,5,11],"texture":"#bed_feet_top"},"east":{"uv":[11,7,12,11],"texture":"#bed_feet_top"}}},{"__comment":"Voxels-A30000","from":[2,5,11],"to":[14,9,12],"faces":{"down":{"uv":[14,12,2,11],"texture":"#bed_feet_top"},"up":{"uv":[2,11,14,12],"texture":"#bed_feet_top"},"north":{"uv":[2,7,14,11],"texture":"#bed_feet_top"},"south":{"uv":[2,7,14,11],"texture":"#bed_feet_top"},"west":{"uv":[11,7,12,11],"texture":"#bed_feet_top"},"east":{"uv":[4,7,5,11],"texture":"#bed_feet_top"}}},{"__comment":"Voxels-F9D828","from":[2,5,13],"to":[3,6,14],"faces":{"down":{"uv":[14,14,13,13],"texture":"#gold_block"},"up":{"uv":[2,13,3,14],"texture":"#gold_block"},"north":{"uv":[13,10,14,11],"texture":"#gold_block"},"south":{"uv":[2,10,3,11],"texture":"#gold_block"},"west":{"uv":[13,10,14,11],"texture":"#gold_block"},"east":{"uv":[2,10,3,11],"texture":"#gold_block"}}},{"__comment":"Voxels-A30000","from":[2,6,3],"to":[14,9,4],"faces":{"down":{"uv":[14,4,2,3],"texture":"#bed_feet_top"},"up":{"uv":[2,3,14,4],"texture":"#bed_feet_top"},"north":{"uv":[2,7,14,10],"texture":"#bed_feet_top"},"south":{"uv":[2,7,14,10],"texture":"#bed_feet_top"},"west":{"uv":[3,7,4,10],"texture":"#bed_feet_top"},"east":{"uv":[12,7,13,10],"texture":"#bed_feet_top"}}},{"__comment":"Voxels-A30000","from":[2,6,12],"to":[14,9,13],"faces":{"down":{"uv":[14,13,2,12],"texture":"#bed_feet_top"},"up":{"uv":[2,12,14,13],"texture":"#bed_feet_top"},"north":{"uv":[2,7,14,10],"texture":"#bed_feet_top"},"south":{"uv":[2,7,14,10],"texture":"#bed_feet_top"},"west":{"uv":[12,7,13,10],"texture":"#bed_feet_top"},"east":{"uv":[3,7,4,10],"texture":"#bed_feet_top"}}},{"__comment":"Voxels-F9D828","from":[3,2,2],"to":[13,3,3],"faces":{"down":{"uv":[13,3,3,2],"texture":"#gold_block"},"up":{"uv":[3,2,13,3],"texture":"#gold_block"},"north":{"uv":[3,13,13,14],"texture":"#gold_block"},"south":{"uv":[3,13,13,14],"texture":"#gold_block"},"west":{"uv":[2,13,3,14],"texture":"#gold_block"},"east":{"uv":[13,13,14,14],"texture":"#gold_block"}}},{"__comment":"Voxels-F9D828","from":[3,2,13],"to":[13,3,14],"faces":{"down":{"uv":[13,14,3,13],"texture":"#gold_block"},"up":{"uv":[3,13,13,14],"texture":"#gold_block"},"north":{"uv":[3,13,13,14],"texture":"#gold_block"},"south":{"uv":[3,13,13,14],"texture":"#gold_block"},"west":{"uv":[13,13,14,14],"texture":"#gold_block"},"east":{"uv":[2,13,3,14],"texture":"#gold_block"}}},{"__comment":"Voxels-F9D828","from":[3,3,1],"to":[4,4,2],"faces":{"down":{"uv":[13,2,12,1],"texture":"#gold_block"},"up":{"uv":[3,1,4,2],"texture":"#gold_block"},"north":{"uv":[12,12,13,13],"texture":"#gold_block"},"south":{"uv":[3,12,4,13],"texture":"#gold_block"},"west":{"uv":[1,12,2,13],"texture":"#gold_block"},"east":{"uv":[14,12,15,13],"texture":"#gold_block"}}},{"__comment":"Voxels-F9D828","from":[3,3,14],"to":[4,4,15],"faces":{"down":{"uv":[13,15,12,14],"texture":"#gold_block"},"up":{"uv":[3,14,4,15],"texture":"#gold_block"},"north":{"uv":[12,12,13,13],"texture":"#gold_block"},"south":{"uv":[3,12,4,13],"texture":"#gold_block"},"west":{"uv":[14,12,15,13],"texture":"#gold_block"},"east":{"uv":[1,12,2,13],"texture":"#gold_block"}}},{"__comment":"Voxels-A30000","from":[3,4,2],"to":[13,9,3],"faces":{"down":{"uv":[13,3,3,2],"texture":"#bed_feet_top"},"up":{"uv":[3,2,13,3],"texture":"#bed_feet_top"},"north":{"uv":[3,7,13,12],"texture":"#bed_feet_top"},"south":{"uv":[3,7,13,12],"texture":"#bed_feet_top"},"west":{"uv":[2,7,3,12],"texture":"#bed_feet_top"},"east":{"uv":[13,7,14,12],"texture":"#bed_feet_top"}}},{"__comment":"Voxels-A30000","from":[3,4,4],"to":[14,5,5],"faces":{"down":{"uv":[13,5,2,4],"texture":"#bed_feet_top"},"up":{"uv":[3,4,14,5],"texture":"#bed_feet_top"},"north":{"uv":[2,11,13,12],"texture":"#bed_feet_top"},"south":{"uv":[3,11,14,12],"texture":"#bed_feet_top"},"west":{"uv":[4,11,5,12],"texture":"#bed_feet_top"},"east":{"uv":[11,11,12,12],"texture":"#bed_feet_top"}}},{"__comment":"Voxels-A30000","from":[3,4,9],"to":[14,5,10],"faces":{"down":{"uv":[13,10,2,9],"texture":"#bed_feet_top"},"up":{"uv":[3,9,14,10],"texture":"#bed_feet_top"},"north":{"uv":[2,11,13,12],"texture":"#bed_feet_top"},"south":{"uv":[3,11,14,12],"texture":"#bed_feet_top"},"west":{"uv":[9,11,10,12],"texture":"#bed_feet_top"},"east":{"uv":[6,11,7,12],"texture":"#bed_feet_top"}}},{"__comment":"Voxels-A30000","from":[3,4,11],"to":[14,5,12],"faces":{"down":{"uv":[13,12,2,11],"texture":"#bed_feet_top"},"up":{"uv":[3,11,14,12],"texture":"#bed_feet_top"},"north":{"uv":[2,11,13,12],"texture":"#bed_feet_top"},"south":{"uv":[3,11,14,12],"texture":"#bed_feet_top"},"west":{"uv":[11,11,12,12],"texture":"#bed_feet_top"},"east":{"uv":[4,11,5,12],"texture":"#bed_feet_top"}}},{"__comment":"Voxels-A30000","from":[3,4,13],"to":[13,9,14],"faces":{"down":{"uv":[13,14,3,13],"texture":"#bed_feet_top"},"up":{"uv":[3,13,13,14],"texture":"#bed_feet_top"},"north":{"uv":[3,7,13,12],"texture":"#bed_feet_top"},"south":{"uv":[3,7,13,12],"texture":"#bed_feet_top"},"west":{"uv":[13,7,14,12],"texture":"#bed_feet_top"},"east":{"uv":[2,7,3,12],"texture":"#bed_feet_top"}}},{"__comment":"Voxels-F9D828","from":[3,5,1],"to":[4,6,2],"faces":{"down":{"uv":[13,2,12,1],"texture":"#gold_block"},"up":{"uv":[3,1,4,2],"texture":"#gold_block"},"north":{"uv":[12,10,13,11],"texture":"#gold_block"},"south":{"uv":[3,10,4,11],"texture":"#gold_block"},"west":{"uv":[1,10,2,11],"texture":"#gold_block"},"east":{"uv":[14,10,15,11],"texture":"#gold_block"}}},{"__comment":"Voxels-F9D828","from":[3,5,14],"to":[4,6,15],"faces":{"down":{"uv":[13,15,12,14],"texture":"#gold_block"},"up":{"uv":[3,14,4,15],"texture":"#gold_block"},"north":{"uv":[12,10,13,11],"texture":"#gold_block"},"south":{"uv":[3,10,4,11],"texture":"#gold_block"},"west":{"uv":[14,10,15,11],"texture":"#gold_block"},"east":{"uv":[1,10,2,11],"texture":"#gold_block"}}},{"__comment":"Voxels-A30000","from":[3,9,3],"to":[13,10,5],"faces":{"down":{"uv":[13,5,3,3],"texture":"#bed_feet_top"},"up":{"uv":[3,3,13,5],"texture":"#bed_feet_top"},"north":{"uv":[3,6,13,7],"texture":"#bed_feet_top"},"south":{"uv":[3,6,13,7],"texture":"#bed_feet_top"},"west":{"uv":[3,6,5,7],"texture":"#bed_feet_top"},"east":{"uv":[11,6,13,7],"texture":"#bed_feet_top"}}},{"__comment":"Voxels-A30000","from":[3,9,5],"to":[6,10,6],"faces":{"down":{"uv":[13,6,10,5],"texture":"#bed_feet_top"},"up":{"uv":[3,5,6,6],"texture":"#bed_feet_top"},"north":{"uv":[10,6,13,7],"texture":"#bed_feet_top"},"south":{"uv":[3,6,6,7],"texture":"#bed_feet_top"},"west":{"uv":[5,6,6,7],"texture":"#bed_feet_top"},"east":{"uv":[10,6,11,7],"texture":"#bed_feet_top"}}},{"__comment":"Voxels-A30000","from":[3,9,6],"to":[5,10,13],"faces":{"down":{"uv":[13,13,11,6],"texture":"#bed_feet_top"},"up":{"uv":[3,6,5,13],"texture":"#bed_feet_top"},"north":{"uv":[11,6,13,7],"texture":"#bed_feet_top"},"south":{"uv":[3,6,5,7],"texture":"#bed_feet_top"},"west":{"uv":[6,6,13,7],"texture":"#bed_feet_top"},"east":{"uv":[3,6,10,7],"texture":"#bed_feet_top"}}},{"__comment":"Voxels-F9D828","from":[3,11,7],"to":[5,12,9],"faces":{"down":{"uv":[13,9,11,7],"texture":"#gold_block"},"up":{"uv":[3,7,5,9],"texture":"#gold_block"},"north":{"uv":[11,4,13,5],"texture":"#gold_block"},"south":{"uv":[3,4,5,5],"texture":"#gold_block"},"west":{"uv":[7,4,9,5],"texture":"#gold_block"},"east":{"uv":[7,4,9,5],"texture":"#gold_block"}}},{"__comment":"Voxels-E40057","from":[4,3,1],"to":[5,4,2],"faces":{"down":{"uv":[15,5,14,4],"texture":"#redstone_block"},"up":{"uv":[1,4,2,5],"texture":"#redstone_block"},"north":{"uv":[15,15,16,16],"texture":"#redstone_block"},"south":{"uv":[0,15,1,16],"texture":"#redstone_block"},"west":{"uv":[4,15,5,16],"texture":"#redstone_block"},"east":{"uv":[15,15,16,16],"texture":"#redstone_block"}}},{"__comment":"Voxels-E40057","from":[4,3,14],"to":[5,4,15],"faces":{"down":{"uv":[15,5,14,4],"texture":"#redstone_block"},"up":{"uv":[1,4,2,5],"texture":"#redstone_block"},"north":{"uv":[15,15,16,16],"texture":"#redstone_block"},"south":{"uv":[0,15,1,16],"texture":"#redstone_block"},"west":{"uv":[4,15,5,16],"texture":"#redstone_block"},"east":{"uv":[15,15,16,16],"texture":"#redstone_block"}}},{"__comment":"Voxels-F9D828","from":[4,4,1],"to":[5,5,2],"faces":{"down":{"uv":[12,2,11,1],"texture":"#gold_block"},"up":{"uv":[4,1,5,2],"texture":"#gold_block"},"north":{"uv":[11,11,12,12],"texture":"#gold_block"},"south":{"uv":[4,11,5,12],"texture":"#gold_block"},"west":{"uv":[1,11,2,12],"texture":"#gold_block"},"east":{"uv":[14,11,15,12],"texture":"#gold_block"}}},{"__comment":"Voxels-F9D828","from":[4,4,14],"to":[5,5,15],"faces":{"down":{"uv":[12,15,11,14],"texture":"#gold_block"},"up":{"uv":[4,14,5,15],"texture":"#gold_block"},"north":{"uv":[11,11,12,12],"texture":"#gold_block"},"south":{"uv":[4,11,5,12],"texture":"#gold_block"},"west":{"uv":[14,11,15,12],"texture":"#gold_block"},"east":{"uv":[1,11,2,12],"texture":"#gold_block"}}},{"__comment":"Voxels-F9D828","from":[5,3,1],"to":[7,4,2],"faces":{"down":{"uv":[11,2,9,1],"texture":"#gold_block"},"up":{"uv":[5,1,7,2],"texture":"#gold_block"},"north":{"uv":[9,12,11,13],"texture":"#gold_block"},"south":{"uv":[5,12,7,13],"texture":"#gold_block"},"west":{"uv":[1,12,2,13],"texture":"#gold_block"},"east":{"uv":[14,12,15,13],"texture":"#gold_block"}}},{"__comment":"Voxels-F9D828","from":[5,3,14],"to":[7,4,15],"faces":{"down":{"uv":[11,15,9,14],"texture":"#gold_block"},"up":{"uv":[5,14,7,15],"texture":"#gold_block"},"north":{"uv":[9,12,11,13],"texture":"#gold_block"},"south":{"uv":[5,12,7,13],"texture":"#gold_block"},"west":{"uv":[14,12,15,13],"texture":"#gold_block"},"east":{"uv":[1,12,2,13],"texture":"#gold_block"}}},{"__comment":"Voxels-A30000","from":[5,5,1],"to":[11,9,2],"faces":{"down":{"uv":[11,2,5,1],"texture":"#bed_feet_top"},"up":{"uv":[5,1,11,2],"texture":"#bed_feet_top"},"north":{"uv":[5,7,11,11],"texture":"#bed_feet_top"},"south":{"uv":[5,7,11,11],"texture":"#bed_feet_top"},"west":{"uv":[1,7,2,11],"texture":"#bed_feet_top"},"east":{"uv":[14,7,15,11],"texture":"#bed_feet_top"}}},{"__comment":"Voxels-A30000","from":[5,5,14],"to":[11,9,15],"faces":{"down":{"uv":[11,15,5,14],"texture":"#bed_feet_top"},"up":{"uv":[5,14,11,15],"texture":"#bed_feet_top"},"north":{"uv":[5,7,11,11],"texture":"#bed_feet_top"},"south":{"uv":[5,7,11,11],"texture":"#bed_feet_top"},"west":{"uv":[14,7,15,11],"texture":"#bed_feet_top"},"east":{"uv":[1,7,2,11],"texture":"#bed_feet_top"}}},{"__comment":"Voxels-A30000","from":[5,9,10],"to":[6,10,13],"faces":{"down":{"uv":[11,13,10,10],"texture":"#bed_feet_top"},"up":{"uv":[5,10,6,13],"texture":"#bed_feet_top"},"north":{"uv":[10,6,11,7],"texture":"#bed_feet_top"},"south":{"uv":[5,6,6,7],"texture":"#bed_feet_top"},"west":{"uv":[10,6,13,7],"texture":"#bed_feet_top"},"east":{"uv":[3,6,6,7],"texture":"#bed_feet_top"}}},{"__comment":"Voxels-F9D828","from":[5,10,7],"to":[11,11,9],"faces":{"down":{"uv":[11,9,5,7],"texture":"#gold_block"},"up":{"uv":[5,7,11,9],"texture":"#gold_block"},"north":{"uv":[5,5,11,6],"texture":"#gold_block"},"south":{"uv":[5,5,11,6],"texture":"#gold_block"},"west":{"uv":[7,5,9,6],"texture":"#gold_block"},"east":{"uv":[7,5,9,6],"texture":"#gold_block"}}},{"__comment":"Voxels-F9D828","from":[6,4,1],"to":[10,5,2],"faces":{"down":{"uv":[10,2,6,1],"texture":"#gold_block"},"up":{"uv":[6,1,10,2],"texture":"#gold_block"},"north":{"uv":[6,11,10,12],"texture":"#gold_block"},"south":{"uv":[6,11,10,12],"texture":"#gold_block"},"west":{"uv":[1,11,2,12],"texture":"#gold_block"},"east":{"uv":[14,11,15,12],"texture":"#gold_block"}}},{"__comment":"Voxels-F9D828","from":[6,4,14],"to":[10,5,15],"faces":{"down":{"uv":[10,15,6,14],"texture":"#gold_block"},"up":{"uv":[6,14,10,15],"texture":"#gold_block"},"north":{"uv":[6,11,10,12],"texture":"#gold_block"},"south":{"uv":[6,11,10,12],"texture":"#gold_block"},"west":{"uv":[14,11,15,12],"texture":"#gold_block"},"east":{"uv":[1,11,2,12],"texture":"#gold_block"}}},{"__comment":"Voxels-A30000","from":[6,9,11],"to":[13,10,13],"faces":{"down":{"uv":[10,13,3,11],"texture":"#bed_feet_top"},"up":{"uv":[6,11,13,13],"texture":"#bed_feet_top"},"north":{"uv":[3,6,10,7],"texture":"#bed_feet_top"},"south":{"uv":[6,6,13,7],"texture":"#bed_feet_top"},"west":{"uv":[11,6,13,7],"texture":"#bed_feet_top"},"east":{"uv":[3,6,5,7],"texture":"#bed_feet_top"}}},{"__comment":"Voxels-009300","from":[7,3,1],"to":[9,4,2],"faces":{"down":{"uv":[9,2,7,1],"texture":"#emerald_block"},"up":{"uv":[0,1,2,2],"texture":"#emerald_block"},"north":{"uv":[0,1,2,2],"texture":"#emerald_block"},"south":{"uv":[0,1,2,2],"texture":"#emerald_block"},"west":{"uv":[1,12,2,13],"texture":"#emerald_block"},"east":{"uv":[14,12,15,13],"texture":"#emerald_block"}}},{"__comment":"Voxels-009300","from":[7,3,14],"to":[9,4,15],"faces":{"down":{"uv":[9,15,7,14],"texture":"#emerald_block"},"up":{"uv":[7,14,9,15],"texture":"#emerald_block"},"north":{"uv":[0,1,2,2],"texture":"#emerald_block"},"south":{"uv":[0,1,2,2],"texture":"#emerald_block"},"west":{"uv":[14,12,15,13],"texture":"#emerald_block"},"east":{"uv":[1,12,2,13],"texture":"#emerald_block"}}},{"__comment":"Voxels-F9D828","from":[7,5,0],"to":[9,10,1],"faces":{"down":{"uv":[9,1,7,0],"texture":"#gold_block"},"up":{"uv":[7,0,9,1],"texture":"#gold_block"},"north":{"uv":[7,6,9,11],"texture":"#gold_block"},"south":{"uv":[7,6,9,11],"texture":"#gold_block"},"west":{"uv":[0,6,1,11],"texture":"#gold_block"},"east":{"uv":[15,6,16,11],"texture":"#gold_block"}}},{"__comment":"Voxels-F9D828","from":[7,5,15],"to":[9,10,16],"faces":{"down":{"uv":[9,16,7,15],"texture":"#gold_block"},"up":{"uv":[7,15,9,16],"texture":"#gold_block"},"north":{"uv":[7,6,9,11],"texture":"#gold_block"},"south":{"uv":[7,6,9,11],"texture":"#gold_block"},"west":{"uv":[15,6,16,11],"texture":"#gold_block"},"east":{"uv":[0,6,1,11],"texture":"#gold_block"}}},{"__comment":"Voxels-F9D828","from":[7,10,1],"to":[9,11,3],"faces":{"down":{"uv":[9,3,7,1],"texture":"#gold_block"},"up":{"uv":[7,1,9,3],"texture":"#gold_block"},"north":{"uv":[7,5,9,6],"texture":"#gold_block"},"south":{"uv":[7,5,9,6],"texture":"#gold_block"},"west":{"uv":[1,5,3,6],"texture":"#gold_block"},"east":{"uv":[13,5,15,6],"texture":"#gold_block"}}},{"__comment":"Voxels-F9D828","from":[7,10,5],"to":[9,11,7],"faces":{"down":{"uv":[9,7,7,5],"texture":"#gold_block"},"up":{"uv":[7,5,9,7],"texture":"#gold_block"},"north":{"uv":[7,5,9,6],"texture":"#gold_block"},"south":{"uv":[7,5,9,6],"texture":"#gold_block"},"west":{"uv":[5,5,7,6],"texture":"#gold_block"},"east":{"uv":[9,5,11,6],"texture":"#gold_block"}}},{"__comment":"Voxels-F9D828","from":[7,10,9],"to":[9,11,11],"faces":{"down":{"uv":[9,11,7,9],"texture":"#gold_block"},"up":{"uv":[7,9,9,11],"texture":"#gold_block"},"north":{"uv":[7,5,9,6],"texture":"#gold_block"},"south":{"uv":[7,5,9,6],"texture":"#gold_block"},"west":{"uv":[9,5,11,6],"texture":"#gold_block"},"east":{"uv":[5,5,7,6],"texture":"#gold_block"}}},{"__comment":"Voxels-F9D828","from":[7,10,13],"to":[9,11,15],"faces":{"down":{"uv":[9,15,7,13],"texture":"#gold_block"},"up":{"uv":[7,13,9,15],"texture":"#gold_block"},"north":{"uv":[7,5,9,6],"texture":"#gold_block"},"south":{"uv":[7,5,9,6],"texture":"#gold_block"},"west":{"uv":[13,5,15,6],"texture":"#gold_block"},"east":{"uv":[1,5,3,6],"texture":"#gold_block"}}},{"__comment":"Voxels-F9D828","from":[7,11,3],"to":[9,12,5],"faces":{"down":{"uv":[9,5,7,3],"texture":"#gold_block"},"up":{"uv":[7,3,9,5],"texture":"#gold_block"},"north":{"uv":[7,4,9,5],"texture":"#gold_block"},"south":{"uv":[7,4,9,5],"texture":"#gold_block"},"west":{"uv":[3,4,5,5],"texture":"#gold_block"},"east":{"uv":[11,4,13,5],"texture":"#gold_block"}}},{"__comment":"Voxels-F9D828","from":[7,11,7],"to":[9,15,9],"faces":{"down":{"uv":[9,9,7,7],"texture":"#gold_block"},"up":{"uv":[7,7,9,9],"texture":"#gold_block"},"north":{"uv":[11,12,13,16],"texture":"#gold_block"},"south":{"uv":[9,12,11,16],"texture":"#gold_block"},"west":{"uv":[10,12,12,16],"texture":"#gold_block"},"east":{"uv":[8,12,10,16],"texture":"#gold_block"}}},{"__comment":"Voxels-F9D828","from":[7,11,11],"to":[9,12,13],"faces":{"down":{"uv":[9,13,7,11],"texture":"#gold_block"},"up":{"uv":[7,11,9,13],"texture":"#gold_block"},"north":{"uv":[7,4,9,5],"texture":"#gold_block"},"south":{"uv":[7,4,9,5],"texture":"#gold_block"},"west":{"uv":[11,4,13,5],"texture":"#gold_block"},"east":{"uv":[3,4,5,5],"texture":"#gold_block"}}},{"__comment":"Voxels-F9D828","from":[7,13,6],"to":[9,14,7],"faces":{"down":{"uv":[9,7,7,6],"texture":"#gold_block"},"up":{"uv":[7,6,9,7],"texture":"#gold_block"},"north":{"uv":[7,2,9,3],"texture":"#gold_block"},"south":{"uv":[7,2,9,3],"texture":"#gold_block"},"west":{"uv":[6,2,7,3],"texture":"#gold_block"},"east":{"uv":[9,2,10,3],"texture":"#gold_block"}}},{"__comment":"Voxels-F9D828","from":[7,13,9],"to":[9,14,10],"faces":{"down":{"uv":[9,10,7,9],"texture":"#gold_block"},"up":{"uv":[7,9,9,10],"texture":"#gold_block"},"north":{"uv":[7,2,9,3],"texture":"#gold_block"},"south":{"uv":[7,2,9,3],"texture":"#gold_block"},"west":{"uv":[9,2,10,3],"texture":"#gold_block"},"east":{"uv":[6,2,7,3],"texture":"#gold_block"}}},{"__comment":"Voxels-F9D828","from":[9,3,1],"to":[11,4,2],"faces":{"down":{"uv":[7,2,5,1],"texture":"#gold_block"},"up":{"uv":[9,1,11,2],"texture":"#gold_block"},"north":{"uv":[5,12,7,13],"texture":"#gold_block"},"south":{"uv":[9,12,11,13],"texture":"#gold_block"},"west":{"uv":[1,12,2,13],"texture":"#gold_block"},"east":{"uv":[14,12,15,13],"texture":"#gold_block"}}},{"__comment":"Voxels-F9D828","from":[9,3,14],"to":[11,4,15],"faces":{"down":{"uv":[7,15,5,14],"texture":"#gold_block"},"up":{"uv":[9,14,11,15],"texture":"#gold_block"},"north":{"uv":[5,12,7,13],"texture":"#gold_block"},"south":{"uv":[9,12,11,13],"texture":"#gold_block"},"west":{"uv":[14,12,15,13],"texture":"#gold_block"},"east":{"uv":[1,12,2,13],"texture":"#gold_block"}}},{"__comment":"Voxels-A30000","from":[10,9,5],"to":[13,10,6],"faces":{"down":{"uv":[6,6,3,5],"texture":"#bed_feet_top"},"up":{"uv":[10,5,13,6],"texture":"#bed_feet_top"},"north":{"uv":[3,6,6,7],"texture":"#bed_feet_top"},"south":{"uv":[10,6,13,7],"texture":"#bed_feet_top"},"west":{"uv":[5,6,6,7],"texture":"#bed_feet_top"},"east":{"uv":[10,6,11,7],"texture":"#bed_feet_top"}}},{"__comment":"Voxels-A30000","from":[10,9,10],"to":[13,10,11],"faces":{"down":{"uv":[6,11,3,10],"texture":"#bed_feet_top"},"up":{"uv":[10,10,13,11],"texture":"#bed_feet_top"},"north":{"uv":[3,6,6,7],"texture":"#bed_feet_top"},"south":{"uv":[10,6,13,7],"texture":"#bed_feet_top"},"west":{"uv":[10,6,11,7],"texture":"#bed_feet_top"},"east":{"uv":[5,6,6,7],"texture":"#bed_feet_top"}}},{"__comment":"Voxels-E40057","from":[11,3,1],"to":[12,4,2],"faces":{"down":{"uv":[15,5,14,4],"texture":"#redstone_block"},"up":{"uv":[1,4,2,5],"texture":"#redstone_block"},"north":{"uv":[15,15,16,16],"texture":"#redstone_block"},"south":{"uv":[0,15,1,16],"texture":"#redstone_block"},"west":{"uv":[4,15,5,16],"texture":"#redstone_block"},"east":{"uv":[15,15,16,16],"texture":"#redstone_block"}}},{"__comment":"Voxels-E40057","from":[11,3,14],"to":[12,4,15],"faces":{"down":{"uv":[15,5,14,4],"texture":"#redstone_block"},"up":{"uv":[1,4,2,5],"texture":"#redstone_block"},"north":{"uv":[15,15,16,16],"texture":"#redstone_block"},"south":{"uv":[0,15,1,16],"texture":"#redstone_block"},"west":{"uv":[4,15,5,16],"texture":"#redstone_block"},"east":{"uv":[15,15,16,16],"texture":"#redstone_block"}}},{"__comment":"Voxels-F9D828","from":[11,4,1],"to":[12,5,2],"faces":{"down":{"uv":[5,2,4,1],"texture":"#gold_block"},"up":{"uv":[11,1,12,2],"texture":"#gold_block"},"north":{"uv":[4,11,5,12],"texture":"#gold_block"},"south":{"uv":[11,11,12,12],"texture":"#gold_block"},"west":{"uv":[1,11,2,12],"texture":"#gold_block"},"east":{"uv":[14,11,15,12],"texture":"#gold_block"}}},{"__comment":"Voxels-F9D828","from":[11,4,14],"to":[12,5,15],"faces":{"down":{"uv":[5,15,4,14],"texture":"#gold_block"},"up":{"uv":[11,14,12,15],"texture":"#gold_block"},"north":{"uv":[4,11,5,12],"texture":"#gold_block"},"south":{"uv":[11,11,12,12],"texture":"#gold_block"},"west":{"uv":[14,11,15,12],"texture":"#gold_block"},"east":{"uv":[1,11,2,12],"texture":"#gold_block"}}},{"__comment":"Voxels-A30000","from":[11,9,6],"to":[13,10,10],"faces":{"down":{"uv":[5,10,3,6],"texture":"#bed_feet_top"},"up":{"uv":[11,6,13,10],"texture":"#bed_feet_top"},"north":{"uv":[3,6,5,7],"texture":"#bed_feet_top"},"south":{"uv":[11,6,13,7],"texture":"#bed_feet_top"},"west":{"uv":[6,6,10,7],"texture":"#bed_feet_top"},"east":{"uv":[6,6,10,7],"texture":"#bed_feet_top"}}},{"__comment":"Voxels-F9D828","from":[11,11,7],"to":[13,12,9],"faces":{"down":{"uv":[5,9,3,7],"texture":"#gold_block"},"up":{"uv":[11,7,13,9],"texture":"#gold_block"},"north":{"uv":[3,4,5,5],"texture":"#gold_block"},"south":{"uv":[11,4,13,5],"texture":"#gold_block"},"west":{"uv":[7,4,9,5],"texture":"#gold_block"},"east":{"uv":[7,4,9,5],"texture":"#gold_block"}}},{"__comment":"Voxels-F9D828","from":[12,3,1],"to":[13,4,2],"faces":{"down":{"uv":[4,2,3,1],"texture":"#gold_block"},"up":{"uv":[12,1,13,2],"texture":"#gold_block"},"north":{"uv":[3,12,4,13],"texture":"#gold_block"},"south":{"uv":[12,12,13,13],"texture":"#gold_block"},"west":{"uv":[1,12,2,13],"texture":"#gold_block"},"east":{"uv":[14,12,15,13],"texture":"#gold_block"}}},{"__comment":"Voxels-F9D828","from":[12,3,14],"to":[13,4,15],"faces":{"down":{"uv":[4,15,3,14],"texture":"#gold_block"},"up":{"uv":[12,14,13,15],"texture":"#gold_block"},"north":{"uv":[3,12,4,13],"texture":"#gold_block"},"south":{"uv":[12,12,13,13],"texture":"#gold_block"},"west":{"uv":[14,12,15,13],"texture":"#gold_block"},"east":{"uv":[1,12,2,13],"texture":"#gold_block"}}},{"__comment":"Voxels-F9D828","from":[12,5,1],"to":[13,6,2],"faces":{"down":{"uv":[4,2,3,1],"texture":"#gold_block"},"up":{"uv":[12,1,13,2],"texture":"#gold_block"},"north":{"uv":[3,10,4,11],"texture":"#gold_block"},"south":{"uv":[12,10,13,11],"texture":"#gold_block"},"west":{"uv":[1,10,2,11],"texture":"#gold_block"},"east":{"uv":[14,10,15,11],"texture":"#gold_block"}}},{"__comment":"Voxels-F9D828","from":[12,5,14],"to":[13,6,15],"faces":{"down":{"uv":[4,15,3,14],"texture":"#gold_block"},"up":{"uv":[12,14,13,15],"texture":"#gold_block"},"north":{"uv":[3,10,4,11],"texture":"#gold_block"},"south":{"uv":[12,10,13,11],"texture":"#gold_block"},"west":{"uv":[14,10,15,11],"texture":"#gold_block"},"east":{"uv":[1,10,2,11],"texture":"#gold_block"}}},{"__comment":"Voxels-F9D828","from":[13,2,3],"to":[14,4,13],"faces":{"down":{"uv":[3,13,2,3],"texture":"#gold_block"},"up":{"uv":[13,3,14,13],"texture":"#gold_block"},"north":{"uv":[2,12,3,14],"texture":"#gold_block"},"south":{"uv":[13,12,14,14],"texture":"#gold_block"},"west":{"uv":[3,12,13,14],"texture":"#gold_block"},"east":{"uv":[3,12,13,14],"texture":"#gold_block"}}},{"__comment":"Voxels-F9D828","from":[13,5,2],"to":[14,6,3],"faces":{"down":{"uv":[3,3,2,2],"texture":"#gold_block"},"up":{"uv":[13,2,14,3],"texture":"#gold_block"},"north":{"uv":[2,10,3,11],"texture":"#gold_block"},"south":{"uv":[13,10,14,11],"texture":"#gold_block"},"west":{"uv":[2,10,3,11],"texture":"#gold_block"},"east":{"uv":[13,10,14,11],"texture":"#gold_block"}}},{"__comment":"Voxels-F9D828","from":[13,5,13],"to":[14,6,14],"faces":{"down":{"uv":[3,14,2,13],"texture":"#gold_block"},"up":{"uv":[13,13,14,14],"texture":"#gold_block"},"north":{"uv":[2,10,3,11],"texture":"#gold_block"},"south":{"uv":[13,10,14,11],"texture":"#gold_block"},"west":{"uv":[13,10,14,11],"texture":"#gold_block"},"east":{"uv":[2,10,3,11],"texture":"#gold_block"}}},{"__comment":"Voxels-F9D828","from":[13,10,7],"to":[15,11,9],"faces":{"down":{"uv":[3,9,1,7],"texture":"#gold_block"},"up":{"uv":[13,7,15,9],"texture":"#gold_block"},"north":{"uv":[1,5,3,6],"texture":"#gold_block"},"south":{"uv":[13,5,15,6],"texture":"#gold_block"},"west":{"uv":[7,5,9,6],"texture":"#gold_block"},"east":{"uv":[7,5,9,6],"texture":"#gold_block"}}},{"__comment":"Voxels-F9D828","from":[14,3,3],"to":[15,4,4],"faces":{"down":{"uv":[2,4,1,3],"texture":"#gold_block"},"up":{"uv":[14,3,15,4],"texture":"#gold_block"},"north":{"uv":[1,12,2,13],"texture":"#gold_block"},"south":{"uv":[14,12,15,13],"texture":"#gold_block"},"west":{"uv":[3,12,4,13],"texture":"#gold_block"},"east":{"uv":[12,12,13,13],"texture":"#gold_block"}}},{"__comment":"Voxels-E40057","from":[14,3,4],"to":[15,4,5],"faces":{"down":{"uv":[15,5,14,4],"texture":"#redstone_block"},"up":{"uv":[1,4,2,5],"texture":"#redstone_block"},"north":{"uv":[15,15,16,16],"texture":"#redstone_block"},"south":{"uv":[0,15,1,16],"texture":"#redstone_block"},"west":{"uv":[4,15,5,16],"texture":"#redstone_block"},"east":{"uv":[15,15,16,16],"texture":"#redstone_block"}}},{"__comment":"Voxels-F9D828","from":[14,3,5],"to":[15,4,7],"faces":{"down":{"uv":[2,7,1,5],"texture":"#gold_block"},"up":{"uv":[14,5,15,7],"texture":"#gold_block"},"north":{"uv":[1,12,2,13],"texture":"#gold_block"},"south":{"uv":[14,12,15,13],"texture":"#gold_block"},"west":{"uv":[5,12,7,13],"texture":"#gold_block"},"east":{"uv":[9,12,11,13],"texture":"#gold_block"}}},{"__comment":"Voxels-009300","from":[14,3,7],"to":[15,4,9],"faces":{"down":{"uv":[2,9,1,7],"texture":"#emerald_block"},"up":{"uv":[14,7,15,9],"texture":"#emerald_block"},"north":{"uv":[1,12,2,13],"texture":"#emerald_block"},"south":{"uv":[14,12,15,13],"texture":"#emerald_block"},"west":{"uv":[0,1,2,2],"texture":"#emerald_block"},"east":{"uv":[0,1,2,2],"texture":"#emerald_block"}}},{"__comment":"Voxels-F9D828","from":[14,3,9],"to":[15,5,10],"faces":{"down":{"uv":[2,10,1,9],"texture":"#gold_block"},"up":{"uv":[14,9,15,10],"texture":"#gold_block"},"north":{"uv":[1,11,2,13],"texture":"#gold_block"},"south":{"uv":[14,11,15,13],"texture":"#gold_block"},"west":{"uv":[9,11,10,13],"texture":"#gold_block"},"east":{"uv":[6,11,7,13],"texture":"#gold_block"}}},{"__comment":"Voxels-F9D828","from":[14,3,10],"to":[15,4,11],"faces":{"down":{"uv":[2,11,1,10],"texture":"#gold_block"},"up":{"uv":[14,10,15,11],"texture":"#gold_block"},"north":{"uv":[1,12,2,13],"texture":"#gold_block"},"south":{"uv":[14,12,15,13],"texture":"#gold_block"},"west":{"uv":[10,12,11,13],"texture":"#gold_block"},"east":{"uv":[5,12,6,13],"texture":"#gold_block"}}},{"__comment":"Voxels-E40057","from":[14,3,11],"to":[15,4,12],"faces":{"down":{"uv":[15,5,14,4],"texture":"#redstone_block"},"up":{"uv":[1,4,2,5],"texture":"#redstone_block"},"north":{"uv":[15,15,16,16],"texture":"#redstone_block"},"south":{"uv":[0,15,1,16],"texture":"#redstone_block"},"west":{"uv":[4,15,5,16],"texture":"#redstone_block"},"east":{"uv":[15,15,16,16],"texture":"#redstone_block"}}},{"__comment":"Voxels-F9D828","from":[14,3,12],"to":[15,4,13],"faces":{"down":{"uv":[2,13,1,12],"texture":"#gold_block"},"up":{"uv":[14,12,15,13],"texture":"#gold_block"},"north":{"uv":[1,12,2,13],"texture":"#gold_block"},"south":{"uv":[14,12,15,13],"texture":"#gold_block"},"west":{"uv":[12,12,13,13],"texture":"#gold_block"},"east":{"uv":[3,12,4,13],"texture":"#gold_block"}}},{"__comment":"Voxels-F9D828","from":[14,4,4],"to":[15,5,5],"faces":{"down":{"uv":[2,5,1,4],"texture":"#gold_block"},"up":{"uv":[14,4,15,5],"texture":"#gold_block"},"north":{"uv":[1,11,2,12],"texture":"#gold_block"},"south":{"uv":[14,11,15,12],"texture":"#gold_block"},"west":{"uv":[4,11,5,12],"texture":"#gold_block"},"east":{"uv":[11,11,12,12],"texture":"#gold_block"}}},{"__comment":"Voxels-F9D828","from":[14,4,6],"to":[15,5,9],"faces":{"down":{"uv":[2,9,1,6],"texture":"#gold_block"},"up":{"uv":[14,6,15,9],"texture":"#gold_block"},"north":{"uv":[1,11,2,12],"texture":"#gold_block"},"south":{"uv":[14,11,15,12],"texture":"#gold_block"},"west":{"uv":[6,11,9,12],"texture":"#gold_block"},"east":{"uv":[7,11,10,12],"texture":"#gold_block"}}},{"__comment":"Voxels-F9D828","from":[14,4,11],"to":[15,5,12],"faces":{"down":{"uv":[2,12,1,11],"texture":"#gold_block"},"up":{"uv":[14,11,15,12],"texture":"#gold_block"},"north":{"uv":[1,11,2,12],"texture":"#gold_block"},"south":{"uv":[14,11,15,12],"texture":"#gold_block"},"west":{"uv":[11,11,12,12],"texture":"#gold_block"},"east":{"uv":[4,11,5,12],"texture":"#gold_block"}}},{"__comment":"Voxels-F9D828","from":[15,8,7],"to":[16,10,9],"faces":{"down":{"uv":[1,9,0,7],"texture":"#gold_block"},"up":{"uv":[15,7,16,9],"texture":"#gold_block"},"north":{"uv":[0,6,1,8],"texture":"#gold_block"},"south":{"uv":[15,6,16,8],"texture":"#gold_block"},"west":{"uv":[7,6,9,8],"texture":"#gold_block"},"east":{"uv":[7,6,9,8],"texture":"#gold_block"}}}],"display":{"gui":{"rotation":[21,-50,0],"translation":[0,0,13.217]},"head":{"translation":[0,10.434,0],"scale":[1.45,1.45,1.45]}}}