{
	"credit": "Made by CookiesNom with Blockbench",
	"textures": {
		"0": "craftadia/tools/candycane_sword",
		"particle": "craftadia/tools/candycane_sword"
	},
	"elements": [
		{
			"from": [7.4, 7.4, 7.4],
			"to": [8.6, 10.6, 8.6],
			"rotation": {"angle": 0, "axis": "y", "origin": [15.5, 14.5, 15.5]},
			"faces": {
				"north": {"uv": [7, 1, 8, 4], "texture": "#0"},
				"east": {"uv": [6, 1, 7, 4], "texture": "#0"},
				"south": {"uv": [9, 1, 10, 4], "texture": "#0"},
				"west": {"uv": [8, 1, 9, 4], "texture": "#0"},
				"up": {"uv": [8, 1, 7, 0], "texture": "#0"},
				"down": {"uv": [9, 0, 8, 1], "texture": "#0"}
			}
		},
		{
			"from": [6.99, 7.8165, 7.10639],
			"to": [9.01, 10.8365, 7.12639],
			"rotation": {"angle": 22.5, "axis": "x", "origin": [8, 9.8265, 7.11639]},
			"faces": {
				"north": {"uv": [6.525, 6.025, 8.475, 8.975], "texture": "#0"},
				"south": {"uv": [8.475, 6.025, 6.525, 8.975], "texture": "#0"}
			}
		},
		{
			"from": [7.75, 11.5, 6.75],
			"to": [8.25, 22.5, 9.25],
			"rotation": {"angle": 0, "axis": "y", "origin": [15.25, 17.5, 15.75]},
			"faces": {
				"north": {"uv": [2.5, 2.5, 3, 13.5], "texture": "#0"},
				"east": {"uv": [0, 2.5, 2.5, 13.5], "texture": "#0"},
				"south": {"uv": [5.5, 2.5, 6, 13.5], "texture": "#0"},
				"west": {"uv": [3, 2.5, 5.5, 13.5], "texture": "#0"},
				"up": {"uv": [3, 2.5, 2.5, 0], "texture": "#0"},
				"down": {"uv": [3.5, 0, 3, 2.5], "texture": "#0"}
			}
		},
		{
			"from": [7.751, 21.251, 7.26877],
			"to": [8.249, 23.01677, 9.03453],
			"rotation": {"angle": 45, "axis": "x", "origin": [8, 22.5, 8.51777]},
			"faces": {
				"north": {"uv": [7.5, 12, 8, 13.5], "texture": "#0"},
				"east": {"uv": [6, 12, 7.5, 13.5], "texture": "#0"},
				"south": {"uv": [9.5, 12, 10, 13.5], "texture": "#0"},
				"west": {"uv": [8, 12, 9.5, 13.5], "texture": "#0"},
				"up": {"uv": [8, 12, 7.5, 10.5], "texture": "#0"},
				"down": {"uv": [8.5, 10.5, 8, 12], "texture": "#0"}
			}
		},
		{
			"from": [7.501, 5.26356, 7.53133],
			"to": [8.499, 6.67578, 8.52933],
			"rotation": {"angle": -45, "axis": "x", "origin": [8, 6.42678, 8.03033]},
			"faces": {
				"north": {"uv": [10, 13.5, 11, 14.5], "texture": "#0"},
				"east": {"uv": [9, 13.5, 10, 14.5], "texture": "#0"},
				"south": {"uv": [12, 13.5, 13, 14.5], "texture": "#0"},
				"west": {"uv": [11, 13.5, 12, 14.5], "texture": "#0"},
				"up": {"uv": [11, 13.5, 10, 12.5], "texture": "#0"},
				"down": {"uv": [12, 12.5, 11, 13.5], "texture": "#0"}
			}
		},
		{
			"from": [7.501, 10.90847, 9.47104],
			"to": [8.499, 11.90647, 10.88325],
			"rotation": {"angle": -22.5, "axis": "x", "origin": [8, 11.40747, 10.63425]},
			"faces": {
				"north": {"uv": [13, 3, 14, 4], "texture": "#0"},
				"east": {"uv": [12, 3, 13, 4], "texture": "#0"},
				"south": {"uv": [15, 3, 16, 4], "texture": "#0"},
				"west": {"uv": [14, 3, 15, 4], "texture": "#0"},
				"up": {"uv": [14, 3, 13, 2], "texture": "#0"},
				"down": {"uv": [15, 2, 14, 3], "texture": "#0"}
			}
		},
		{
			"from": [7.501, 10.90847, 5.11675],
			"to": [8.499, 11.90647, 6.52896],
			"rotation": {"angle": 22.5, "axis": "x", "origin": [8, 11.40747, 5.36575]},
			"faces": {
				"north": {"uv": [16, 3, 15, 4], "texture": "#0"},
				"east": {"uv": [13, 3, 12, 4], "texture": "#0"},
				"south": {"uv": [14, 3, 13, 4], "texture": "#0"},
				"west": {"uv": [15, 3, 14, 4], "texture": "#0"},
				"up": {"uv": [14, 2, 13, 3], "texture": "#0"},
				"down": {"uv": [15, 3, 14, 2], "texture": "#0"}
			}
		},
		{
			"from": [7.501, 5.26356, 9.97067],
			"to": [8.499, 6.67578, 10.96867],
			"rotation": {"angle": 45, "axis": "x", "origin": [8, 6.42678, 10.46967]},
			"faces": {
				"north": {"uv": [12.5, 8, 13.5, 9], "texture": "#0"},
				"east": {"uv": [11.5, 8, 12.5, 9], "texture": "#0"},
				"south": {"uv": [14.5, 8, 15.5, 9], "texture": "#0"},
				"west": {"uv": [13.5, 8, 14.5, 9], "texture": "#0"},
				"up": {"uv": [13.5, 8, 12.5, 7], "texture": "#0"},
				"down": {"uv": [14.5, 7, 13.5, 8], "texture": "#0"}
			}
		},
		{
			"from": [7.5, 6.25, 7.5],
			"to": [8.5, 7.5, 8.5],
			"rotation": {"angle": 0, "axis": "y", "origin": [15.5, 12.5, 15.5]},
			"faces": {
				"north": {"uv": [12.5, 6, 13.5, 7], "texture": "#0"},
				"east": {"uv": [11.5, 6, 12.5, 7], "texture": "#0"},
				"south": {"uv": [14.5, 6, 15.5, 7], "texture": "#0"},
				"west": {"uv": [13.5, 6, 14.5, 7], "texture": "#0"},
				"up": {"uv": [13.5, 6, 12.5, 5], "texture": "#0"},
				"down": {"uv": [14.5, 5, 13.5, 6], "texture": "#0"}
			}
		},
		{
			"from": [7.5, 11.19448, 10.28596],
			"to": [8.5, 12.19448, 11.28596],
			"rotation": {"angle": 22.5, "axis": "x", "origin": [8, 11.69448, 10.78596]},
			"faces": {
				"north": {"uv": [11, 11.5, 12, 12.5], "texture": "#0"},
				"east": {"uv": [10, 11.5, 11, 12.5], "texture": "#0"},
				"south": {"uv": [13, 11.5, 14, 12.5], "texture": "#0"},
				"west": {"uv": [12, 11.5, 13, 12.5], "texture": "#0"},
				"up": {"uv": [12, 11.5, 11, 10.5], "texture": "#0"},
				"down": {"uv": [13, 10.5, 12, 11.5], "texture": "#0"}
			}
		},
		{
			"from": [7.5, 11.19448, 4.71404],
			"to": [8.5, 12.19448, 5.71404],
			"rotation": {"angle": -22.5, "axis": "x", "origin": [8, 11.69448, 5.21404]},
			"faces": {
				"north": {"uv": [14, 11.5, 13, 12.5], "texture": "#0"},
				"east": {"uv": [11, 11.5, 10, 12.5], "texture": "#0"},
				"south": {"uv": [12, 11.5, 11, 12.5], "texture": "#0"},
				"west": {"uv": [13, 11.5, 12, 12.5], "texture": "#0"},
				"up": {"uv": [12, 10.5, 11, 11.5], "texture": "#0"},
				"down": {"uv": [13, 11.5, 12, 10.5], "texture": "#0"}
			}
		},
		{
			"from": [7.5, 6.25, 10],
			"to": [8.5, 7.5, 11],
			"rotation": {"angle": 0, "axis": "y", "origin": [15.5, 12.5, 18]},
			"faces": {
				"north": {"uv": [11, 1, 12, 2], "texture": "#0"},
				"east": {"uv": [10, 1, 11, 2], "texture": "#0"},
				"south": {"uv": [13, 1, 14, 2], "texture": "#0"},
				"west": {"uv": [12, 1, 13, 2], "texture": "#0"},
				"up": {"uv": [12, 1, 11, 0], "texture": "#0"},
				"down": {"uv": [13, 0, 12, 1], "texture": "#0"}
			}
		},
		{
			"from": [7.5, 5.25, 8.5],
			"to": [8.5, 6.25, 10],
			"rotation": {"angle": 0, "axis": "y", "origin": [15.5, 11.25, 17]},
			"faces": {
				"north": {"uv": [10, 4, 11, 5], "texture": "#0"},
				"east": {"uv": [8.5, 4, 10, 5], "texture": "#0"},
				"south": {"uv": [12.5, 4, 13.5, 5], "texture": "#0"},
				"west": {"uv": [11, 4, 12.5, 5], "texture": "#0"},
				"up": {"uv": [11, 4, 10, 2.5], "texture": "#0"},
				"down": {"uv": [12, 2.5, 11, 4], "texture": "#0"}
			}
		},
		{
			"from": [7.5, 10.5, 6.25],
			"to": [8.5, 11.5, 9.75],
			"rotation": {"angle": 0, "axis": "y", "origin": [15.5, 16.5, 15.75]},
			"faces": {
				"north": {"uv": [9.5, 9.5, 10.5, 10.5], "texture": "#0"},
				"east": {"uv": [6, 9.5, 9.5, 10.5], "texture": "#0"},
				"south": {"uv": [14, 9.5, 15, 10.5], "texture": "#0"},
				"west": {"uv": [10.5, 9.5, 14, 10.5], "texture": "#0"},
				"up": {"uv": [10.5, 9.5, 9.5, 6], "texture": "#0"},
				"down": {"uv": [11.5, 6, 10.5, 9.5], "texture": "#0"}
			}
		}
	],
	"display": {
		"thirdperson_righthand": {
			"rotation": [0, 180, 0],
			"translation": [0, -3, 1],
			"scale": [1.2, 1.2, 1.2]
		},
		"thirdperson_lefthand": {
			"rotation": [0, 180, 0],
			"translation": [0, -3, 1],
			"scale": [1.2, 1.2, 1.2]
		},
		"firstperson_righthand": {
			"rotation": [1, 180, 8],
			"translation": [1, -3.5, 0],
			"scale": [1.2, 1.2, 1.2]
		},
		"firstperson_lefthand": {
			"rotation": [1, 180, 8],
			"translation": [1, -3.5, 0],
			"scale": [1.2, 1.2, 1.2]
		},
		"ground": {
			"rotation": [-45, 0, 0],
			"translation": [0, -1.5, 0],
			"scale": [0.5, 0.5, 0.5]
		},
		"gui": {
			"rotation": [90, -135, 90],
			"translation": [-4, -5, 0]
		},
		"fixed": {
			"rotation": [-90, 45, 90],
			"translation": [3.5, -4.5, 0]
		}
	}
}