{
	"credit": "Model by Samuel McLaughlin with Blockbench ",
	"texture_size": [32, 32],
	"textures": {
		"0": "craftadia/tools/confetti_canon",
		"1": "craftadia/tools/confetti",
		"particle": "craftadia/tools/confetti_canon"
	},
	"elements": [
		{
			"from": [7, -15.975, 8],
			"to": [11, -1.975, 12],
			"rotation": {"angle": 0, "axis": "y", "origin": [15, -7.975, 16]},
			"faces": {
				"north": {"uv": [0, 0, 2, 7], "texture": "#0"},
				"east": {"uv": [0, 0, 2, 7], "texture": "#0"},
				"south": {"uv": [0, 0, 2, 7], "texture": "#0"},
				"west": {"uv": [0, 0, 2, 7], "texture": "#0"},
				"up": {"uv": [4, 2, 2, 0], "texture": "#0"},
				"down": {"uv": [6, 0, 4, 2], "texture": "#0"}
			}
		},
		{
			"from": [-8, -3, 9],
			"to": [24, 29, 9],
			"rotation": {"angle": 0, "axis": "y", "origin": [0, 12, 8]},
			"faces": {
				"north": {"uv": [0, 0, 16, 16], "texture": "#1"},
				"east": {"uv": [0, 0, 0, 8], "texture": "#missing"},
				"west": {"uv": [0, 0, 0, 8], "texture": "#missing"},
				"up": {"uv": [0, 0, 8, 0], "texture": "#missing"},
				"down": {"uv": [0, 0, 8, 0], "texture": "#missing"}
			}
		}
	],
	"display": {
		"thirdperson_righthand": {
			"rotation": [55, 7, 0],
			"translation": [-0.75, 6.5, 8],
			"scale": [0.5, 0.5, 0.5]
		}
	}
}