{
	"credit": "Made with Blockbench",
	"texture_size": [32, 32],
	"textures": {
		"0": "craftadia/tools/machete",
		"particle": "craftadia/tools/machete"
	},
	"elements": [
		{
			"from": [6.8, -0.2, 6.825],
			"to": [9.2, 1.2, 9.225],
			"rotation": {"angle": -22.5, "axis": "x", "origin": [8, 0.5, 8.025]},
			"faces": {
				"north": {"uv": [4, 3.5, 5, 4], "texture": "#0"},
				"east": {"uv": [5, 3.5, 6, 4], "texture": "#0"},
				"south": {"uv": [5, 4, 6, 4.5], "texture": "#0"},
				"west": {"uv": [5, 4.5, 6, 5], "texture": "#0"},
				"up": {"uv": [3, 1, 2, 0], "texture": "#0"},
				"down": {"uv": [3, 1, 2, 2], "texture": "#0"}
			}
		},
		{
			"from": [7, 4.625, 7],
			"to": [9, 5.625, 9],
			"rotation": {"angle": 0, "axis": "y", "origin": [15, 12.625, 15]},
			"faces": {
				"north": {"uv": [6, 6, 7, 6.5], "texture": "#0"},
				"east": {"uv": [6, 0, 7, 0.5], "texture": "#0"},
				"south": {"uv": [6, 0.5, 7, 1], "texture": "#0"},
				"west": {"uv": [6, 1, 7, 1.5], "texture": "#0"},
				"up": {"uv": [4, 1, 3, 0], "texture": "#0"},
				"down": {"uv": [4, 1, 3, 2], "texture": "#0"}
			}
		},
		{
			"from": [8, 5.625, 6],
			"to": [8, 17.625, 9],
			"rotation": {"angle": 0, "axis": "y", "origin": [15, 13.625, 15]},
			"faces": {
				"north": {"uv": [0, 0, 0, 7], "texture": "#0"},
				"east": {"uv": [3.75, 2, 2, 8.25], "texture": "#0"},
				"south": {"uv": [0, 0, 0, 7], "texture": "#0"},
				"west": {"uv": [2, 2, 3.75, 8.25], "texture": "#0"},
				"up": {"uv": [0, 2, 0, 0], "texture": "#0"},
				"down": {"uv": [0, 0, 0, 2], "texture": "#0"}
			}
		},
		{
			"from": [7.2, 0.825, 7.2],
			"to": [8.8, 5.425, 8.8],
			"rotation": {"angle": 0, "axis": "y", "origin": [15, 8.625, 15]},
			"faces": {
				"north": {"uv": [4, 4, 5, 6.5], "texture": "#0"},
				"east": {"uv": [4, 0, 5, 2.5], "texture": "#0"},
				"south": {"uv": [5, 5, 6, 7.5], "texture": "#0"},
				"west": {"uv": [5, 0, 6, 2.5], "texture": "#0"},
				"up": {"uv": [5, 3.5, 4, 2.5], "texture": "#0"},
				"down": {"uv": [6, 2.5, 5, 3.5], "texture": "#0"}
			}
		}
	],
	"display": {
		"thirdperson_righthand": {
			"translation": [0, 4.75, 2],
			"scale": [1.37, 1.37, 1.37]
		},
		"thirdperson_lefthand": {
			"translation": [0, 4.75, 2],
			"scale": [1.37, 1.37, 1.37]
		},
		"firstperson_righthand": {
			"rotation": [6, 0, 0],
			"translation": [0, 3.5, 0]
		},
		"firstperson_lefthand": {
			"rotation": [6, 0, 0],
			"translation": [0, 3.5, 0]
		},
		"ground": {
			"translation": [0, 7.25, 0]
		},
		"gui": {
			"rotation": [90, -132, 90],
			"translation": [-0.75, 0, 0],
			"scale": [0.85, 0.85, 0.85]
		},
		"head": {
			"rotation": [90, 136, 90],
			"translation": [-1.75, -13.5, 4.25],
			"scale": [1.81, 1.81, 1.81]
		},
		"fixed": {
			"rotation": [-90, 135, 90],
			"translation": [0, -0.5, -0.75],
			"scale": [1.15, 1.15, 1.15]
		}
	},
	"groups": [
		{
			"name": "group",
			"origin": [15, 8.625, 15],
			"children": [0, 1, 2, 3]
		}
	]
}