{
	"credit": "Made with Blockbench",
	"texture_size": [32, 32],
	"textures": {
		"0": "craftadia/tools/summerpickaxe"
	},
	"elements": [
		{
			"from": [7, 1.3, 7],
			"to": [9, 22.3, 9],
			"rotation": {"angle": 0, "axis": "y", "origin": [15, 9.3, 16]},
			"faces": {
				"north": {"uv": [1.5, 12, 2.5, 15.999], "texture": "#0"},
				"east": {"uv": [1.5, 12, 2.5, 16], "texture": "#0"},
				"south": {"uv": [1.5, 12, 2.5, 16], "texture": "#0"},
				"west": {"uv": [1.5, 12, 2.5, 16], "texture": "#0"},
				"up": {"uv": [0, 0, 0.25, 0.25], "texture": "#0"},
				"down": {"uv": [0, 0, 0.25, 0.25], "texture": "#0"}
			}
		},
		{
			"from": [6.7, 1.7, 6.7],
			"to": [9.3, 3.3, 9.3],
			"rotation": {"angle": 0, "axis": "y", "origin": [15.5, 10.5, 16.5]},
			"faces": {
				"north": {"uv": [0, 15, 1.5, 16], "texture": "#0"},
				"east": {"uv": [0, 15, 1.5, 16], "rotation": 180, "texture": "#0"},
				"south": {"uv": [0, 15, 1.5, 16], "texture": "#0"},
				"west": {"uv": [0, 15, 1.5, 16], "rotation": 180, "texture": "#0"},
				"up": {"uv": [0, 13, 1.5, 14.5], "texture": "#0"},
				"down": {"uv": [0, 13, 1.5, 14.5], "texture": "#0"}
			}
		},
		{
			"from": [6.7, 20.7, 6.7],
			"to": [9.3, 25.3, 9.3],
			"rotation": {"angle": 0, "axis": "y", "origin": [15.5, 29.5, 16.5]},
			"faces": {
				"north": {"uv": [2.5, 13.5, 4, 15.9995], "texture": "#0"},
				"east": {"uv": [2.5, 13.5, 4, 15.9995], "rotation": 180, "texture": "#0"},
				"south": {"uv": [2.5, 13.5, 4, 15.9995], "texture": "#0"},
				"west": {"uv": [2.5, 13.5, 4, 15.9995], "rotation": 180, "texture": "#0"},
				"up": {"uv": [0, 13, 1.5, 14.5], "texture": "#0"},
				"down": {"uv": [0, 13, 1.5, 14.5], "texture": "#0"}
			}
		},
		{
			"from": [6.9, 21.7, 6.9],
			"to": [9.1, 25.9, 9.1],
			"rotation": {"angle": 0, "axis": "y", "origin": [15.5, 30.3, 16.5]},
			"faces": {
				"north": {"uv": [2.5, 13.5, 4, 15.9995], "texture": "#0"},
				"east": {"uv": [2.5, 13.5, 4, 15.9995], "rotation": 180, "texture": "#0"},
				"south": {"uv": [2.5, 13.5, 4, 15.9995], "texture": "#0"},
				"west": {"uv": [2.5, 13.5, 4, 15.9995], "rotation": 180, "texture": "#0"},
				"up": {"uv": [0, 13, 1.5, 14.5], "texture": "#0"},
				"down": {"uv": [0, 13, 1.5, 14.5], "texture": "#0"}
			}
		},
		{
			"from": [6.6, 20.6, 6.6],
			"to": [9.4, 21.4, 9.4],
			"rotation": {"angle": 0, "axis": "y", "origin": [15.5, 29.5, 16.5]},
			"faces": {
				"north": {"uv": [2.5, 13, 4, 13.499], "texture": "#0"},
				"east": {"uv": [2.5, 13, 4, 13.499], "rotation": 180, "texture": "#0"},
				"south": {"uv": [2.5, 13, 4, 13.499], "texture": "#0"},
				"west": {"uv": [2.5, 13, 4, 13.499], "rotation": 180, "texture": "#0"},
				"up": {"uv": [1.5, 10, 3, 11.5], "texture": "#0"},
				"down": {"uv": [1.5, 10, 3, 11.5], "texture": "#0"}
			}
		},
		{
			"from": [6.6, 24.6, 6.6],
			"to": [9.4, 25.4, 9.4],
			"rotation": {"angle": 0, "axis": "y", "origin": [15.5, 33.5, 16.5]},
			"faces": {
				"north": {"uv": [2.5, 13, 4, 13.499], "texture": "#0"},
				"east": {"uv": [2.5, 13, 4, 13.499], "rotation": 180, "texture": "#0"},
				"south": {"uv": [2.5, 13, 4, 13.499], "texture": "#0"},
				"west": {"uv": [2.5, 13, 4, 13.499], "rotation": 180, "texture": "#0"},
				"up": {"uv": [1.5, 10, 3, 11.5], "texture": "#0"},
				"down": {"uv": [1.5, 10, 3, 11.5], "texture": "#0"}
			}
		},
		{
			"from": [20.6, 14, 7.2],
			"to": [24.2, 15.6, 8.8],
			"rotation": {"angle": -45, "axis": "z", "origin": [26.4, 22.8, 18]},
			"faces": {
				"north": {"uv": [3.5, 7, 5.5, 8], "texture": "#0"},
				"east": {"uv": [5.499, 6.9995, 6.498, 7.9985], "texture": "#0"},
				"south": {"uv": [3.5, 7, 5.5, 8], "rotation": 180, "texture": "#0"},
				"west": {"uv": [5.499, 15, 6.498, 15.999], "texture": "#0"},
				"up": {"uv": [3.5, 7, 5.5, 8], "rotation": 180, "texture": "#0"},
				"down": {"uv": [3.5, 7, 5.5, 8], "rotation": 180, "texture": "#0"}
			}
		},
		{
			"from": [-8.2, 14, 7.2],
			"to": [-4.6, 15.6, 8.8],
			"rotation": {"angle": 45, "axis": "z", "origin": [-10.4, 22.8, 18]},
			"faces": {
				"north": {"uv": [5.5, 7, 3.5, 8], "texture": "#0"},
				"east": {"uv": [6.498, 15, 5.499, 15.999], "texture": "#0"},
				"south": {"uv": [5.5, 7, 3.5, 8], "rotation": 180, "texture": "#0"},
				"west": {"uv": [6.498, 6.9995, 5.499, 7.9985], "texture": "#0"},
				"up": {"uv": [5.5, 7, 3.5, 8], "rotation": 180, "texture": "#0"},
				"down": {"uv": [5.5, 7, 3.5, 8], "rotation": 180, "texture": "#0"}
			}
		},
		{
			"from": [7.6, 21.8, 6.8],
			"to": [12, 24.2, 9.2],
			"rotation": {"angle": 0, "axis": "y", "origin": [15.8, 31, 18]},
			"faces": {
				"north": {"uv": [10.5, 15, 12.5, 16], "texture": "#0"},
				"east": {"uv": [9.5, 15, 10.5, 16], "texture": "#0"},
				"south": {"uv": [12.5, 15, 10.5, 16], "texture": "#0"},
				"west": {"uv": [5.5, 15, 6.4995, 15.9995], "texture": "#0"},
				"up": {"uv": [12.5, 15, 10.5, 16], "texture": "#0"},
				"down": {"uv": [12.5, 15, 10.5, 16], "texture": "#0"}
			}
		},
		{
			"from": [4, 21.8, 6.8],
			"to": [8.4, 24.2, 9.2],
			"rotation": {"angle": 0, "axis": "y", "origin": [0.2, 31, 18]},
			"faces": {
				"north": {"uv": [12.5, 15, 10.5, 16], "texture": "#0"},
				"east": {"uv": [6.4995, 15, 5.5, 15.9995], "texture": "#0"},
				"south": {"uv": [10.5, 15, 12.5, 16], "texture": "#0"},
				"west": {"uv": [10.5, 15, 9.5, 16], "texture": "#0"},
				"up": {"uv": [10.5, 15, 12.5, 16], "texture": "#0"},
				"down": {"uv": [10.5, 15, 12.5, 16], "texture": "#0"}
			}
		},
		{
			"from": [13.8, 18.6, 7],
			"to": [19.8, 20.6, 9],
			"rotation": {"angle": -22.5, "axis": "z", "origin": [21.8, 27.6, 18]},
			"faces": {
				"north": {"uv": [6.4995, 7, 8.4985, 7.9995], "texture": "#0"},
				"east": {"uv": [9.5, 15, 10.5, 16], "texture": "#0"},
				"south": {"uv": [8.5, 7, 6.5, 8], "texture": "#0"},
				"west": {"uv": [5.5, 15, 6.4995, 15.9995], "texture": "#0"},
				"up": {"uv": [8.499, 7, 6.5, 7.999], "texture": "#0"},
				"down": {"uv": [8.5, 7, 6.5, 8], "texture": "#0"}
			}
		},
		{
			"from": [-3.8, 18.6, 7],
			"to": [2.2, 20.6, 9],
			"rotation": {"angle": 22.5, "axis": "z", "origin": [-5.8, 27.6, 18]},
			"faces": {
				"north": {"uv": [8.4985, 7, 6.4995, 7.9995], "texture": "#0"},
				"east": {"uv": [6.4995, 15, 5.5, 15.9995], "texture": "#0"},
				"south": {"uv": [6.5, 7, 8.5, 8], "texture": "#0"},
				"west": {"uv": [10.5, 15, 9.5, 16], "texture": "#0"},
				"up": {"uv": [6.5, 7, 8.499, 7.999], "texture": "#0"},
				"down": {"uv": [6.5, 7, 8.5, 8], "texture": "#0"}
			}
		},
		{
			"from": [0, 24.2, 6.5],
			"to": [3, 27.2, 9.5],
			"rotation": {"angle": 45, "axis": "z", "origin": [8, 32.2, 15.5]},
			"faces": {
				"north": {"uv": [12, 13.5, 13.5, 15], "texture": "#0"},
				"east": {"uv": [10.5, 12, 12, 13.5], "texture": "#0"},
				"south": {"uv": [12, 13.5, 13.5, 15], "texture": "#0"},
				"west": {"uv": [10.5, 10, 12, 11.5], "texture": "#0"},
				"up": {"uv": [8.9995, 12, 10.499, 13.4995], "texture": "#0"},
				"down": {"uv": [12, 12, 13.5, 13.5], "texture": "#0"}
			}
		},
		{
			"from": [0.1, 2.8, 6.6],
			"to": [2.9, 5.6, 9.4],
			"rotation": {"angle": 45, "axis": "z", "origin": [8, 10.7, 15.5]},
			"faces": {
				"north": {"uv": [12, 13.5, 13.5, 15], "texture": "#0"},
				"east": {"uv": [10.5, 12, 12, 13.5], "texture": "#0"},
				"south": {"uv": [12, 13.5, 13.5, 15], "texture": "#0"},
				"west": {"uv": [10.5, 10, 12, 11.5], "texture": "#0"},
				"up": {"uv": [8.9995, 12, 10.499, 13.4995], "texture": "#0"},
				"down": {"uv": [12, 12, 13.5, 13.5], "texture": "#0"}
			}
		}
	],
	"gui_light": "front",
	"display": {
		"thirdperson_righthand": {
			"rotation": [0, 90, 0],
			"translation": [0, 3, 1],
			"scale": [0.55, 0.55, 0.55]
		},
		"thirdperson_lefthand": {
			"rotation": [0, 90, 0],
			"translation": [0, 3, 1],
			"scale": [0.55, 0.55, 0.55]
		},
		"firstperson_righthand": {
			"rotation": [20, 90, -25],
			"translation": [1.13, 0.75, 1.13],
			"scale": [0.4, 0.4, 0.4]
		},
		"firstperson_lefthand": {
			"rotation": [20, 90, -25],
			"translation": [1.13, 0.75, 1.13],
			"scale": [0.4, 0.4, 0.4]
		},
		"ground": {
			"translation": [0, 2, 0],
			"scale": [0.5, 0.5, 0.5]
		},
		"gui": {
			"rotation": [0, 0, -45],
			"translation": [-3.75, -2.5, 0],
			"scale": [0.51, 0.6, 0.6]
		},
		"head": {
			"rotation": [0, 180, 0],
			"translation": [0, 13, 7]
		},
		"fixed": {
			"rotation": [0, -180, -45],
			"translation": [3.5, -2.75, 0],
			"scale": [0.6, 0.6, 0.6]
		}
	},
	"groups": [
		{
			"name": "Main",
			"origin": [0, 8, 1],
			"children": [0, 1, 2, 3, 4, 5,
				{
					"name": "group",
					"origin": [7.5, 19, 10],
					"children": [6, 7]
				},
				{
					"name": "group",
					"origin": [7.5, 19, 10],
					"children": [8, 9, 10, 11]
				},
				{
					"name": "group",
					"origin": [7.5, 19, 10],
					"children": []
				},
				{
					"name": "group",
					"origin": [7.5, 19, 10],
					"children": []
				},
				{
					"name": "group",
					"origin": [7.5, 19, 10],
					"children": [
						{
							"name": "group",
							"origin": [7.5, 20.5, 10],
							"children": []
						},
						{
							"name": "group",
							"origin": [7.5, 19, 10],
							"children": []
						}
					]
				},
				{
					"name": "group",
					"origin": [7, 11, 7.5],
					"children": [12, 13]
				}
			]
		},
		{
			"name": "Main",
			"origin": [0, 8, 1],
			"children": [
				{
					"name": "group",
					"origin": [7.5, 19, 10],
					"children": []
				},
				{
					"name": "group",
					"origin": [7.5, 19, 10],
					"children": []
				},
				{
					"name": "group",
					"origin": [7.5, 19, 10],
					"children": []
				},
				{
					"name": "group",
					"origin": [7.5, 19, 10],
					"children": []
				},
				{
					"name": "group",
					"origin": [7.5, 19, 10],
					"children": [
						{
							"name": "group",
							"origin": [7.5, 20.5, 10],
							"children": []
						},
						{
							"name": "group",
							"origin": [7.5, 19, 10],
							"children": []
						}
					]
				},
				{
					"name": "group",
					"origin": [7, 11, 7.5],
					"children": []
				}
			]
		}
	]
}