{
	"credit": "Made with Blockbench",
	"texture_size": [32, 32],
	"textures": {
		"0": "craftadia/tools/summersword"
	},
	"elements": [
		{
			"from": [7.2, 1.5, 7.2],
			"to": [8.8, 9.1, 8.8],
			"rotation": {"angle": 0, "axis": "y", "origin": [15, 9.3, 16]},
			"faces": {
				"north": {"uv": [1.5, 12, 2.5, 16], "texture": "#0"},
				"east": {"uv": [1.5, 12, 2.5, 16], "texture": "#0"},
				"south": {"uv": [1.5, 12, 2.5, 16], "texture": "#0"},
				"west": {"uv": [1.5, 12, 2.5, 16], "texture": "#0"},
				"up": {"uv": [0, 0, 0.25, 0.25], "texture": "#0"},
				"down": {"uv": [0, 0, 0.25, 0.25], "texture": "#0"}
			}
		},
		{
			"from": [6.9, 7.9, 6.9],
			"to": [9.1, 9.1, 9.1],
			"rotation": {"angle": 0, "axis": "y", "origin": [15.5, 16.5, 16.5]},
			"faces": {
				"north": {"uv": [0, 15, 1.5, 16], "texture": "#0"},
				"east": {"uv": [0, 15, 1.5, 16], "rotation": 180, "texture": "#0"},
				"south": {"uv": [0, 15, 1.5, 16], "texture": "#0"},
				"west": {"uv": [0, 15, 1.5, 16], "rotation": 180, "texture": "#0"},
				"up": {"uv": [0, 13, 1.5, 14.5], "texture": "#0"},
				"down": {"uv": [0, 13, 1.5, 14.5], "texture": "#0"}
			}
		},
		{
			"from": [3.8, 11.1, 7.2],
			"to": [7.4, 12.7, 8.8],
			"rotation": {"angle": 45, "axis": "z", "origin": [9.6, 19.9, 18]},
			"faces": {
				"north": {"uv": [7.5, 15, 9.5, 16], "texture": "#0"},
				"east": {"uv": [5.5, 15, 6.5, 16], "texture": "#0"},
				"south": {"uv": [7.5, 15, 9.5, 16], "texture": "#0"},
				"west": {"uv": [0, 0, 0.25, 0.25], "texture": "#0"},
				"up": {"uv": [7.5, 15, 9.5, 16], "texture": "#0"},
				"down": {"uv": [7.5, 15, 9.5, 16], "texture": "#0"}
			}
		},
		{
			"from": [7.8, 9.4, 7],
			"to": [11.8, 11.4, 9],
			"rotation": {"angle": 0, "axis": "y", "origin": [15.8, 18.4, 18]},
			"faces": {
				"north": {"uv": [10.5, 15, 12.5, 16], "texture": "#0"},
				"east": {"uv": [9.5, 15, 10.5, 16], "texture": "#0"},
				"south": {"uv": [12.5, 15, 10.5, 16], "texture": "#0"},
				"west": {"uv": [0, 0, 0.25, 0.25], "texture": "#0"},
				"up": {"uv": [12.5, 15, 10.5, 16], "texture": "#0"},
				"down": {"uv": [12.5, 15, 10.5, 16], "texture": "#0"}
			}
		},
		{
			"from": [0.21472, 7.58528, 7.2],
			"to": [3.81472, 9.18528, 8.8],
			"rotation": {"angle": -45, "axis": "z", "origin": [6.5, 7.9, 18]},
			"faces": {
				"north": {"uv": [7.5, 15, 9.5, 16], "texture": "#0"},
				"east": {"uv": [0.25, 0, 0.5, 0.25], "texture": "#0"},
				"south": {"uv": [7.5, 15, 9.5, 16], "rotation": 180, "texture": "#0"},
				"west": {"uv": [5.5, 15, 6.5, 16], "texture": "#0"},
				"up": {"uv": [7.5, 15, 9.5, 16], "rotation": 180, "texture": "#0"},
				"down": {"uv": [7.5, 15, 9.5, 16], "rotation": 180, "texture": "#0"}
			}
		},
		{
			"from": [4.3, 9.4, 7],
			"to": [8.3, 11.4, 9],
			"rotation": {"angle": 0, "axis": "y", "origin": [6.5, 7.9, 18]},
			"faces": {
				"north": {"uv": [12.5, 15, 10.5, 16], "texture": "#0"},
				"east": {"uv": [0.25, 0, 0.5, 0.25], "texture": "#0"},
				"south": {"uv": [10.5, 15, 12.5, 16], "texture": "#0"},
				"west": {"uv": [9.5, 15, 10.5, 16], "texture": "#0"},
				"up": {"uv": [10.5, 15, 12.5, 16], "texture": "#0"},
				"down": {"uv": [10.5, 15, 12.5, 16], "texture": "#0"}
			}
		},
		{
			"from": [0, 11.2, 6.5],
			"to": [3, 14.2, 9.5],
			"rotation": {"angle": 45, "axis": "z", "origin": [8, 19.2, 15.5]},
			"faces": {
				"north": {"uv": [12, 13.5, 13.5, 15], "texture": "#0"},
				"east": {"uv": [10.5, 12, 12, 13.5], "texture": "#0"},
				"south": {"uv": [12, 13.5, 13.5, 15], "texture": "#0"},
				"west": {"uv": [10.5, 10, 12, 11.5], "texture": "#0"},
				"up": {"uv": [8.9995, 12, 10.499, 13.4995], "texture": "#0"},
				"down": {"uv": [12, 12, 13.5, 13.5], "texture": "#0"}
			}
		},
		{
			"from": [0.3, 3, 6.8],
			"to": [2.7, 5.4, 9.2],
			"rotation": {"angle": 45, "axis": "z", "origin": [8, 10.7, 15.5]},
			"faces": {
				"north": {"uv": [12, 13.5, 13.5, 15], "texture": "#0"},
				"east": {"uv": [10.5, 12, 12, 13.5], "texture": "#0"},
				"south": {"uv": [12, 13.5, 13.5, 15], "texture": "#0"},
				"west": {"uv": [10.5, 10, 12, 11.5], "texture": "#0"},
				"up": {"uv": [8.9995, 12, 10.499, 13.4995], "texture": "#0"},
				"down": {"uv": [12, 12, 13.5, 13.5], "texture": "#0"}
			}
		},
		{
			"from": [6.5, 11.4, 7.5],
			"to": [9.5, 18.4, 8.5],
			"rotation": {"angle": 0, "axis": "y", "origin": [15, 19.9, 18]},
			"faces": {
				"north": {"uv": [14, 7, 16, 11], "texture": "#0"},
				"east": {"uv": [13, 7, 14, 11], "texture": "#0"},
				"south": {"uv": [14, 7, 16, 11], "texture": "#0"},
				"west": {"uv": [13, 7, 14, 11], "texture": "#0"},
				"up": {"uv": [3.5, 3.75, 4, 4], "texture": "#0"},
				"down": {"uv": [0, 0, 0.5, 0.25], "texture": "#0"}
			}
		},
		{
			"from": [6.65, 18.35, 7.65],
			"to": [9.35, 27.05, 8.35],
			"rotation": {"angle": 0, "axis": "y", "origin": [15, 28.7, 18]},
			"faces": {
				"north": {"uv": [10.5, 1.5, 12.5, 5.4995], "texture": "#0"},
				"east": {"uv": [10.5, 1.5, 11.5, 5.5], "texture": "#0"},
				"south": {"uv": [10.5, 1.5, 12.5, 5.5], "texture": "#0"},
				"west": {"uv": [10.5, 1.5, 11.5, 5.5], "texture": "#0"},
				"up": {"uv": [3.5, 3.75, 4, 4], "texture": "#0"},
				"down": {"uv": [0, 0, 0.5, 0.25], "texture": "#0"}
			}
		},
		{
			"from": [-0.51, 11.89, 7.49],
			"to": [3.51, 15.91, 8.51],
			"rotation": {"angle": 45, "axis": "z", "origin": [8, 20.4, 18]},
			"faces": {
				"north": {"uv": [13.5, 11, 16, 13.5], "texture": "#0"},
				"east": {"uv": [15, 13.5, 16, 16], "texture": "#0"},
				"south": {"uv": [13.5, 11, 16, 13.5], "rotation": 90, "texture": "#0"},
				"west": {"uv": [0, 0, 0.25, 0.625], "texture": "#0"},
				"up": {"uv": [15, 13, 15.999, 16], "rotation": 90, "texture": "#0"},
				"down": {"uv": [0, 0, 0.625, 0.25], "texture": "#0"}
			}
		},
		{
			"from": [6.8, 26.9, 8],
			"to": [9.2, 30.9, 8],
			"rotation": {"angle": 0, "axis": "y", "origin": [14.2, 35.9, 18]},
			"faces": {
				"north": {"uv": [15, 0, 16, 1.5], "texture": "#0"},
				"east": {"uv": [0, 0, 0, 0.375], "texture": "#0"},
				"south": {"uv": [13.5, 0, 14.5, 1.5], "texture": "#0"},
				"west": {"uv": [0, 0, 0, 0.375], "texture": "#0"},
				"up": {"uv": [0, 0, 0.25, 0], "texture": "#0"},
				"down": {"uv": [0, 0, 0.25, 0], "texture": "#0"}
			}
		}
	],
	"gui_light": "front",
	"display": {
		"thirdperson_righthand": {
			"rotation": [0, 90, 0],
			"translation": [0, 3, 1],
			"scale": [0.55, 0.55, 0.55]
		},
		"thirdperson_lefthand": {
			"rotation": [0, 90, 0],
			"translation": [0, 3, 1],
			"scale": [0.55, 0.55, 0.55]
		},
		"firstperson_righthand": {
			"rotation": [20, 90, -25],
			"translation": [1.13, -0.5, 1.13],
			"scale": [0.4, 0.4, 0.4]
		},
		"firstperson_lefthand": {
			"rotation": [20, 90, -25],
			"translation": [1.13, -0.5, 1.13],
			"scale": [0.4, 0.4, 0.4]
		},
		"ground": {
			"translation": [0, 2, 0],
			"scale": [0.5, 0.5, 0.5]
		},
		"gui": {
			"rotation": [0, 0, -45],
			"translation": [-3.5, -3.25, 0],
			"scale": [0.6, 0.6, 0.6]
		},
		"head": {
			"rotation": [0, 180, 0],
			"translation": [0, 13, 7]
		},
		"fixed": {
			"rotation": [0, 180, -45],
			"translation": [3.5, -2.75, 0],
			"scale": [0.6, 0.6, 0.6]
		}
	},
	"groups": [
		{
			"name": "Main",
			"origin": [0, 8, 1],
			"children": [0, 1,
				{
					"name": "group",
					"origin": [7.5, 19, 10],
					"children": [2]
				},
				{
					"name": "group",
					"origin": [7.5, 19, 10],
					"children": [3]
				},
				{
					"name": "group",
					"origin": [7.5, 19, 10],
					"children": [4]
				},
				{
					"name": "group",
					"origin": [7.5, 19, 10],
					"children": [5]
				},
				{
					"name": "group",
					"origin": [7.5, 19, 10],
					"children": [
						{
							"name": "group",
							"origin": [7.5, 20.5, 10],
							"children": []
						},
						{
							"name": "group",
							"origin": [7.5, 19, 10],
							"children": []
						}
					]
				},
				{
					"name": "group",
					"origin": [7, 11, 7.5],
					"children": [6, 7]
				}, 8, 9, 10, 11]
		}
	]
}