{
	"credit": "Made with Blockbench",
	"texture_size": [32, 32],
	"textures": {
		"0": "craftadia/tools/summershovel"
	},
	"elements": [
		{
			"from": [7.2, 3, 7.2],
			"to": [8.8, 19.6, 8.8],
			"rotation": {"angle": 0, "axis": "y", "origin": [15, 10.8, 16]},
			"faces": {
				"north": {"uv": [1.5, 12, 2.5, 15.999], "texture": "#0"},
				"east": {"uv": [1.5, 12, 2.5, 16], "texture": "#0"},
				"south": {"uv": [1.5, 12, 2.5, 16], "texture": "#0"},
				"west": {"uv": [1.5, 12, 2.5, 16], "texture": "#0"},
				"up": {"uv": [0, 0, 0.25, 0.25], "texture": "#0"},
				"down": {"uv": [0, 0, 0.25, 0.25], "texture": "#0"}
			}
		},
		{
			"from": [6.9, 4.4, 6.9],
			"to": [9.1, 6.6, 9.1],
			"rotation": {"angle": 0, "axis": "y", "origin": [15.5, 13, 16.5]},
			"faces": {
				"north": {"uv": [0, 15, 1.5, 16], "texture": "#0"},
				"east": {"uv": [0, 15, 1.5, 16], "rotation": 180, "texture": "#0"},
				"south": {"uv": [0, 15, 1.5, 16], "texture": "#0"},
				"west": {"uv": [0, 15, 1.5, 16], "rotation": 180, "texture": "#0"},
				"up": {"uv": [0, 13, 1.5, 14.5], "texture": "#0"},
				"down": {"uv": [0, 13, 1.5, 14.5], "texture": "#0"}
			}
		},
		{
			"from": [6.6, 15.1, 6.6],
			"to": [9.4, 15.9, 9.4],
			"rotation": {"angle": 0, "axis": "y", "origin": [15.5, 24, 16.5]},
			"faces": {
				"north": {"uv": [0, 15, 1.5, 16], "texture": "#0"},
				"east": {"uv": [0, 15, 1.5, 16], "rotation": 180, "texture": "#0"},
				"south": {"uv": [0, 15, 1.5, 16], "texture": "#0"},
				"west": {"uv": [0, 15, 1.5, 16], "rotation": 180, "texture": "#0"},
				"up": {"uv": [0, 13, 1.5, 14.5], "texture": "#0"},
				"down": {"uv": [0, 13, 1.5, 14.5], "texture": "#0"}
			}
		},
		{
			"from": [6.6, 19.1, 6.6],
			"to": [9.4, 19.9, 9.4],
			"rotation": {"angle": 0, "axis": "y", "origin": [15.5, 28, 16.5]},
			"faces": {
				"north": {"uv": [0, 15, 1.5, 16], "texture": "#0"},
				"east": {"uv": [0, 15, 1.5, 16], "rotation": 180, "texture": "#0"},
				"south": {"uv": [0, 15, 1.5, 16], "texture": "#0"},
				"west": {"uv": [0, 15, 1.5, 16], "rotation": 180, "texture": "#0"},
				"up": {"uv": [0, 13, 1.5, 14.5], "texture": "#0"},
				"down": {"uv": [0, 13, 1.5, 14.5], "texture": "#0"}
			}
		},
		{
			"from": [6.6, 23.1, 6.6],
			"to": [9.4, 23.9, 9.4],
			"rotation": {"angle": 0, "axis": "y", "origin": [15.5, 32, 16.5]},
			"faces": {
				"north": {"uv": [0, 15, 1.5, 16], "texture": "#0"},
				"east": {"uv": [0, 15, 1.5, 16], "rotation": 180, "texture": "#0"},
				"south": {"uv": [0, 15, 1.5, 16], "texture": "#0"},
				"west": {"uv": [0, 15, 1.5, 16], "rotation": 180, "texture": "#0"},
				"up": {"uv": [0, 13, 1.5, 14.5], "texture": "#0"},
				"down": {"uv": [0, 13, 1.5, 14.5], "texture": "#0"}
			}
		},
		{
			"from": [6.6, 12.1, 6.6],
			"to": [9.4, 12.9, 9.4],
			"rotation": {"angle": 0, "axis": "y", "origin": [15.5, 21, 16.5]},
			"faces": {
				"north": {"uv": [0, 15, 1.5, 16], "texture": "#0"},
				"east": {"uv": [0, 15, 1.5, 16], "rotation": 180, "texture": "#0"},
				"south": {"uv": [0, 15, 1.5, 16], "texture": "#0"},
				"west": {"uv": [0, 15, 1.5, 16], "rotation": 180, "texture": "#0"},
				"up": {"uv": [0, 13, 1.5, 14.5], "texture": "#0"},
				"down": {"uv": [0, 13, 1.5, 14.5], "texture": "#0"}
			}
		},
		{
			"from": [6.8, 12.3, 6.8],
			"to": [9.2, 15.7, 9.2],
			"rotation": {"angle": 0, "axis": "y", "origin": [15.5, 22, 16.5]},
			"faces": {
				"north": {"uv": [2.5, 13.5, 4, 15.9995], "texture": "#0"},
				"east": {"uv": [2.5, 13.5, 4, 15.9995], "rotation": 180, "texture": "#0"},
				"south": {"uv": [2.5, 13.5, 4, 15.9995], "texture": "#0"},
				"west": {"uv": [2.5, 13.5, 4, 15.9995], "rotation": 180, "texture": "#0"},
				"up": {"uv": [0, 13, 1.5, 14.5], "texture": "#0"},
				"down": {"uv": [0, 13, 1.5, 14.5], "texture": "#0"}
			}
		},
		{
			"from": [6.9, 19.2, 6.9],
			"to": [9.1, 23.4, 9.1],
			"rotation": {"angle": 0, "axis": "y", "origin": [15.5, 27.8, 16.5]},
			"faces": {
				"north": {"uv": [2.5, 13.5, 4, 15.9995], "texture": "#0"},
				"east": {"uv": [2.5, 13.5, 4, 15.9995], "rotation": 180, "texture": "#0"},
				"south": {"uv": [2.5, 13.5, 4, 15.9995], "texture": "#0"},
				"west": {"uv": [2.5, 13.5, 4, 15.9995], "rotation": 180, "texture": "#0"},
				"up": {"uv": [0, 13, 1.5, 14.5], "texture": "#0"},
				"down": {"uv": [0, 13, 1.5, 14.5], "texture": "#0"}
			}
		},
		{
			"from": [4.9, 23.2, 7.9],
			"to": [11.1, 28.4, 8.1],
			"rotation": {"angle": 0, "axis": "y", "origin": [15.5, 34.8, 17.5]},
			"faces": {
				"north": {"uv": [5.4995, 3, 7.999, 5.9995], "texture": "#0"},
				"east": {"uv": [5, 3, 5.499, 5.999], "texture": "#0"},
				"south": {"uv": [7.999, 3, 5.4995, 5.9995], "texture": "#0"},
				"west": {"uv": [4.5, 3, 4.9995, 6], "texture": "#0"},
				"up": {"uv": [5.5, 6, 7.9995, 6.5], "texture": "#0"},
				"down": {"uv": [5.4995, 5.999, 7.999, 6.4985], "texture": "#0"}
			}
		},
		{
			"from": [-3.4, 26, 7.5],
			"to": [-1.4, 28, 8.5],
			"rotation": {"angle": 45, "axis": "z", "origin": [6.6, 38, 17.5]},
			"faces": {
				"north": {"uv": [10.5, 12.5, 11.5, 13.5], "texture": "#0"},
				"east": {"uv": [10.5, 12.5, 11.5, 13.5], "texture": "#0"},
				"south": {"uv": [10.5, 12.5, 11.5, 13.5], "texture": "#0"},
				"west": {"uv": [10.5, 12.5, 11.5, 13.5], "texture": "#0"},
				"up": {"uv": [10.5, 12.5, 11.5, 12.9995], "rotation": 90, "texture": "#0"},
				"down": {"uv": [10.5, 12.5, 11.5, 13.5], "texture": "#0"}
			}
		},
		{
			"from": [5, 28, 8],
			"to": [11, 32, 8],
			"rotation": {"angle": 0, "axis": "y", "origin": [15, 36.2, 18]},
			"faces": {
				"north": {"uv": [0, 6.5, 2.4995, 8.499], "texture": "#0"},
				"east": {"uv": [0.5, 8, 1.9995, 8.499], "texture": "#0"},
				"south": {"uv": [2.4995, 6.5, 0, 8.499], "texture": "#0"},
				"west": {"uv": [0.5, 8, 1.9995, 8.499], "texture": "#0"},
				"up": {"uv": [0.5, 8, 1.9995, 8.499], "texture": "#0"},
				"down": {"uv": [0.5, 8, 1.9995, 8.499], "texture": "#0"}
			}
		},
		{
			"from": [0.2, 22.9, 6.7],
			"to": [2.8, 25.5, 9.3],
			"rotation": {"angle": 45, "axis": "z", "origin": [8, 30.7, 15.5]},
			"faces": {
				"north": {"uv": [12, 13.5, 13.5, 15], "texture": "#0"},
				"east": {"uv": [10.5, 12, 12, 13.5], "texture": "#0"},
				"south": {"uv": [12, 13.5, 13.5, 15], "texture": "#0"},
				"west": {"uv": [10.5, 10, 12, 11.5], "texture": "#0"},
				"up": {"uv": [8.9995, 12, 10.499, 13.4995], "texture": "#0"},
				"down": {"uv": [12, 12, 13.5, 13.5], "texture": "#0"}
			}
		},
		{
			"from": [0.2, 5.4, 6.7],
			"to": [2.8, 8, 9.3],
			"rotation": {"angle": 45, "axis": "z", "origin": [8, 13.2, 15.5]},
			"faces": {
				"north": {"uv": [12, 13.5, 13.5, 15], "texture": "#0"},
				"east": {"uv": [10.5, 12, 12, 13.5], "texture": "#0"},
				"south": {"uv": [12, 13.5, 13.5, 15], "texture": "#0"},
				"west": {"uv": [10.5, 10, 12, 11.5], "texture": "#0"},
				"up": {"uv": [8.9995, 12, 10.499, 13.4995], "texture": "#0"},
				"down": {"uv": [12, 12, 13.5, 13.5], "texture": "#0"}
			}
		},
		{
			"from": [5.3, 3.2, 7.3],
			"to": [10.7, 4.6, 8.7],
			"rotation": {"angle": 0, "axis": "y", "origin": [1.5, 11.4, 16.5]},
			"faces": {
				"north": {"uv": [5.4995, 9.9995, 5.9995, 12.4995], "rotation": 90, "texture": "#0"},
				"east": {"uv": [6, 9.9995, 6.5, 10.499], "rotation": 90, "texture": "#0"},
				"south": {"uv": [5.4995, 9.9995, 5.9995, 12.4995], "rotation": 90, "texture": "#0"},
				"west": {"uv": [6, 10, 6.5, 10.4995], "texture": "#0"},
				"up": {"uv": [5.4995, 9.9995, 5.9995, 12.4995], "rotation": 90, "texture": "#0"},
				"down": {"uv": [5.4995, 9.9995, 5.9995, 12.4995], "rotation": 90, "texture": "#0"}
			}
		},
		{
			"from": [4.3, 0, 7.3],
			"to": [11.7, 1.4, 8.7],
			"rotation": {"angle": 0, "axis": "y", "origin": [1.5, 8.2, 16.5]},
			"faces": {
				"north": {"uv": [5.499, 9.9995, 5.9985, 12.4985], "rotation": 90, "texture": "#0"},
				"east": {"uv": [6, 10, 6.4995, 10.5], "rotation": 90, "texture": "#0"},
				"south": {"uv": [5.499, 9.9995, 5.9985, 12.4985], "rotation": 90, "texture": "#0"},
				"west": {"uv": [6, 10, 6.5, 10.4995], "rotation": 90, "texture": "#0"},
				"up": {"uv": [5.499, 9.9995, 5.9985, 12.4985], "rotation": 90, "texture": "#0"},
				"down": {"uv": [5.499, 9.9995, 5.9985, 12.4985], "rotation": 90, "texture": "#0"}
			}
		},
		{
			"from": [2.401, 3.501, 7.301],
			"to": [3.799, 7.899, 8.699],
			"rotation": {"angle": -22.5, "axis": "z", "origin": [-4.4, -1.3, 16.5]},
			"faces": {
				"north": {"uv": [5.499, 9.9995, 5.9985, 12.4985], "rotation": 180, "texture": "#0"},
				"east": {"uv": [5.4995, 9.9995, 5.9995, 12.499], "rotation": 180, "texture": "#0"},
				"south": {"uv": [5.4995, 9.9995, 5.9995, 11.9995], "rotation": 180, "texture": "#0"},
				"west": {"uv": [5.4995, 9.9995, 5.9995, 11.9995], "rotation": 180, "texture": "#0"},
				"up": {"uv": [6, 9.9995, 6.5, 10.4995], "rotation": 180, "texture": "#0"},
				"down": {"uv": [6, 10, 6.5, 10.4995], "rotation": 90, "texture": "#0"}
			}
		},
		{
			"from": [12.201, 3.501, 7.301],
			"to": [13.599, 7.899, 8.699],
			"rotation": {"angle": 22.5, "axis": "z", "origin": [20.4, -1.3, 16.5]},
			"faces": {
				"north": {"uv": [5.9995, 9.9995, 5.4995, 12.499], "rotation": 180, "texture": "#0"},
				"east": {"uv": [5.9995, 9.9995, 5.4995, 12.499], "rotation": 180, "texture": "#0"},
				"south": {"uv": [5.9995, 9.9995, 5.4995, 12.499], "rotation": 180, "texture": "#0"},
				"west": {"uv": [5.9995, 9.9995, 5.4995, 12.499], "rotation": 180, "texture": "#0"},
				"up": {"uv": [6.5, 9.9995, 6, 10.4995], "rotation": 180, "texture": "#0"},
				"down": {"uv": [6.5, 9.9995, 6, 10.499], "rotation": 270, "texture": "#0"}
			}
		}
	],
	"gui_light": "front",
	"display": {
		"thirdperson_righthand": {
			"rotation": [0, 90, 0],
			"translation": [0, 3, 1],
			"scale": [0.55, 0.55, 0.55]
		},
		"thirdperson_lefthand": {
			"rotation": [0, 90, 0],
			"translation": [0, 3, 1],
			"scale": [0.55, 0.55, 0.55]
		},
		"firstperson_righthand": {
			"rotation": [20, 90, -25],
			"translation": [1.13, 0.5, 1.13],
			"scale": [0.4, 0.4, 0.4]
		},
		"firstperson_lefthand": {
			"rotation": [20, 90, -25],
			"translation": [1.13, 0.5, 1.13],
			"scale": [0.4, 0.4, 0.4]
		},
		"ground": {
			"translation": [0, 2, 0],
			"scale": [0.5, 0.5, 0.5]
		},
		"gui": {
			"rotation": [0, 0, -45],
			"translation": [-3.25, -3, 0],
			"scale": [0.55, 0.55, 0.55]
		},
		"head": {
			"rotation": [0, 180, 0],
			"translation": [0, 13, 7]
		},
		"fixed": {
			"rotation": [0, 180, -45],
			"translation": [3.5, -2.75, 0],
			"scale": [0.6, 0.6, 0.6]
		}
	},
	"groups": [
		{
			"name": "Main",
			"origin": [0, 8, 1],
			"children": [0, 1, 2, 3, 4, 5, 6, 7, 8, 9, 10,
				{
					"name": "group",
					"origin": [7.5, 19, 10],
					"children": []
				},
				{
					"name": "group",
					"origin": [7.5, 19, 10],
					"children": []
				},
				{
					"name": "group",
					"origin": [7.5, 19, 10],
					"children": []
				},
				{
					"name": "group",
					"origin": [7.5, 19, 10],
					"children": []
				},
				{
					"name": "group",
					"origin": [7.5, 19, 10],
					"children": [
						{
							"name": "group",
							"origin": [7.5, 20.5, 10],
							"children": []
						},
						{
							"name": "group",
							"origin": [7.5, 19, 10],
							"children": []
						}
					]
				},
				{
					"name": "group",
					"origin": [7, 11, 7.5],
					"children": [11, 12, 13, 14, 15, 16]
				}
			]
		}
	]
}