{
	"credit": "Made with Blockbench",
	"texture_size": [32, 32],
	"textures": {
		"0": "craftadia/tools/summeraxe"
	},
	"elements": [
		{
			"from": [7.2, 0, 7.2],
			"to": [8.8, 24.6, 8.8],
			"rotation": {"angle": 0, "axis": "y", "origin": [15, 10.8, 16]},
			"faces": {
				"north": {"uv": [1.5, 12, 2.5, 15.999], "texture": "#0"},
				"east": {"uv": [1.5, 12, 2.5, 16], "texture": "#0"},
				"south": {"uv": [1.5, 12, 2.5, 16], "texture": "#0"},
				"west": {"uv": [1.5, 12, 2.5, 16], "texture": "#0"},
				"up": {"uv": [0, 0, 0.25, 0.25], "texture": "#0"},
				"down": {"uv": [0, 0, 0.25, 0.25], "texture": "#0"}
			}
		},
		{
			"from": [6.9, 0, 6.9],
			"to": [9.1, 8.2, 9.1],
			"rotation": {"angle": 0, "axis": "y", "origin": [15.5, 8.6, 16.5]},
			"faces": {
				"north": {"uv": [0, 15, 1.5, 16], "texture": "#0"},
				"east": {"uv": [0, 15, 1.5, 16], "rotation": 180, "texture": "#0"},
				"south": {"uv": [0, 15, 1.5, 16], "texture": "#0"},
				"west": {"uv": [0, 15, 1.5, 16], "rotation": 180, "texture": "#0"},
				"up": {"uv": [0, 13, 1.5, 14.5], "texture": "#0"},
				"down": {"uv": [0, 13, 1.5, 14.5], "texture": "#0"}
			}
		},
		{
			"from": [6.6, 7.5, 6.6],
			"to": [9.4, 8.3, 9.4],
			"rotation": {"angle": 0, "axis": "y", "origin": [15.5, 16.4, 16.5]},
			"faces": {
				"north": {"uv": [0, 15, 1.5, 16], "texture": "#0"},
				"east": {"uv": [0, 15, 1.5, 16], "rotation": 180, "texture": "#0"},
				"south": {"uv": [0, 15, 1.5, 16], "texture": "#0"},
				"west": {"uv": [0, 15, 1.5, 16], "rotation": 180, "texture": "#0"},
				"up": {"uv": [0, 13, 1.5, 14.5], "texture": "#0"},
				"down": {"uv": [0, 13, 1.5, 14.5], "texture": "#0"}
			}
		},
		{
			"from": [6.5, 21.8, 6.5],
			"to": [9.5, 22.8, 9.5],
			"rotation": {"angle": 0, "axis": "y", "origin": [15.5, 30.8, 16.5]},
			"faces": {
				"north": {"uv": [0, 15, 1.5, 16], "texture": "#0"},
				"east": {"uv": [0, 15, 1.5, 16], "rotation": 180, "texture": "#0"},
				"south": {"uv": [0, 15, 1.5, 16], "texture": "#0"},
				"west": {"uv": [0, 15, 1.5, 16], "rotation": 180, "texture": "#0"},
				"up": {"uv": [0, 13, 1.5, 14.5], "texture": "#0"},
				"down": {"uv": [0, 13, 1.5, 14.5], "texture": "#0"}
			}
		},
		{
			"from": [6.5, 27.1, 6.5],
			"to": [9.5, 28.1, 9.5],
			"rotation": {"angle": 0, "axis": "y", "origin": [15.5, 36.1, 16.5]},
			"faces": {
				"north": {"uv": [0, 15, 1.5, 16], "texture": "#0"},
				"east": {"uv": [0, 15, 1.5, 16], "rotation": 180, "texture": "#0"},
				"south": {"uv": [0, 15, 1.5, 16], "texture": "#0"},
				"west": {"uv": [0, 15, 1.5, 16], "rotation": 180, "texture": "#0"},
				"up": {"uv": [0, 13, 1.5, 14.5], "texture": "#0"},
				"down": {"uv": [0, 13, 1.5, 14.5], "texture": "#0"}
			}
		},
		{
			"from": [6.6, 17.9, 6.6],
			"to": [9.4, 18.7, 9.4],
			"rotation": {"angle": 0, "axis": "y", "origin": [15.5, 26.8, 16.5]},
			"faces": {
				"north": {"uv": [0, 15, 1.5, 16], "texture": "#0"},
				"east": {"uv": [0, 15, 1.5, 16], "rotation": 180, "texture": "#0"},
				"south": {"uv": [0, 15, 1.5, 16], "texture": "#0"},
				"west": {"uv": [0, 15, 1.5, 16], "rotation": 180, "texture": "#0"},
				"up": {"uv": [0, 13, 1.5, 14.5], "texture": "#0"},
				"down": {"uv": [0, 13, 1.5, 14.5], "texture": "#0"}
			}
		},
		{
			"from": [6.6, 0, 6.6],
			"to": [9.4, 0.8, 9.4],
			"rotation": {"angle": 0, "axis": "y", "origin": [15.5, 8.9, 16.5]},
			"faces": {
				"north": {"uv": [0, 15, 1.5, 16], "texture": "#0"},
				"east": {"uv": [0, 15, 1.5, 16], "rotation": 180, "texture": "#0"},
				"south": {"uv": [0, 15, 1.5, 16], "texture": "#0"},
				"west": {"uv": [0, 15, 1.5, 16], "rotation": 180, "texture": "#0"},
				"up": {"uv": [0, 13, 1.5, 14.5], "texture": "#0"},
				"down": {"uv": [0, 13, 1.5, 14.5], "texture": "#0"}
			}
		},
		{
			"from": [6.9, 18.2, 6.9],
			"to": [9.1, 22.4, 9.1],
			"rotation": {"angle": 0, "axis": "y", "origin": [15.5, 26.8, 16.5]},
			"faces": {
				"north": {"uv": [2.5, 13.5, 4, 15.9995], "texture": "#0"},
				"east": {"uv": [2.5, 13.5, 4, 15.9995], "rotation": 180, "texture": "#0"},
				"south": {"uv": [2.5, 13.5, 4, 15.9995], "texture": "#0"},
				"west": {"uv": [2.5, 13.5, 4, 15.9995], "rotation": 180, "texture": "#0"},
				"up": {"uv": [0, 13, 1.5, 14.5], "texture": "#0"},
				"down": {"uv": [0, 13, 1.5, 14.5], "texture": "#0"}
			}
		},
		{
			"from": [6.7, 21, 6.7],
			"to": [9.3, 28.6, 9.3],
			"rotation": {"angle": 0, "axis": "y", "origin": [15.5, 29.8, 16.5]},
			"faces": {
				"north": {"uv": [2.5, 13.5, 4, 15.9995], "texture": "#0"},
				"east": {"uv": [2.5, 13.5, 4, 15.9995], "rotation": 180, "texture": "#0"},
				"south": {"uv": [2.5, 13.5, 4, 15.9995], "texture": "#0"},
				"west": {"uv": [2.5, 13.5, 4, 15.9995], "rotation": 180, "texture": "#0"},
				"up": {"uv": [0, 13, 1.5, 14.5], "texture": "#0"},
				"down": {"uv": [0, 13, 1.5, 14.5], "texture": "#0"}
			}
		},
		{
			"from": [4.9, 24.4, 7.1],
			"to": [13.7, 26.2, 8.9],
			"rotation": {"angle": 0, "axis": "y", "origin": [16.8, 31.3, 16]},
			"faces": {
				"north": {"uv": [3.625, 8.125, 5.874, 9.1245], "rotation": 180, "texture": "#0"},
				"east": {"uv": [5.3745, 8.125, 5.873, 9.124], "rotation": 180, "texture": "#0"},
				"south": {"uv": [3.625, 8.125, 5.874, 9.1245], "rotation": 180, "texture": "#0"},
				"west": {"uv": [3.624, 8.125, 3.9975, 9.124], "rotation": 180, "texture": "#0"},
				"up": {"uv": [3.625, 8.125, 5.874, 9.1245], "texture": "#0"},
				"down": {"uv": [3.625, 8.125, 5.874, 9.1245], "texture": "#0"}
			}
		},
		{
			"from": [5, 23.5, 7.7],
			"to": [13.6, 27.1, 8.3],
			"rotation": {"angle": 0, "axis": "y", "origin": [16.8, 31.3, 16.5]},
			"faces": {
				"north": {"uv": [13.9995, 7.125, 15.999, 8.2485], "rotation": 180, "texture": "#0"},
				"east": {"uv": [15.875, 7.125, 16, 8.2495], "rotation": 180, "texture": "#0"},
				"south": {"uv": [14, 7.1245, 15.9995, 8.2495], "texture": "#0"},
				"west": {"uv": [14, 7.125, 14.1245, 8.2495], "rotation": 180, "texture": "#0"},
				"up": {"uv": [14, 7.5, 15.9995, 7.748], "texture": "#0"},
				"down": {"uv": [14, 7.7495, 15.9995, 7.999], "texture": "#0"}
			}
		},
		{
			"from": [13, 14.2, 8],
			"to": [19, 23.2, 8],
			"rotation": {"angle": -22.5, "axis": "z", "origin": [24, 29.2, 18]},
			"faces": {
				"north": {"uv": [9.875, 1.2495, 12.875, 5.7495], "texture": "#0"},
				"east": {"uv": [9.375, 1.1245, 9.875, 5.624], "texture": "#0"},
				"south": {"uv": [12.8745, 1.2495, 9.875, 5.7495], "texture": "#0"},
				"west": {"uv": [9.875, 1.2495, 12.8745, 5.7495], "texture": "#0"},
				"up": {"uv": [9.875, 0.6245, 12.8745, 1.1245], "texture": "#0"},
				"down": {"uv": [9.5, 5.75, 12.5, 6.25], "texture": "#0"}
			}
		},
		{
			"from": [0.6, 27.1, 6.1],
			"to": [2.4, 28.9, 7.9],
			"rotation": {"angle": 45, "axis": "z", "origin": [8, 34.5, 14.5]},
			"faces": {
				"north": {"uv": [12, 13.5, 13.5, 15], "texture": "#0"},
				"east": {"uv": [10.5, 12, 12, 13.5], "texture": "#0"},
				"south": {"uv": [12, 13.5, 13.5, 15], "texture": "#0"},
				"west": {"uv": [10.5, 10, 12, 11.5], "texture": "#0"},
				"up": {"uv": [8.9995, 12, 10.499, 13.4995], "texture": "#0"},
				"down": {"uv": [12, 12, 13.5, 13.5], "texture": "#0"}
			}
		},
		{
			"from": [-1.2, 27.5, 6.9],
			"to": [-0.2, 28.5, 7.9],
			"rotation": {"angle": 45, "axis": "z", "origin": [5.8, 34.5, 14.9]},
			"faces": {
				"north": {"uv": [12, 13.5, 13.5, 15], "texture": "#0"},
				"east": {"uv": [10.5, 12, 12, 13.5], "texture": "#0"},
				"south": {"uv": [12, 13.5, 13.5, 15], "texture": "#0"},
				"west": {"uv": [10.5, 10, 12, 11.5], "texture": "#0"},
				"up": {"uv": [8.9995, 12, 10.499, 13.4995], "texture": "#0"},
				"down": {"uv": [12, 12, 13.5, 13.5], "texture": "#0"}
			}
		},
		{
			"from": [-1.2, 27.5, 8.1],
			"to": [-0.2, 28.5, 9.1],
			"rotation": {"angle": 45, "axis": "z", "origin": [5.8, 34.5, 16.1]},
			"faces": {
				"north": {"uv": [12, 13.5, 13.5, 15], "texture": "#0"},
				"east": {"uv": [10.5, 12, 12, 13.5], "texture": "#0"},
				"south": {"uv": [12, 13.5, 13.5, 15], "texture": "#0"},
				"west": {"uv": [10.5, 10, 12, 11.5], "texture": "#0"},
				"up": {"uv": [8.9995, 12, 10.499, 13.4995], "texture": "#0"},
				"down": {"uv": [12, 12, 13.5, 13.5], "texture": "#0"}
			}
		},
		{
			"from": [4.7, 27.5, 1],
			"to": [5.7, 28.5, 2],
			"rotation": {"angle": -45, "axis": "x", "origin": [-2.3, 34.5, 8]},
			"faces": {
				"north": {"uv": [10.5, 10, 12, 11.5], "texture": "#0"},
				"east": {"uv": [12, 13.5, 13.5, 15], "texture": "#0"},
				"south": {"uv": [10.5, 12, 12, 13.5], "texture": "#0"},
				"west": {"uv": [12, 13.5, 13.5, 15], "texture": "#0"},
				"up": {"uv": [8.9995, 12, 10.499, 13.4995], "rotation": 90, "texture": "#0"},
				"down": {"uv": [12, 12, 13.5, 13.5], "rotation": 270, "texture": "#0"}
			}
		},
		{
			"from": [0.6, 27.1, 8.1],
			"to": [2.4, 28.9, 9.9],
			"rotation": {"angle": 45, "axis": "z", "origin": [8, 34.5, 16.5]},
			"faces": {
				"north": {"uv": [12, 13.5, 13.5, 15], "texture": "#0"},
				"east": {"uv": [10.5, 12, 12, 13.5], "texture": "#0"},
				"south": {"uv": [12, 13.5, 13.5, 15], "texture": "#0"},
				"west": {"uv": [10.5, 10, 12, 11.5], "texture": "#0"},
				"up": {"uv": [8.9995, 12, 10.499, 13.4995], "texture": "#0"},
				"down": {"uv": [12, 12, 13.5, 13.5], "texture": "#0"}
			}
		},
		{
			"from": [0, 9.2, 6.5],
			"to": [3, 12.2, 9.5],
			"rotation": {"angle": 45, "axis": "z", "origin": [8, 17.2, 15.5]},
			"faces": {
				"north": {"uv": [12, 13.5, 13.5, 15], "texture": "#0"},
				"east": {"uv": [10.5, 12, 12, 13.5], "texture": "#0"},
				"south": {"uv": [12, 13.5, 13.5, 15], "texture": "#0"},
				"west": {"uv": [10.5, 10, 12, 11.5], "texture": "#0"},
				"up": {"uv": [8.9995, 12, 10.499, 13.4995], "texture": "#0"},
				"down": {"uv": [12, 12, 13.5, 13.5], "texture": "#0"}
			}
		}
	],
	"gui_light": "front",
	"display": {
		"thirdperson_righthand": {
			"rotation": [0, 90, 0],
			"translation": [0, 3, 1],
			"scale": [0.55, 0.55, 0.55]
		},
		"thirdperson_lefthand": {
			"rotation": [0, -90, 0],
			"translation": [0, 3, 1],
			"scale": [0.55, 0.55, 0.55]
		},
		"firstperson_righthand": {
			"rotation": [20, 90, -25],
			"translation": [1.13, -0.5, 1.13],
			"scale": [0.4, 0.4, 0.4]
		},
		"firstperson_lefthand": {
			"rotation": [20, -90, 25],
			"translation": [1.13, -0.5, 1.13],
			"scale": [0.4, 0.4, 0.4]
		},
		"ground": {
			"translation": [0, 2, 0],
			"scale": [0.5, 0.5, 0.5]
		},
		"gui": {
			"rotation": [0, 0, -45],
			"translation": [-3.75, -2.5, 0],
			"scale": [0.6, 0.6, 0.6]
		},
		"head": {
			"rotation": [0, 180, 0],
			"translation": [0, 13, 7]
		},
		"fixed": {
			"rotation": [0, -180, -45],
			"translation": [3.5, -2.75, 0],
			"scale": [0.6, 0.6, 0.6]
		}
	},
	"groups": [
		{
			"name": "Main",
			"origin": [0, 8, 1],
			"children": [0, 1, 2, 3, 4, 5, 6, 7, 8, 9, 10, 11,
				{
					"name": "group",
					"origin": [7.5, 19, 10],
					"children": []
				},
				{
					"name": "group",
					"origin": [7.5, 19, 10],
					"children": []
				},
				{
					"name": "group",
					"origin": [7.5, 19, 10],
					"children": []
				},
				{
					"name": "group",
					"origin": [7.5, 19, 10],
					"children": []
				},
				{
					"name": "group",
					"origin": [7.5, 19, 10],
					"children": [
						{
							"name": "group",
							"origin": [7.5, 20.5, 10],
							"children": []
						},
						{
							"name": "group",
							"origin": [7.5, 19, 10],
							"children": []
						}
					]
				},
				{
					"name": "group",
					"origin": [7, 11, 7.5],
					"children": [12, 13, 14, 15, 16, 17]
				}
			]
		}
	]
}