{
	"credit": "Made by CookiesNom with Blockbench",
	"textures": {
		"0": "craftadia/nether_key",
		"particle": "craftadia/nether_key"
	},
	"elements": [
		{
			"from": [7.5, 7.65858, 2.81716],
			"to": [8.5, 8.65858, 8.81716],
			"rotation": {"angle": 0, "axis": "y", "origin": [15.5, 15.65858, 10.81716]},
			"faces": {
				"north": {"uv": [6, 6, 7, 7], "texture": "#0"},
				"east": {"uv": [0, 6, 6, 7], "texture": "#0"},
				"south": {"uv": [13, 6, 14, 7], "texture": "#0"},
				"west": {"uv": [7, 6, 13, 7], "texture": "#0"},
				"up": {"uv": [7, 6, 6, 0], "texture": "#0"},
				"down": {"uv": [8, 0, 7, 6], "texture": "#0"}
			}
		},
		{
			"from": [7.5, 8.65858, 8.81716],
			"to": [8.5, 9.65858, 9.81716],
			"rotation": {"angle": 0, "axis": "y", "origin": [15.5, 16.65858, 16.81716]},
			"faces": {
				"north": {"uv": [9, 1, 10, 2], "texture": "#0"},
				"east": {"uv": [8, 1, 9, 2], "texture": "#0"},
				"south": {"uv": [11, 1, 12, 2], "texture": "#0"},
				"west": {"uv": [10, 1, 11, 2], "texture": "#0"},
				"up": {"uv": [10, 1, 9, 0], "texture": "#0"},
				"down": {"uv": [11, 0, 10, 1], "texture": "#0"}
			}
		},
		{
			"from": [7.5, 6.65858, 8.81716],
			"to": [8.5, 7.65858, 9.81716],
			"rotation": {"angle": 0, "axis": "y", "origin": [15.5, 14.65858, 16.81716]},
			"faces": {
				"north": {"uv": [8, 9, 9, 10], "texture": "#0"},
				"east": {"uv": [7, 9, 8, 10], "texture": "#0"},
				"south": {"uv": [10, 9, 11, 10], "texture": "#0"},
				"west": {"uv": [9, 9, 10, 10], "texture": "#0"},
				"up": {"uv": [9, 9, 8, 8], "texture": "#0"},
				"down": {"uv": [10, 8, 9, 9], "texture": "#0"}
			}
		},
		{
			"from": [7.501, 7.22024, 9.17171],
			"to": [8.499, 8.21824, 10.58392],
			"rotation": {"angle": -45, "axis": "x", "origin": [8, 7.71924, 10.17071]},
			"faces": {
				"north": {"uv": [1, 8, 2, 9], "texture": "#0"},
				"east": {"uv": [0, 8, 1, 9], "texture": "#0"},
				"south": {"uv": [3, 8, 4, 9], "texture": "#0"},
				"west": {"uv": [2, 8, 3, 9], "texture": "#0"},
				"up": {"uv": [2, 8, 1, 7], "texture": "#0"},
				"down": {"uv": [3, 7, 2, 8], "texture": "#0"}
			}
		},
		{
			"from": [7.501, 7.45247, 9.73237],
			"to": [8.499, 8.86469, 10.73037],
			"rotation": {"angle": -45, "axis": "x", "origin": [8, 8.15858, 9.31716]},
			"faces": {
				"north": {"uv": [1, 1, 2, 2], "texture": "#0"},
				"east": {"uv": [0, 1, 1, 2], "texture": "#0"},
				"south": {"uv": [3, 1, 4, 2], "texture": "#0"},
				"west": {"uv": [2, 1, 3, 2], "texture": "#0"},
				"up": {"uv": [2, 1, 1, 0], "texture": "#0"},
				"down": {"uv": [3, 0, 2, 1], "texture": "#0"}
			}
		},
		{
			"from": [7.501, 8.51313, 7.87882],
			"to": [8.499, 9.51113, 9.29103],
			"rotation": {"angle": -45, "axis": "x", "origin": [8, 9.01213, 8.87782]},
			"faces": {
				"north": {"uv": [1, 5, 2, 6], "texture": "#0"},
				"east": {"uv": [0, 5, 1, 6], "texture": "#0"},
				"south": {"uv": [3, 5, 4, 6], "texture": "#0"},
				"west": {"uv": [2, 5, 3, 6], "texture": "#0"},
				"up": {"uv": [2, 5, 1, 4], "texture": "#0"},
				"down": {"uv": [3, 4, 2, 5], "texture": "#0"}
			}
		},
		{
			"from": [7.501, 7.45247, 7.90394],
			"to": [8.499, 8.86469, 8.90194],
			"rotation": {"angle": -45, "axis": "x", "origin": [8, 8.15858, 9.31716]},
			"faces": {
				"north": {"uv": [1, 3, 2, 4], "texture": "#0"},
				"east": {"uv": [0, 3, 1, 4], "texture": "#0"},
				"south": {"uv": [3, 3, 4, 4], "texture": "#0"},
				"west": {"uv": [2, 3, 3, 4], "texture": "#0"},
				"up": {"uv": [2, 3, 1, 2], "texture": "#0"},
				"down": {"uv": [3, 2, 2, 3], "texture": "#0"}
			}
		},
		{
			"from": [7.5, 7.65858, 9.81716],
			"to": [8.5, 8.65858, 10.81716],
			"rotation": {"angle": 0, "axis": "y", "origin": [15.5, 15.65858, 17.81716]},
			"faces": {
				"north": {"uv": [5, 8, 6, 9], "texture": "#0"},
				"east": {"uv": [4, 8, 5, 9], "texture": "#0"},
				"south": {"uv": [7, 8, 8, 9], "texture": "#0"},
				"west": {"uv": [6, 8, 7, 9], "texture": "#0"},
				"up": {"uv": [6, 8, 5, 7], "texture": "#0"},
				"down": {"uv": [7, 7, 6, 8], "texture": "#0"}
			}
		},
		{
			"from": [7.5, 6.65858, 2.81716],
			"to": [8.5, 7.65858, 3.81716],
			"rotation": {"angle": 0, "axis": "y", "origin": [15.5, 14.65858, 10.81716]},
			"faces": {
				"north": {"uv": [9, 5, 10, 6], "texture": "#0"},
				"east": {"uv": [8, 5, 9, 6], "texture": "#0"},
				"south": {"uv": [11, 5, 12, 6], "texture": "#0"},
				"west": {"uv": [10, 5, 11, 6], "texture": "#0"},
				"up": {"uv": [10, 5, 9, 4], "texture": "#0"},
				"down": {"uv": [11, 4, 10, 5], "texture": "#0"}
			}
		},
		{
			"from": [7.5, 6.65858, 4.31716],
			"to": [8.5, 7.65858, 5.31716],
			"rotation": {"angle": 0, "axis": "y", "origin": [15.5, 14.65858, 12.31716]},
			"faces": {
				"north": {"uv": [9, 3, 10, 4], "texture": "#0"},
				"east": {"uv": [8, 3, 9, 4], "texture": "#0"},
				"south": {"uv": [11, 3, 12, 4], "texture": "#0"},
				"west": {"uv": [10, 3, 11, 4], "texture": "#0"},
				"up": {"uv": [10, 3, 9, 2], "texture": "#0"},
				"down": {"uv": [11, 2, 10, 3], "texture": "#0"}
			}
		}
	],
	"display": {
		"gui": {
			"rotation": [30, 225, 0],
			"translation": [-0.75, 0.25, 0],
			"scale": [1.5, 1.5, 1.5]
		}
	}
}