{
	"credit": "Made with Blockbench",
	"textures": {
		"0": "craftadia/nitronpc"
	},
	"elements": [
		{
			"from": [4, -2, 7],
			"to": [8, 10, 11],
			"rotation": {"angle": -22.5, "axis": "x", "origin": [12, 6, 15]},
			"faces": {
				"north": {"uv": [4, 12.5, 5, 15.5], "texture": "#0"},
				"east": {"uv": [3, 12.5, 4, 15.5], "texture": "#0"},
				"south": {"uv": [6, 12.5, 7, 15.5], "texture": "#0"},
				"west": {"uv": [5, 12.5, 6, 15.5], "texture": "#0"},
				"up": {"uv": [5, 12.5, 4, 11.5], "texture": "#0"},
				"down": {"uv": [6, 11.5, 5, 12.5], "texture": "#0"}
			}
		},
		{
			"from": [8, -5, 6],
			"to": [12, 7, 10],
			"faces": {
				"north": {"uv": [10, 10, 11, 13], "texture": "#0"},
				"east": {"uv": [9, 10, 10, 13], "texture": "#0"},
				"south": {"uv": [12, 10, 13, 13], "texture": "#0"},
				"west": {"uv": [11, 10, 12, 13], "texture": "#0"},
				"up": {"uv": [11, 10, 10, 9], "texture": "#0"},
				"down": {"uv": [12, 9, 11, 10], "texture": "#0"}
			}
		},
		{
			"from": [10.35876, 19.77297, 6.12868],
			"to": [22.35876, 23.77297, 10.12868],
			"rotation": {"angle": 45, "axis": "z", "origin": [16.35876, 21.77297, 8.12868]},
			"faces": {
				"north": {"uv": [1, 9, 2, 12], "rotation": 90, "texture": "#0"},
				"east": {"uv": [3, 8, 2, 9], "rotation": 270, "texture": "#0"},
				"south": {"uv": [3, 9, 4, 12], "rotation": 270, "texture": "#0"},
				"west": {"uv": [2, 9, 1, 8], "rotation": 270, "texture": "#0"},
				"up": {"uv": [0, 9, 1, 12], "rotation": 270, "texture": "#0"},
				"down": {"uv": [2, 9, 3, 12], "rotation": 270, "texture": "#0"}
			}
		},
		{
			"from": [0, 7, 6],
			"to": [4, 19, 10],
			"faces": {
				"north": {"uv": [6, 8.5, 7, 11.5], "texture": "#0"},
				"east": {"uv": [5, 8.5, 6, 11.5], "texture": "#0"},
				"south": {"uv": [8, 8.5, 9, 11.5], "texture": "#0"},
				"west": {"uv": [7, 8.5, 8, 11.5], "texture": "#0"},
				"up": {"uv": [7, 8.5, 6, 7.5], "texture": "#0"},
				"down": {"uv": [8, 7.5, 7, 8.5], "texture": "#0"}
			}
		},
		{
			"from": [4, 7, 6],
			"to": [12, 19, 10],
			"faces": {
				"north": {"uv": [1, 5, 3, 8], "texture": "#0"},
				"east": {"uv": [0, 5, 1, 8], "texture": "#0"},
				"south": {"uv": [4, 5, 6, 8], "texture": "#0"},
				"west": {"uv": [3, 5, 4, 8], "texture": "#0"},
				"up": {"uv": [3, 5, 1, 4], "texture": "#0"},
				"down": {"uv": [5, 4, 3, 5], "texture": "#0"}
			}
		},
		{
			"from": [6.25, 11.25, 5.5],
			"to": [9.75, 15.75, 8.25],
			"rotation": {"angle": 0, "axis": "y", "origin": [8, 8.75, 8]},
			"faces": {
				"north": {"uv": [13.25, 11.75, 15.25, 13.75], "texture": "#0"},
				"east": {"uv": [13, 11.75, 13.5, 13.75], "texture": "#0"},
				"south": {"uv": [4, 5, 6, 8], "texture": "#0"},
				"west": {"uv": [15, 11.75, 15.5, 13.75], "texture": "#0"},
				"up": {"uv": [15.5, 12.25, 15, 11.75], "texture": "#0"},
				"down": {"uv": [14.5, 13.75, 14, 14.25], "texture": "#0"}
			}
		},
		{
			"from": [6.75, 10.75, 5.5],
			"to": [9.25, 11.25, 8.25],
			"rotation": {"angle": 0, "axis": "y", "origin": [8, 8.75, 8]},
			"faces": {
				"north": {"uv": [13.75, 13.75, 14.75, 14.25], "texture": "#0"},
				"east": {"uv": [13.75, 13.75, 14.75, 14.25], "texture": "#0"},
				"south": {"uv": [4, 5, 6, 8], "texture": "#0"},
				"west": {"uv": [13.75, 13.75, 14.75, 14.25], "texture": "#0"},
				"up": {"uv": [3, 5, 1, 4], "texture": "#0"},
				"down": {"uv": [14.5, 13.75, 14, 14.25], "texture": "#0"}
			}
		},
		{
			"from": [6.75, 15.75, 5.5],
			"to": [9.25, 16.25, 8.25],
			"rotation": {"angle": 0, "axis": "y", "origin": [8, 8.25, 8]},
			"faces": {
				"north": {"uv": [13.75, 11.25, 14.75, 11.75], "texture": "#0"},
				"east": {"uv": [13.75, 11.25, 14.75, 11.75], "texture": "#0"},
				"south": {"uv": [4, 5, 6, 8], "texture": "#0"},
				"west": {"uv": [13.75, 11.25, 14.75, 11.75], "texture": "#0"},
				"up": {"uv": [14.75, 11.75, 13.75, 11.25], "texture": "#0"},
				"down": {"uv": [5, 4, 3, 5], "texture": "#0"}
			}
		},
		{
			"from": [7.25, 16.25, 5.5],
			"to": [8.75, 16.75, 8.25],
			"rotation": {"angle": 0, "axis": "y", "origin": [8, 8.25, 8]},
			"faces": {
				"north": {"uv": [13.75, 11.25, 14.75, 11.75], "texture": "#0"},
				"east": {"uv": [13.75, 11.25, 14.75, 11.75], "texture": "#0"},
				"south": {"uv": [4, 5, 6, 8], "texture": "#0"},
				"west": {"uv": [13.75, 11.25, 14.75, 11.75], "texture": "#0"},
				"up": {"uv": [14.75, 11.75, 13.75, 11.25], "texture": "#0"},
				"down": {"uv": [5, 4, 3, 5], "texture": "#0"}
			}
		},
		{
			"from": [7.25, 10.25, 5.5],
			"to": [8.75, 10.75, 8.25],
			"rotation": {"angle": 0, "axis": "y", "origin": [8, 8.75, 8]},
			"faces": {
				"north": {"uv": [13.75, 13.75, 14.75, 14.25], "texture": "#0"},
				"east": {"uv": [13.75, 13.75, 14.75, 14.25], "texture": "#0"},
				"south": {"uv": [4, 5, 6, 8], "texture": "#0"},
				"west": {"uv": [13.75, 13.75, 14.75, 14.25], "texture": "#0"},
				"up": {"uv": [3, 5, 1, 4], "texture": "#0"},
				"down": {"uv": [14.75, 13.75, 13.75, 14.25], "texture": "#0"}
			}
		},
		{
			"from": [3, 19, 4],
			"to": [13, 27, 12],
			"faces": {
				"north": {"uv": [2, 2, 4.5, 4], "texture": "#0"},
				"east": {"uv": [0, 2, 2, 4], "texture": "#0"},
				"south": {"uv": [6.5, 2, 9, 4], "texture": "#0"},
				"west": {"uv": [4.5, 2, 6.5, 4], "texture": "#0"},
				"up": {"uv": [4.5, 2, 2, 0], "texture": "#0"},
				"down": {"uv": [7, 0, 4.5, 2], "texture": "#0"}
			}
		},
		{
			"from": [11.5, 23, 3.5],
			"to": [12.5, 24, 4],
			"faces": {
				"north": {"uv": [0.25, 4.25, 0.5, 4.5], "texture": "#0"},
				"east": {"uv": [0, 4.25, 0.25, 4.5], "texture": "#0"},
				"south": {"uv": [0.75, 4.25, 1, 4.5], "texture": "#0"},
				"west": {"uv": [0.5, 4.25, 0.75, 4.5], "texture": "#0"},
				"up": {"uv": [0.5, 4.25, 0.25, 4], "texture": "#0"},
				"down": {"uv": [0.75, 4, 0.5, 4.25], "texture": "#0"}
			}
		},
		{
			"from": [3.5, 23, 3.5],
			"to": [4.5, 24, 4],
			"faces": {
				"north": {"uv": [0.25, 1.75, 0.5, 2], "texture": "#0"},
				"east": {"uv": [0, 1.75, 0.25, 2], "texture": "#0"},
				"south": {"uv": [0.75, 1.75, 1, 2], "texture": "#0"},
				"west": {"uv": [0.5, 1.75, 0.75, 2], "texture": "#0"},
				"up": {"uv": [0.5, 1.75, 0.25, 1.5], "texture": "#0"},
				"down": {"uv": [0.75, 1.5, 0.5, 1.75], "texture": "#0"}
			}
		},
		{
			"from": [6, 27, 6],
			"to": [10, 30, 10],
			"faces": {
				"north": {"uv": [8, 1, 9, 1.75], "texture": "#0"},
				"east": {"uv": [7, 1, 8, 1.75], "texture": "#0"},
				"south": {"uv": [10, 1, 11, 1.75], "texture": "#0"},
				"west": {"uv": [9, 1, 10, 1.75], "texture": "#0"},
				"up": {"uv": [9, 1, 8, 0], "texture": "#0"},
				"down": {"uv": [10, 0, 9, 1], "texture": "#0"}
			}
		},
		{
			"from": [7.25, 27.75, 5.75],
			"to": [8.75, 29.25, 10.25],
			"faces": {
				"north": {"uv": [7, 5.75, 7.25, 6], "texture": "#0"},
				"east": {"uv": [6, 5.75, 7, 6], "texture": "#0"},
				"south": {"uv": [8.25, 5.75, 8.5, 6], "texture": "#0"},
				"west": {"uv": [7.25, 5.75, 8.25, 6], "texture": "#0"},
				"up": {"uv": [7.25, 5.75, 7, 4.75], "texture": "#0"},
				"down": {"uv": [7.5, 4.75, 7.25, 5.75], "texture": "#0"}
			}
		},
		{
			"from": [5.75, 27.75, 7.25],
			"to": [10.25, 29.25, 8.75],
			"faces": {
				"north": {"uv": [7.75, 5, 8.75, 5.25], "texture": "#0"},
				"east": {"uv": [7.5, 5, 7.75, 5.25], "texture": "#0"},
				"south": {"uv": [9, 5, 10, 5.25], "texture": "#0"},
				"west": {"uv": [8.75, 5, 9, 5.25], "texture": "#0"},
				"up": {"uv": [8.75, 5, 7.75, 4.75], "texture": "#0"},
				"down": {"uv": [9.75, 4.75, 8.75, 5], "texture": "#0"}
			}
		},
		{
			"from": [9, 30, 7.5],
			"to": [10, 32, 8.5],
			"faces": {
				"north": {"uv": [1.25, 0.25, 1.5, 0.75], "texture": "#0"},
				"east": {"uv": [1, 0.25, 1.25, 0.75], "texture": "#0"},
				"south": {"uv": [1.75, 0.25, 2, 0.75], "texture": "#0"},
				"west": {"uv": [1.5, 0.25, 1.75, 0.75], "texture": "#0"},
				"up": {"uv": [1.5, 0.25, 1.25, 0], "texture": "#0"},
				"down": {"uv": [1.75, 0, 1.5, 0.25], "texture": "#0"}
			}
		},
		{
			"from": [6, 30, 7.5],
			"to": [7, 32, 8.5],
			"faces": {
				"north": {"uv": [1.25, 1.25, 1.5, 1.75], "texture": "#0"},
				"east": {"uv": [1, 1.25, 1.25, 1.75], "texture": "#0"},
				"south": {"uv": [1.75, 1.25, 2, 1.75], "texture": "#0"},
				"west": {"uv": [1.5, 1.25, 1.75, 1.75], "texture": "#0"},
				"up": {"uv": [1.5, 1.25, 1.25, 1], "texture": "#0"},
				"down": {"uv": [1.75, 1, 1.5, 1.25], "texture": "#0"}
			}
		},
		{
			"from": [7.5, 30, 6],
			"to": [8.5, 32, 7],
			"faces": {
				"north": {"uv": [0.25, 1, 0.5, 1.5], "texture": "#0"},
				"east": {"uv": [0, 1, 0.25, 1.5], "texture": "#0"},
				"south": {"uv": [0.75, 1, 1, 1.5], "texture": "#0"},
				"west": {"uv": [0.5, 1, 0.75, 1.5], "texture": "#0"},
				"up": {"uv": [0.5, 1, 0.25, 0.75], "texture": "#0"},
				"down": {"uv": [0.75, 0.75, 0.5, 1], "texture": "#0"}
			}
		},
		{
			"from": [7.5, 30, 9],
			"to": [8.5, 32, 10],
			"faces": {
				"north": {"uv": [0.25, 0.25, 0.5, 0.75], "texture": "#0"},
				"east": {"uv": [0, 0.25, 0.25, 0.75], "texture": "#0"},
				"south": {"uv": [0.75, 0.25, 1, 0.75], "texture": "#0"},
				"west": {"uv": [0.5, 0.25, 0.75, 0.75], "texture": "#0"},
				"up": {"uv": [0.5, 0.25, 0.25, 0], "texture": "#0"},
				"down": {"uv": [0.75, 0, 0.5, 0.25], "texture": "#0"}
			}
		},
		{
			"from": [5, 21, 2.5],
			"to": [11, 24.5, 9.5],
			"faces": {
				"north": {"uv": [9, 13.5, 12.25, 15.5], "texture": "#0"},
				"east": {"uv": [7.25, 4, 9, 4.75], "texture": "#0"},
				"south": {"uv": [12.25, 4, 13.75, 4.75], "texture": "#0"},
				"west": {"uv": [10.5, 4, 12.25, 4.75], "texture": "#0"},
				"up": {"uv": [10.5, 4, 9, 2.25], "texture": "#0"},
				"down": {"uv": [12, 2.25, 10.5, 4], "texture": "#0"}
			}
		},
		{
			"from": [1, 21.5, 7],
			"to": [15, 25.5, 9],
			"faces": {
				"north": {"uv": [6.5, 6.5, 10, 7.5], "texture": "#0"},
				"east": {"uv": [6, 6.5, 6.5, 7.5], "texture": "#0"},
				"south": {"uv": [10.5, 6.5, 14, 7.5], "texture": "#0"},
				"west": {"uv": [10, 6.5, 10.5, 7.5], "texture": "#0"},
				"up": {"uv": [10, 6.5, 6.5, 6], "texture": "#0"},
				"down": {"uv": [13.5, 6, 10, 6.5], "texture": "#0"}
			}
		}
	],
	"display": {
		"thirdperson_righthand": {
			"rotation": [75, 45, 0],
			"translation": [0, 2.5, 0],
			"scale": [0.375, 0.375, 0.375]
		},
		"thirdperson_lefthand": {
			"rotation": [75, 45, 0],
			"translation": [0, 2.5, 0],
			"scale": [0.375, 0.375, 0.375]
		},
		"firstperson_righthand": {
			"rotation": [0, 45, 0],
			"scale": [0.4, 0.4, 0.4]
		},
		"firstperson_lefthand": {
			"rotation": [0, 225, 0],
			"scale": [0.4, 0.4, 0.4]
		},
		"ground": {
			"translation": [0, 3, 0],
			"scale": [0.25, 0.25, 0.25]
		},
		"gui": {
			"rotation": [30, 225, 0],
			"translation": [0, -1, 0],
			"scale": [0.625, 0.625, 0.625]
		},
		"head": {
			"translation": [0, -20, 0],
			"scale": [1.8, 1.8, 1.8]
		}
	}
}