{
    "parent": "item/generated",
    "textures": {
        "layer0": "item/bow"
    },
    "display": {
        "thirdperson_righthand": {
            "rotation": [ -80, 260, -40 ],
            "translation": [ -1, -2, 2.5 ],
            "scale": [ 0.9, 0.9, 0.9 ]
        },
        "thirdperson_lefthand": {
            "rotation": [ -80, -280, 40 ],
            "translation": [ -1, -2, 2.5 ],
            "scale": [ 0.9, 0.9, 0.9 ]
        },
        "firstperson_righthand": {
            "rotation": [ 0, -90, 25 ],
            "translation": [ 1.13, 3.2, 1.13],
            "scale": [ 0.68, 0.68, 0.68 ]
        },
        "firstperson_lefthand": {
            "rotation": [ 0, 90, -25 ],
            "translation": [ 1.13, 3.2, 1.13],
            "scale": [ 0.68, 0.68, 0.68 ]
        }
    },
    "overrides": [
        {"predicate":{"pulling":1},"model":"item/bow_pulling_0"},
        {"predicate":{"pulling":1,"pull":0.65},"model":"item/bow_pulling_1"},
        {"predicate":{"pulling":1,"pull":0.9},"model":"item/bow_pulling_2"},
        {"predicate":{"custom_model_data": 10},"model":"craftadia/tools/newyears_bow"},
        {"predicate":{"pulling":1,"custom_model_data": 1},"model":"craftadia/tools/newyears_bow_pulling_0"},
        {"predicate":{"pulling":1,"pull":0.65,"custom_model_data": 10},"model":"craftadia/tools/newyears_bow_pulling_1"},
        {"predicate":{"pulling":1,"pull":0.9,"custom_model_data": 10},"model":"craftadia/tools/newyears_bow_pulling_2"},
        {"predicate":{"custom_model_data": 11},"model":"craftadia/tools/nether_bow"},
        {"predicate":{"pulling":1,"custom_model_data": 11},"model":"craftadia/tools/nether_bow_pulling_0"},
        {"predicate":{"pulling":1,"pull":0.65,"custom_model_data": 11},"model":"craftadia/tools/nether_bow_pulling_1"},
        {"predicate":{"pulling":1,"pull":0.9,"custom_model_data": 11},"model":"craftadia/tools/nether_bow_pulling_2"},
        {"predicate":{"custom_model_data": 12},"model":"craftadia/tools/bone_bow"},
        {"predicate":{"pulling":1,"custom_model_data": 12},"model":"craftadia/tools/bone_bow_pulling_0"},
        {"predicate":{"pulling":1,"pull":0.65,"custom_model_data": 12},"model":"craftadia/tools/bone_bow_pulling_1"},
        {"predicate":{"pulling":1,"pull":0.9,"custom_model_data": 12},"model":"craftadia/tools/bone_bow_pulling_2"},
        {"predicate":{"custom_model_data": 13},"model":"craftadia/tools/piglin_bow"},
        {"predicate":{"pulling":1,"custom_model_data": 13},"model":"craftadia/tools/piglin_bow_pulling_0"},
        {"predicate":{"pulling":1,"pull":0.65,"custom_model_data": 13},"model":"craftadia/tools/piglin_bow_pulling_1"},
        {"predicate":{"pulling":1,"pull":0.9,"custom_model_data": 13},"model":"craftadia/tools/piglin_bow_pulling_2"}
    ]
}
