{
    "parent": "item/generated",
    "textures": {
        "layer0": "item/diamond_chestplate"
	},
    "overrides": [
		{ "predicate": { "custom_model_data": 1}, "model": "craftadia/armor/ruby_chestplate" },
    { "predicate": { "custom_model_data": 3}, "model": "craftadia/armor/obsidian_chestplate" },
		{ "predicate": { "custom_model_data": 4}, "model": "craftadia/armor/frost_chestplate" },
    { "predicate": { "custom_model_data": 5}, "model": "craftadia/armor/valentine_chestplate" },
		{ "predicate": { "custom_model_data": 6}, "model": "craftadia/armor/patricks_chestplate" },
		{ "predicate": { "custom_model_data": 7}, "model": "craftadia/armor/easter_chestplate" },
		{ "predicate": { "custom_model_data": 8}, "model": "craftadia/armor/vader_chestplate" },
    { "predicate": { "custom_model_data": 9}, "model": "craftadia/armor/birthday_chestplate" },
		{ "predicate": { "custom_model_data": 10}, "model": "craftadia/armor/summernew_chestplate" }
  ]
}
