{
  "parent": "item/generated",
  "textures": {
    "layer0": "item/leather_horse_armor"
  },
  "overrides": [
    {
      "predicate": {
        "custom_model_data": 1
      },
      "model": "modelengine:banshee/banshee"
    },
    {
      "predicate": {
        "custom_model_data": 2
      },
      "model": "modelengine:bloodthirst/blood"
    },
    {
      "predicate": {
        "custom_model_data": 3
      },
      "model": "modelengine:candycauldron/body"
    },
    {
      "predicate": {
        "custom_model_data": 4
      },
      "model": "modelengine:candycauldron/candy"
    },
    {
      "predicate": {
        "custom_model_data": 5
      },
      "model": "modelengine:coffin/casket"
    },
    {
      "predicate": {
        "custom_model_data": 6
      },
      "model": "modelengine:coffin/lid"
    },
    {
      "predicate": {
        "custom_model_data": 7
      },
      "model": "modelengine:coffin/bone4"
    },
    {
      "predicate": {
        "custom_model_data": 8
      },
      "model": "modelengine:coffin/bone3"
    },
    {
      "predicate": {
        "custom_model_data": 9
      },
      "model": "modelengine:coffin/bone2"
    },
    {
      "predicate": {
        "custom_model_data": 10
      },
      "model": "modelengine:coffin/bone"
    },
    {
      "predicate": {
        "custom_model_data": 11
      },
      "model": "modelengine:coffin/bone5"
    },
    {
      "predicate": {
        "custom_model_data": 12
      },
      "model": "modelengine:coffin/bone6"
    },
    {
      "predicate": {
        "custom_model_data": 13
      },
      "model": "modelengine:coffin/bone7"
    },
    {
      "predicate": {
        "custom_model_data": 14
      },
      "model": "modelengine:coffin/bone8"
    },
    {
      "predicate": {
        "custom_model_data": 15
      },
      "model": "modelengine:frankenstein/torso"
    },
    {
      "predicate": {
        "custom_model_data": 16
      },
      "model": "modelengine:frankenstein/rightarm"
    },
    {
      "predicate": {
        "custom_model_data": 17
      },
      "model": "modelengine:frankenstein/rightforearm"
    },
    {
      "predicate": {
        "custom_model_data": 18
      },
      "model": "modelengine:frankenstein/leftarm"
    },
    {
      "predicate": {
        "custom_model_data": 19
      },
      "model": "modelengine:frankenstein/leftforearm"
    },
    {
      "predicate": {
        "custom_model_data": 20
      },
      "model": "modelengine:frankenstein/head"
    },
    {
      "predicate": {
        "custom_model_data": 21
      },
      "model": "modelengine:frankenstein/rightleg"
    },
    {
      "predicate": {
        "custom_model_data": 22
      },
      "model": "modelengine:frankenstein/rightcalf"
    },
    {
      "predicate": {
        "custom_model_data": 23
      },
      "model": "modelengine:frankenstein/leftleg"
    },
    {
      "predicate": {
        "custom_model_data": 24
      },
      "model": "modelengine:frankenstein/leftcalf"
    },
    {
      "predicate": {
        "custom_model_data": 25
      },
      "model": "modelengine:mummy/torso"
    },
    {
      "predicate": {
        "custom_model_data": 26
      },
      "model": "modelengine:mummy/leftleg"
    },
    {
      "predicate": {
        "custom_model_data": 27
      },
      "model": "modelengine:mummy/leftcalf"
    },
    {
      "predicate": {
        "custom_model_data": 28
      },
      "model": "modelengine:mummy/leftfoot"
    },
    {
      "predicate": {
        "custom_model_data": 29
      },
      "model": "modelengine:mummy/rightleg"
    },
    {
      "predicate": {
        "custom_model_data": 30
      },
      "model": "modelengine:mummy/rightcalf"
    },
    {
      "predicate": {
        "custom_model_data": 31
      },
      "model": "modelengine:mummy/rightfoot"
    },
    {
      "predicate": {
        "custom_model_data": 32
      },
      "model": "modelengine:mummy/leftarm"
    },
    {
      "predicate": {
        "custom_model_data": 33
      },
      "model": "modelengine:mummy/leftforearm"
    },
    {
      "predicate": {
        "custom_model_data": 34
      },
      "model": "modelengine:mummy/lefthand"
    },
    {
      "predicate": {
        "custom_model_data": 35
      },
      "model": "modelengine:mummy/rightarm"
    },
    {
      "predicate": {
        "custom_model_data": 36
      },
      "model": "modelengine:mummy/rightforearm"
    },
    {
      "predicate": {
        "custom_model_data": 37
      },
      "model": "modelengine:mummy/righthand"
    },
    {
      "predicate": {
        "custom_model_data": 38
      },
      "model": "modelengine:mummy/head"
    },
    {
      "predicate": {
        "custom_model_data": 39
      },
      "model": "modelengine:vamp/torso"
    },
    {
      "predicate": {
        "custom_model_data": 40
      },
      "model": "modelengine:vamp/leftbicep"
    },
    {
      "predicate": {
        "custom_model_data": 41
      },
      "model": "modelengine:vamp/leftforearm"
    },
    {
      "predicate": {
        "custom_model_data": 42
      },
      "model": "modelengine:vamp/lefthand"
    },
    {
      "predicate": {
        "custom_model_data": 43
      },
      "model": "modelengine:vamp/rightbicep"
    },
    {
      "predicate": {
        "custom_model_data": 44
      },
      "model": "modelengine:vamp/rightforearm"
    },
    {
      "predicate": {
        "custom_model_data": 45
      },
      "model": "modelengine:vamp/righthand"
    },
    {
      "predicate": {
        "custom_model_data": 46
      },
      "model": "modelengine:vamp/leftthigh"
    },
    {
      "predicate": {
        "custom_model_data": 47
      },
      "model": "modelengine:vamp/leftcalf"
    },
    {
      "predicate": {
        "custom_model_data": 48
      },
      "model": "modelengine:vamp/leftfoot"
    },
    {
      "predicate": {
        "custom_model_data": 49
      },
      "model": "modelengine:vamp/rightthigh"
    },
    {
      "predicate": {
        "custom_model_data": 50
      },
      "model": "modelengine:vamp/rightcalf"
    },
    {
      "predicate": {
        "custom_model_data": 51
      },
      "model": "modelengine:vamp/rightfoot"
    },
    {
      "predicate": {
        "custom_model_data": 52
      },
      "model": "modelengine:vamp/head"
    }
  ]
}