{
    "parent": "item/generated",
    "textures": {
        "layer0": "item/netherite_boots"
	},
    "overrides": [
		{ "predicate": { "custom_model_data": 1}, "model": "craftadia/armor/ruby_boots" },
        { "predicate": { "custom_model_data": 3}, "model": "craftadia/armor/obsidian_boots" },
		{ "predicate": { "custom_model_data": 4}, "model": "craftadia/armor/frost_boots" },
        { "predicate": { "custom_model_data": 5}, "model": "craftadia/armor/valentine_boots" },
		{ "predicate": { "custom_model_data": 6}, "model": "craftadia/armor/patricks_boots" },
		{ "predicate": { "custom_model_data": 7}, "model": "craftadia/armor/easter_boots" },
		{ "predicate": { "custom_model_data": 8}, "model": "craftadia/armor/vader_boots" },
        { "predicate": { "custom_model_data": 9}, "model": "craftadia/armor/birthday_boots" },
		{ "predicate": { "custom_model_data": 10}, "model": "craftadia/armor/summernew_boots" },
		{ "predicate": { "custom_model_data": 20}, "model": "craftadia/armor/nether_boots" },
		{ "predicate": { "custom_model_data": 21}, "model": "craftadia/armor/bone_boots" }
  ]
}
