{
	"parent": "item/handheld",
	"textures": {
		"layer0": "item/netherite_axe"
	},
    "overrides": [
		{ "predicate": { "custom_model_data": 1}, "model": "craftadia/tools/ruby_axe" },
		{ "predicate": { "custom_model_data": 2}, "model": "craftadia/tools/obsidian_axe" },
		{ "predicate": { "custom_model_data": 3}, "model": "craftadia/tools/thanksgiving_axe" },
		{ "predicate": { "custom_model_data": 4}, "model": "craftadia/tools/christmas_axe" },
		{ "predicate": { "custom_model_data": 5}, "model": "craftadia/tools/valentine_axe" },
		{ "predicate": { "custom_model_data": 6}, "model": "craftadia/tools/patricks_axe" },
		{ "predicate": { "custom_model_data": 7}, "model": "craftadia/tools/easter_axe" },
		{ "predicate": { "custom_model_data": 8}, "model": "craftadia/tools/easter_greataxe" },
		{ "predicate": { "custom_model_data": 9}, "model": "craftadia/tools/vader_axe" },
		{ "predicate": { "custom_model_data": 10}, "model": "craftadia/tools/birthday_axe" },
		{ "predicate": { "custom_model_data": 11}, "model": "craftadia/tools/summernew_axe" },
		{ "predicate": { "custom_model_data": 12}, "model": "craftadia/tools/hammer_axe" },
		{ "predicate": { "custom_model_data": 20}, "model": "craftadia/tools/nether_axe" },
		{ "predicate": { "custom_model_data": 21}, "model": "craftadia/tools/bone_axe" },
		{ "predicate": { "custom_model_data": 22}, "model": "craftadia/tools/piglin_axe" }
  ]
}