{
    "parent": "item/generated",
    "textures": {
        "layer0": "item/netherite_helmet"
	},
    "overrides": [
		{ "predicate": { "custom_model_data": 1}, "model": "craftadia/armor/ruby_helmet" },
        { "predicate": { "custom_model_data": 3}, "model": "craftadia/armor/obsidian_helmet" },
        { "predicate": { "custom_model_data": 4}, "model": "craftadia/armor/frost_helmet" },
        { "predicate": { "custom_model_data": 5}, "model": "craftadia/armor/valentine_helmet" },
		{ "predicate": { "custom_model_data": 6}, "model": "craftadia/armor/patricks_helmet" },
		{ "predicate": { "custom_model_data": 7}, "model": "craftadia/armor/easter_helmet" },
		{ "predicate": { "custom_model_data": 8}, "model": "craftadia/armor/vader_helmet" },
		{ "predicate": { "custom_model_data": 9}, "model": "craftadia/armor/birthday_helmet" },
		{ "predicate": { "custom_model_data": 10}, "model": "craftadia/armor/summernew_helmet" },
		{ "predicate": { "custom_model_data": 20}, "model": "craftadia/armor/nether_helmet" },
		{ "predicate": { "custom_model_data": 21}, "model": "craftadia/armor/bone_helmet" }

  ]
}
