{
    "parent": "builtin/generated",
    "textures": {
        "layer0": "item/paper"
    },
    "overrides": [
          { "predicate": { "custom_model_data": 1}, "model": "craftadia/gemstone" },
          { "predicate": { "custom_model_data": 2}, "model": "craftadia/cosmetics/cowboyhat" },
          { "predicate": { "custom_model_data": 3}, "model": "craftadia/cosmetics/kingcrown" },
          { "predicate": { "custom_model_data": 4}, "model": "craftadia/cosmetics/piratehat" },
          { "predicate": { "custom_model_data": 5}, "model": "craftadia/cosmetics/piratehook" },
          { "predicate": { "custom_model_data": 6}, "model": "craftadia/cosmetics/pitchfork" },
          { "predicate": { "custom_model_data": 7}, "model": "craftadia/cosmetics/strawhat" },
          { "predicate": { "custom_model_data": 8}, "model": "craftadia/skills/forestry_icon_full" },
          { "predicate": { "custom_model_data": 9}, "model": "craftadia/skills/forestry_icon_half" },
          { "predicate": { "custom_model_data": 10}, "model": "craftadia/skills/mining_icon_full" },
          { "predicate": { "custom_model_data": 11}, "model": "craftadia/skills/mining_icon_half" },
          { "predicate": { "custom_model_data": 12}, "model": "craftadia/skills/farming_icon_full" },
          { "predicate": { "custom_model_data": 13}, "model": "craftadia/skills/farming_icon_half" },
          { "predicate": { "custom_model_data": 14}, "model": "craftadia/skills/butchery_icon_full" },
          { "predicate": { "custom_model_data": 15}, "model": "craftadia/skills/butchery_icon_half" },
          { "predicate": { "custom_model_data": 16}, "model": "craftadia/skills/fishing_icon_full" },
          { "predicate": { "custom_model_data": 17}, "model": "craftadia/skills/fishing_icon_half" },
          { "predicate": { "custom_model_data": 18}, "model": "craftadia/turkey/turkey" },
          { "predicate": { "custom_model_data": 19}, "model": "craftadia/turkey/turkey_walking" },
          { "predicate": { "custom_model_data": 20}, "model": "craftadia/turkey/key" },
          { "predicate": { "custom_model_data": 21}, "model": "craftadia/turkey/gold_turkey_walking" },
          { "predicate": { "custom_model_data": 22}, "model": "craftadia/turkey/hat_turkey" },
          { "predicate": { "custom_model_data": 23}, "model": "craftadia/turkey/hat_turkey_walking" },
          { "predicate": { "custom_model_data": 24}, "model": "craftadia/turkey/pilgrim_hat" },
          { "predicate": { "custom_model_data": 25}, "model": "craftadia/turkey/gold_turkey" },
          { "predicate": { "custom_model_data": 26}, "model": "craftadia/hats/cyberhat" },
          { "predicate": { "custom_model_data": 27}, "model": "craftadia/pets/cyberpet" },
          { "predicate": { "custom_model_data": 28}, "model": "craftadia/pets/nitropet" },
          { "predicate": { "custom_model_data": 29}, "model": "craftadia/nitronpc" },
          { "predicate": { "custom_model_data": 30}, "model": "craftadia/hats/grinch_head" },
          { "predicate": { "custom_model_data": 31}, "model": "craftadia/hats/elf_hat" },
          { "predicate": { "custom_model_data": 32}, "model": "craftadia/hats/santa_hat" },
          { "predicate": { "custom_model_data": 33}, "model": "craftadia/christmas_key" },
          { "predicate": { "custom_model_data": 34}, "model": "craftadia/hats/grinch_hands" },
          { "predicate": { "custom_model_data": 35}, "model": "craftadia/pets/reindeer_pet" },
          { "predicate": { "custom_model_data": 36}, "model": "craftadia/pets/christmas_tree_pet" },
          { "predicate": { "custom_model_data": 37}, "model": "craftadia/hats/reindeer" },
          { "predicate": { "custom_model_data": 38}, "model": "craftadia/hats/newyears" },
          { "predicate": { "custom_model_data": 39}, "model": "craftadia/hats/halo_hat" },
          { "predicate": { "custom_model_data": 40}, "model": "craftadia/valentine_key" },
          { "predicate": { "custom_model_data": 41}, "model": "craftadia/hats/hearts_hat" },
          { "predicate": { "custom_model_data": 42}, "model": "craftadia/hats/flower_hat" },
          { "predicate": { "custom_model_data": 43}, "model": "craftadia/hats/bear_hat" },
          { "predicate": { "custom_model_data": 44}, "model": "craftadia/cosmetics/cupid_wings" },
          { "predicate": { "custom_model_data": 45}, "model": "craftadia/hats/pot_of_gold" },
          { "predicate": { "custom_model_data": 46}, "model": "craftadia/hats/leprechaun_hat" },
          { "predicate": { "custom_model_data": 47}, "model": "craftadia/hats/leprechaun" },
          { "predicate": { "custom_model_data": 48}, "model": "craftadia/ui/daily_quests" },
          { "predicate": { "custom_model_data": 49}, "model": "craftadia/ui/weekly_quests" },
          { "predicate": { "custom_model_data": 50}, "model": "craftadia/ui/monthly_quests" },
          { "predicate": { "custom_model_data": 51}, "model": "craftadia/hats/easter_bunny" },
          { "predicate": { "custom_model_data": 52}, "model": "craftadia/hats/easter_basket" },
          { "predicate": { "custom_model_data": 53}, "model": "craftadia/hats/birdhouse" },
          { "predicate": { "custom_model_data": 54}, "model": "craftadia/hats/easter_basket_big" },
          { "predicate": { "custom_model_data": 55}, "model": "craftadia/banana_bread" },
          { "predicate": { "custom_model_data": 56}, "model": "craftadia/starwars_key" },
          { "predicate": { "custom_model_data": 57}, "model": "craftadia/pets/babywookie" },
          { "predicate": { "custom_model_data": 58}, "model": "craftadia/pets/babyyoda" },
          { "predicate": { "custom_model_data": 59}, "model": "craftadia/hats/mandalorianhelmet" },
          { "predicate": { "custom_model_data": 60}, "model": "craftadia/hats/vaderhelmet" },
          { "predicate": { "custom_model_data": 61}, "model": "craftadia/pets/bbeight" },
          { "predicate": { "custom_model_data": 62}, "model": "craftadia/pets/bbninee" },
          { "predicate": { "custom_model_data": 63}, "model": "craftadia/hats/prideflag" },
          { "predicate": { "custom_model_data": 64}, "model": "craftadia/birthday_key" },
          { "predicate": { "custom_model_data": 65}, "model": "craftadia/hats/candle_glasses" },
          { "predicate": { "custom_model_data": 66}, "model": "craftadia/hats/party_hat" },
          { "predicate": { "custom_model_data": 67}, "model": "craftadia/hats/cake_hat" },
          { "predicate": { "custom_model_data": 68}, "model": "craftadia/pets/pinata" },
          { "predicate": { "custom_model_data": 69}, "model": "craftadia/pets/baloon" },
          { "predicate": { "custom_model_data": 70}, "model": "craftadia/summer_key" },
          { "predicate": { "custom_model_data": 71}, "model": "craftadia/hats/lifebuoyhat" },
          { "predicate": { "custom_model_data": 72}, "model": "craftadia/hats/umbrellahat" },
          { "predicate": { "custom_model_data": 73}, "model": "craftadia/pets/crab_pet" },
          { "predicate": { "custom_model_data": 74}, "model": "craftadia/pets/beachball_pet" },
          { "predicate": { "custom_model_data": 75}, "model": "craftadia/pets/alien_pet" },
          { "predicate": { "custom_model_data": 76}, "model": "craftadia/pets/horse_pet" },
          { "predicate": { "custom_model_data": 77}, "model": "craftadia/pets/potato_pet" },
          { "predicate": { "custom_model_data": 78}, "model": "craftadia/hats/shepherd_hat" },
          { "predicate": { "custom_model_data": 79}, "model": "craftadia/hats/space_ranger_hat" },
          { "predicate": { "custom_model_data": 80}, "model": "craftadia/hats/cowboy_hat" },
          { "predicate": { "custom_model_data": 81}, "model": "craftadia/pets/penguin_pet" },
          { "predicate": { "custom_model_data": 82}, "model": "craftadia/pets/frog_pet" },
          { "predicate": { "custom_model_data": 83}, "model": "craftadia/pets/snake_pet" },
          { "predicate": { "custom_model_data": 84}, "model": "craftadia/pets/present_pet" },
          { "predicate": { "custom_model_data": 85}, "model": "craftadia/pets/rex_pet" },
          { "predicate": { "custom_model_data": 86}, "model": "craftadia/nether_key" },
          { "predicate": { "custom_model_data": 87}, "model": "craftadia/hats/hoglin_hat" },
          { "predicate": { "custom_model_data": 88}, "model": "craftadia/hats/piglin_hat" },
          { "predicate": { "custom_model_data": 89}, "model": "craftadia/hats/strider_hat" },
          { "predicate": { "custom_model_data": 90}, "model": "craftadia/pets/hellhound_pet" },
          { "predicate": { "custom_model_data": 91}, "model": "craftadia/pets/skeleton_wolf_pet" },
          { "predicate": { "custom_model_data": 92}, "model": "craftadia/pets/baby_devil_pet" },
          { "predicate": { "custom_model_data": 93}, "model": "craftadia/halloween_key" },
          { "predicate": { "custom_model_data": 94}, "model": "craftadia/hats/witch_hat" },
          { "predicate": { "custom_model_data": 95}, "model": "craftadia/hats/clown_mask" },
          { "predicate": { "custom_model_data": 96}, "model": "craftadia/hats/ghoul_mask" },
          { "predicate": { "custom_model_data": 97}, "model": "craftadia/hats/pumpkin_hat" },
          { "predicate": { "custom_model_data": 98}, "model": "craftadia/pets/devil_bat_pet" },
          { "predicate": { "custom_model_data": 99}, "model": "craftadia/pets/goblin_pet" }
    ]
}
