{
	"credit": "Made with Blockbench",
	"texture_size": [32, 32],
	"textures": {
		"3": "craftadia/armor/summerleggings",
		"particle": "craftadia/armor/summerleggings"
	},
	"elements": [
		{
			"from": [7.71, 0.11, 5.71],
			"to": [12.29, 12.69, 10.29],
			"rotation": {"angle": 0, "axis": "y", "origin": [10, 12.4, 8]},
			"faces": {
				"north": {"uv": [2, 5.9995, 4, 0], "rotation": 180, "texture": "#3"},
				"east": {"uv": [2, 0, 0, 6], "texture": "#3"},
				"south": {"uv": [4, 0, 5.9995, 5.999], "texture": "#3"},
				"west": {"uv": [0, 0, 2, 6], "texture": "#3"},
				"up": {"uv": [6, 0, 7.9995, 1.9995], "texture": "#3"},
				"down": {"uv": [6, 0, 7.9995, 1.9995], "texture": "#3"}
			}
		},
		{
			"from": [3.71, 0.11, 5.71],
			"to": [8.29, 12.69, 10.29],
			"rotation": {"angle": 0, "axis": "y", "origin": [6, 12.4, 8]},
			"faces": {
				"north": {"uv": [1.9995, 0, 3.9985, 5.9995], "texture": "#3"},
				"east": {"uv": [0, 0, 2, 6], "texture": "#3"},
				"south": {"uv": [5.9995, 0, 4, 5.9995], "texture": "#3"},
				"west": {"uv": [0, 0, 2, 6], "texture": "#3"},
				"up": {"uv": [6, 0, 7.9995, 1.9995], "texture": "#3"},
				"down": {"uv": [6, 0, 7.9995, 1.9995], "texture": "#3"}
			}
		}
	],
	"display": {
		"thirdperson_righthand": {
			"rotation": [0, -180, 0],
			"translation": [0.25, 2.25, 0],
			"scale": [0.55, 0.55, 0.55]
		},
		"thirdperson_lefthand": {
			"rotation": [0, -180, 0],
			"translation": [0.25, 2.25, 0],
			"scale": [0.55, 0.55, 0.55]
		},
		"firstperson_righthand": {
			"rotation": [0, 152, 0],
			"translation": [1.5, 1.75, 0],
			"scale": [0.6, 0.6, 0.6]
		},
		"firstperson_lefthand": {
			"rotation": [0, 152, 0],
			"translation": [1.5, 1.75, 0],
			"scale": [0.6, 0.6, 0.6]
		},
		"ground": {
			"translation": [0, 1, 0],
			"scale": [0.6, 0.6, 0.6]
		},
		"gui": {
			"rotation": [20, 135, 0],
			"translation": [0.25, 0.5, 0],
			"scale": [0.7, 0.7, 0.7]
		},
		"head": {
			"translation": [0, -30, 0],
			"scale": [1.6, 1.6, 1.6]
		},
		"fixed": {
			"translation": [0, 0.25, 0],
			"scale": [0.7, 0.7, 0.7]
		}
	},
	"groups": [
		{
			"name": "Leggings",
			"origin": [8, 8, 8],
			"children": [
				{
					"name": "Leg2",
					"origin": [17, 15.4, 17],
					"children": [0]
				},
				{
					"name": "Leg1",
					"origin": [17, 15.4, 17],
					"children": [1]
				}
			]
		}
	]
}