{
	"credit": "Made with Blockbench",
	"texture_size": [32, 32],
	"textures": {
		"3": "craftadia/armor/summerleggings",
		"4": "craftadia/armor/summerboots",
		"particle": "craftadia/armor/summerhelmet"
	},
	"elements": [
		{
			"from": [3.5, 0, 5.6],
			"to": [8.3, 5.8, 10.4],
			"rotation": {"angle": 0, "axis": "y", "origin": [7.9, 5.7, 8]},
			"faces": {
				"north": {"uv": [1.9995, 0, 3.9995, 2.5], "texture": "#4"},
				"east": {"uv": [0, 0, 2, 2.5], "texture": "#4"},
				"south": {"uv": [2, 0, 0, 2.4995], "texture": "#4"},
				"west": {"uv": [0, 0, 2, 2.5], "texture": "#4"},
				"up": {"uv": [6, 0, 8, 2], "texture": "#4"},
				"down": {"uv": [6, 0, 7.9995, 1.9995], "texture": "#4"}
			}
		},
		{
			"from": [3.51, 0.01, 4.91],
			"to": [8.29, 2.79, 9.69],
			"rotation": {"angle": 0, "axis": "y", "origin": [7.9, 5.7, 8]},
			"faces": {
				"north": {"uv": [4, 0, 6, 1], "texture": "#4"},
				"east": {"uv": [0, 2, 0, 2.499], "texture": "#4"},
				"south": {"uv": [5.9995, 0, 4, 5.9995], "texture": "#3"},
				"west": {"uv": [-0.4995, 1.9985, 0, 2.498], "texture": "#4"},
				"up": {"uv": [3.9995, 0, 2, 0.5], "texture": "#4"},
				"down": {"uv": [5.9995, 0.499, 7.999, 0.9985], "texture": "#4"}
			}
		},
		{
			"from": [3.1, 2.92082, 9.23087],
			"to": [4.7, 4.52082, 10.83087],
			"rotation": {"angle": 45, "axis": "x", "origin": [7.9, 5.7, 8]},
			"faces": {
				"north": {"uv": [4.5, 4, 4.5, 5.4995], "texture": "#4"},
				"east": {"uv": [0, 0, 2, 2.5], "texture": "#4"},
				"south": {"uv": [6, 4, 6, 5.5], "texture": "#4"},
				"west": {"uv": [4.5, 4, 5.9995, 5.4995], "texture": "#4"},
				"up": {"uv": [4.5, 4, 5.999, 4], "rotation": 90, "texture": "#4"},
				"down": {"uv": [4.5, 5.5, 5.9985, 5.5], "rotation": 270, "texture": "#4"}
			}
		},
		{
			"from": [7.7, 0, 5.6],
			"to": [12.5, 5.8, 10.4],
			"rotation": {"angle": 0, "axis": "y", "origin": [7.9, 5.7, 8]},
			"faces": {
				"north": {"uv": [1.9995, 2.5, 3.9995, 0], "rotation": 180, "texture": "#4"},
				"east": {"uv": [0, 2.5, 2, 0], "rotation": 180, "texture": "#4"},
				"south": {"uv": [2, 0, 0, 2.4995], "texture": "#4"},
				"west": {"uv": [0, 0, 2, 2.5], "texture": "#4"},
				"up": {"uv": [6, 0, 7.9995, 1.9995], "texture": "#4"},
				"down": {"uv": [6, 0, 7.9995, 1.9995], "texture": "#4"}
			}
		},
		{
			"from": [7.71, 0.01, 4.91],
			"to": [12.49, 2.79, 9.69],
			"rotation": {"angle": 0, "axis": "y", "origin": [7.9, 5.7, 8]},
			"faces": {
				"north": {"uv": [6, 0, 4, 1], "texture": "#4"},
				"east": {"uv": [0, 1.9995, 0, 2.499], "texture": "#4"},
				"south": {"uv": [5.9995, 0, 4, 5.9995], "texture": "#3"},
				"west": {"uv": [0, 2, 0, 2.4995], "texture": "#4"},
				"up": {"uv": [2, 0, 3.999, 0.5], "texture": "#4"},
				"down": {"uv": [5.9995, 0.499, 7.999, 0.9985], "texture": "#4"}
			}
		},
		{
			"from": [11.3, 2.92082, 5.16913],
			"to": [12.9, 4.52082, 6.76913],
			"rotation": {"angle": -45, "axis": "x", "origin": [7.9, 5.7, 8]},
			"faces": {
				"north": {"uv": [6, 4, 6, 5.5], "texture": "#4"},
				"east": {"uv": [4.5, 4, 5.9995, 5.4995], "texture": "#4"},
				"south": {"uv": [4.5, 4, 4.5, 5.4995], "texture": "#4"},
				"west": {"uv": [5.9995, 4, 4.5, 5.4995], "texture": "#4"},
				"up": {"uv": [5.999, 4, 4.5, 4], "rotation": 90, "texture": "#4"},
				"down": {"uv": [5.9985, 5.5, 4.5, 5.5], "rotation": 270, "texture": "#4"}
			}
		}
	],
	"display": {
		"thirdperson_righthand": {
			"rotation": [0, -180, 0],
			"translation": [0.25, 3.25, 0],
			"scale": [0.55, 0.55, 0.55]
		},
		"thirdperson_lefthand": {
			"rotation": [0, -180, 0],
			"translation": [0.25, 3.25, 0],
			"scale": [0.55, 0.55, 0.55]
		},
		"firstperson_righthand": {
			"rotation": [0, 152, 0],
			"translation": [1.5, 5, 0],
			"scale": [0.6, 0.6, 0.6]
		},
		"firstperson_lefthand": {
			"rotation": [0, 152, 0],
			"translation": [1.5, 5, 0],
			"scale": [0.6, 0.6, 0.6]
		},
		"ground": {
			"translation": [0, 1.75, 0],
			"scale": [0.7, 0.7, 0.7]
		},
		"gui": {
			"rotation": [20, 135, 0],
			"translation": [0.5, 4.75, 0]
		},
		"head": {
			"translation": [0, -32, 0],
			"scale": [1.6, 1.6, 1.6]
		},
		"fixed": {
			"translation": [0, 5.25, 0],
			"scale": [1.2, 1.2, 1.2]
		}
	},
	"groups": [
		{
			"name": "Boots",
			"origin": [13, 15.4, 17],
			"children": [
				{
					"name": "Leg1",
					"origin": [12.9, 15.4, 16.3],
					"children": [0, 1, 2]
				},
				{
					"name": "Leg2",
					"origin": [17.1, 15.4, 16.3],
					"children": [3, 4, 5]
				}
			]
		}
	]
}