{
	"credit": "Made with Blockbench",
	"texture_size": [32, 32],
	"textures": {
		"0": "craftadia/armor/summerhelmet",
		"particle": "craftadia/armor/summerhelmet"
	},
	"elements": [
		{
			"name": "head",
			"from": [3.7, 0.7, 3.7],
			"to": [12.3, 9.3, 12.3],
			"rotation": {"angle": 0, "axis": "y", "origin": [8, 5.5, 8]},
			"faces": {
				"north": {"uv": [0, 11.999, 4, 15.999], "texture": "#0"},
				"east": {"uv": [15.999, 11.999, 11.999, 15.999], "texture": "#0"},
				"south": {"uv": [12, 12.1245, 15.999, 16], "texture": "#0"},
				"west": {"uv": [11.999, 11.999, 15.999, 15.999], "texture": "#0"},
				"up": {"uv": [12.1245, 12.1245, 16, 16], "texture": "#0"},
				"down": {"uv": [11.999, 7.5, 15.999, 11.4995], "texture": "#0"}
			}
		},
		{
			"name": "head",
			"from": [3.2, 2.24257, 2.00784],
			"to": [12.8, 4.84257, 6.60784],
			"rotation": {"angle": -22.5, "axis": "x", "origin": [8, 5.5, 8]},
			"faces": {
				"north": {"uv": [6, 4.5, 10.5, 5.499], "texture": "#0"},
				"east": {"uv": [10, 5.5, 8, 6.5], "texture": "#0"},
				"south": {"uv": [6, 3.5, 10.5, 4.5], "texture": "#0"},
				"west": {"uv": [7.9995, 5.499, 9.999, 6.4975], "texture": "#0"},
				"up": {"uv": [5.4995, 8.5, 9.9995, 10.4995], "texture": "#0"},
				"down": {"uv": [5.5, 8.5, 10, 10.5], "rotation": 180, "texture": "#0"}
			}
		},
		{
			"name": "head",
			"from": [2.7, 2.94257, 4.70784],
			"to": [3.9, 4.14257, 5.90784],
			"rotation": {"angle": -22.5, "axis": "x", "origin": [8, 5.5, 8]},
			"faces": {
				"north": {"uv": [3, 4.5, 4.4995, 5.9995], "rotation": 270, "texture": "#0"},
				"east": {"uv": [5.9995, 4.5, 4.5, 5.9995], "texture": "#0"},
				"south": {"uv": [3, 7.5, 4.4995, 8.9995], "texture": "#0"},
				"west": {"uv": [4.5, 4.5, 5.999, 5.999], "texture": "#0"},
				"up": {"uv": [3, 6, 4.4995, 7.4995], "rotation": 270, "texture": "#0"},
				"down": {"uv": [3, 4.5, 4.4995, 5.9995], "rotation": 270, "texture": "#0"}
			}
		},
		{
			"name": "head",
			"from": [5.38787, 6.32147, 2.6],
			"to": [7.18787, 8.12147, 4.4],
			"rotation": {"angle": -45, "axis": "z", "origin": [8, 5.5, 8]},
			"faces": {
				"north": {"uv": [5.9995, 4.5, 4.5, 5.9995], "texture": "#0"},
				"east": {"uv": [3, 7.5, 4.4995, 8.9995], "texture": "#0"},
				"south": {"uv": [4.5, 4.5, 5.999, 5.999], "texture": "#0"},
				"west": {"uv": [3, 4.5, 4.4995, 5.9995], "rotation": 270, "texture": "#0"},
				"up": {"uv": [3, 6, 4.4995, 7.4995], "rotation": 180, "texture": "#0"},
				"down": {"uv": [3, 4.5, 4.4995, 5.9995], "texture": "#0"}
			}
		},
		{
			"name": "head",
			"from": [12.1, 2.94257, 4.70784],
			"to": [13.3, 4.14257, 5.90784],
			"rotation": {"angle": -22.5, "axis": "x", "origin": [8, 5.5, 8]},
			"faces": {
				"north": {"uv": [3, 4.5, 4.4995, 5.9995], "rotation": 270, "texture": "#0"},
				"east": {"uv": [5.9995, 4.5, 4.5, 5.9995], "texture": "#0"},
				"south": {"uv": [3, 7.5, 4.4995, 8.9995], "texture": "#0"},
				"west": {"uv": [4.5, 4.5, 5.999, 5.999], "texture": "#0"},
				"up": {"uv": [3, 6, 4.4995, 7.4995], "rotation": 270, "texture": "#0"},
				"down": {"uv": [3, 4.5, 4.4995, 5.9995], "rotation": 270, "texture": "#0"}
			}
		},
		{
			"name": "head",
			"from": [6.6, 4.6, 3],
			"to": [9.4, 11.4, 12.8],
			"rotation": {"angle": 0, "axis": "y", "origin": [8, 5.5, 8]},
			"faces": {
				"north": {"uv": [0, 3.999, 0.9995, 6.998], "texture": "#0"},
				"east": {"uv": [4.499, 9, 0, 11.999], "texture": "#0"},
				"south": {"uv": [0, 4, 0.9995, 6.9995], "texture": "#0"},
				"west": {"uv": [0, 9, 4.5, 12], "texture": "#0"},
				"up": {"uv": [0, 4, 0.9995, 6.9995], "texture": "#0"},
				"down": {"uv": [0, 6.9985, 0.8745, 4], "texture": "#0"}
			}
		},
		{
			"name": "head",
			"from": [2.7, 5.7, 3.1],
			"to": [13.3, 7.3, 12.7],
			"rotation": {"angle": 0, "axis": "y", "origin": [8, 5.5, 8]},
			"faces": {
				"north": {"uv": [7, 0, 12, 0.5], "texture": "#0"},
				"east": {"uv": [6.9995, 0, 11.999, 0.4995], "texture": "#0"},
				"south": {"uv": [6.9995, 0, 11.999, 0.4995], "texture": "#0"},
				"west": {"uv": [7, 0, 11.9995, 0.5], "texture": "#0"},
				"up": {"uv": [6.4995, 11.499, 11.499, 15.999], "texture": "#0"},
				"down": {"uv": [6.4995, 15.999, 11.499, 11.4995], "texture": "#0"}
			}
		}
	],
	"display": {
		"thirdperson_righthand": {
			"rotation": [0, -180, 0],
			"translation": [0, 2.75, 0],
			"scale": [0.4, 0.4, 0.4]
		},
		"thirdperson_lefthand": {
			"rotation": [0, -180, 0],
			"translation": [0, 2.75, 0],
			"scale": [0.4, 0.4, 0.4]
		},
		"firstperson_righthand": {
			"rotation": [0, 152, 0],
			"translation": [1.5, 3, 0],
			"scale": [0.6, 0.6, 0.6]
		},
		"firstperson_lefthand": {
			"rotation": [0, 152, 0],
			"translation": [1.5, 3, 0],
			"scale": [0.6, 0.6, 0.6]
		},
		"ground": {
			"translation": [0, 0.75, 0],
			"scale": [0.55, 0.55, 0.55]
		},
		"gui": {
			"rotation": [20, 135, 0],
			"translation": [0.25, 1.75, 0],
			"scale": [0.7, 0.7, 0.7]
		},
		"head": {
			"translation": [0, 4.75, 0],
			"scale": [1.6, 1.6, 1.6]
		},
		"fixed": {
			"translation": [0, 2, 0],
			"scale": [0.7, 0.7, 0.7]
		}
	},
	"groups": [
		{
			"name": "Main",
			"origin": [8, 8.5, 8],
			"children": [0, 1, 2, 3, 4, 5, 6]
		}
	]
}