{
	"credit": "Made with Blockbench",
	"texture_size": [32, 32],
	"textures": {
		"0": "craftadia/armor/summerhelmet",
		"2": "craftadia/armor/summerchestplate",
		"particle": "craftadia/armor/summerhelmet"
	},
	"elements": [
		{
			"from": [3.7, 9.1, 5.7],
			"to": [12.3, 16.7, 10.3],
			"rotation": {"angle": 0, "axis": "y", "origin": [12, 17.4, 14]},
			"faces": {
				"north": {"uv": [4, 2.5, 7.999, 4.998], "texture": "#2"},
				"east": {"uv": [10, 2.5, 8, 5], "texture": "#2"},
				"south": {"uv": [0, 2.5, 4, 5], "texture": "#2"},
				"west": {"uv": [8, 2.5, 10, 5], "texture": "#2"},
				"up": {"uv": [10, 4, 13.999, 5.9995], "texture": "#2"},
				"down": {"uv": [10, 0, 13.999, 2], "texture": "#2"}
			}
		},
		{
			"from": [3.5, 14.9, 5.4],
			"to": [12.5, 20.9, 10.4],
			"rotation": {"angle": 0, "axis": "y", "origin": [12, 16.4, 13.9]},
			"faces": {
				"north": {"uv": [4, 0, 8, 2.5], "texture": "#2"},
				"east": {"uv": [8, 0, 10, 2.5], "rotation": 180, "texture": "#2"},
				"south": {"uv": [0, 0, 4, 2.5], "texture": "#2"},
				"west": {"uv": [8, 0, 10, 2.5], "texture": "#2"},
				"up": {"uv": [10, 2, 13.9995, 4], "texture": "#2"},
				"down": {"uv": [10, 0, 13.999, 2], "texture": "#2"}
			}
		},
		{
			"from": [-0.31, 16.09, 5.69],
			"to": [4.31, 20.71, 10.31],
			"rotation": {"angle": 0, "axis": "y", "origin": [5.3, 9, 14]},
			"faces": {
				"north": {"uv": [0, 7, 1.999, 8.999], "texture": "#2"},
				"east": {"uv": [0, 7, 1.9995, 8.999], "texture": "#2"},
				"south": {"uv": [0, 7, 1.9995, 8.999], "texture": "#2"},
				"west": {"uv": [0, 7, 2, 8.9995], "texture": "#2"},
				"up": {"uv": [0, 7, 2, 8.9995], "rotation": 180, "texture": "#2"},
				"down": {"uv": [0, 9, 1.9995, 10.9995], "rotation": 180, "texture": "#2"}
			}
		},
		{
			"from": [7, 17.7, 5.7],
			"to": [9.6, 21.3, 10.3],
			"rotation": {"angle": 45, "axis": "z", "origin": [5.3, 9, 14]},
			"faces": {
				"north": {"uv": [0, 11, 0, 11.9995], "rotation": 270, "texture": "#2"},
				"east": {"uv": [0, 11, 2, 11.499], "rotation": 180, "texture": "#2"},
				"south": {"uv": [0, 11, 0, 11.9995], "rotation": 90, "texture": "#2"},
				"west": {"uv": [0, 7.499, 1.499, 7.998], "rotation": 270, "texture": "#2"},
				"up": {"uv": [0, 10.9995, 1.9995, 11.999], "rotation": 90, "texture": "#2"},
				"down": {"uv": [0, 0, 2, 1], "rotation": 90, "texture": "#missing"}
			}
		},
		{
			"from": [19.4, 10.7, 5.7],
			"to": [23, 13.3, 10.3],
			"rotation": {"angle": 45, "axis": "z", "origin": [10.7, 9, 14]},
			"faces": {
				"north": {"uv": [0, 11, 0, 11.9995], "texture": "#2"},
				"east": {"uv": [1.9995, 10.9995, 0, 11.999], "texture": "#2"},
				"south": {"uv": [0, 11, 0, 11.9995], "texture": "#2"},
				"west": {"uv": [2, 0, 0, 1], "texture": "#missing"},
				"up": {"uv": [2, 11, 0, 11.4985], "rotation": 270, "texture": "#2"},
				"down": {"uv": [1.5, 7.499, 0, 7.999], "rotation": 180, "texture": "#2"}
			}
		},
		{
			"from": [11.69, 16.09, 5.69],
			"to": [16.31, 20.71, 10.31],
			"rotation": {"angle": 0, "axis": "y", "origin": [4, 16.4, 14]},
			"faces": {
				"north": {"uv": [2, 7, 0, 8.9995], "texture": "#2"},
				"east": {"uv": [2, 7, 0, 8.9995], "texture": "#2"},
				"south": {"uv": [2, 7, 0, 8.9995], "texture": "#2"},
				"west": {"uv": [1.9995, 7, 0, 8.999], "texture": "#2"},
				"up": {"uv": [2, 7, 0, 8.9995], "rotation": 180, "texture": "#2"},
				"down": {"uv": [2, 8.9995, 0, 10.9995], "rotation": 180, "texture": "#2"}
			}
		},
		{
			"name": "head",
			"from": [5.08787, 16.02147, 4.3],
			"to": [7.48787, 18.42147, 6.7],
			"rotation": {"angle": -45, "axis": "z", "origin": [8, 15.5, 10]},
			"faces": {
				"north": {"uv": [5.9995, 4.5, 4.5, 5.9995], "texture": "#0"},
				"east": {"uv": [3, 7.5, 4.4995, 8.9995], "texture": "#0"},
				"south": {"uv": [4.5, 4.5, 5.999, 5.999], "texture": "#0"},
				"west": {"uv": [3, 4.5, 4.4995, 5.9995], "rotation": 270, "texture": "#0"},
				"up": {"uv": [3, 6, 4.4995, 7.4995], "rotation": 180, "texture": "#0"},
				"down": {"uv": [3, 4.5, 4.4995, 5.9995], "texture": "#0"}
			}
		}
	],
	"display": {
		"thirdperson_righthand": {
			"rotation": [0, -180, 0],
			"translation": [0, -1.25, 0],
			"scale": [0.6, 0.6, 0.6]
		},
		"thirdperson_lefthand": {
			"rotation": [0, -180, 0],
			"translation": [0, -1.25, 0],
			"scale": [0.6, 0.6, 0.6]
		},
		"firstperson_righthand": {
			"rotation": [0, 152, 0],
			"translation": [1.5, -4.25, 0],
			"scale": [0.6, 0.6, 0.6]
		},
		"firstperson_lefthand": {
			"rotation": [0, 152, 0],
			"translation": [1.5, -4.25, 0],
			"scale": [0.6, 0.6, 0.6]
		},
		"ground": {
			"translation": [0, -4.5, 0],
			"scale": [0.6, 0.6, 0.6]
		},
		"gui": {
			"rotation": [20, 135, 0],
			"translation": [0, -5.25, 0],
			"scale": [0.7, 0.7, 0.7]
		},
		"head": {
			"translation": [0, -25.75, 0],
			"scale": [1.6, 1.6, 1.6]
		},
		"fixed": {
			"translation": [0.25, -5.5, 0],
			"scale": [0.7, 0.7, 0.7]
		}
	},
	"groups": [
		{
			"name": "Chestplate",
			"origin": [8, 8, 8],
			"children": [0, 1,
				{
					"name": "Hand1",
					"origin": [5.3, 9, 14],
					"children": [2, 3]
				},
				{
					"name": "Hand2",
					"origin": [4, 16.4, 14],
					"children": [4, 5]
				}, 6]
		}
	]
}