{"__comment":"Designed by RamonaSkye with Cubik Studio - https://cubik.studio","textures":{"mesh_palette":"block/mesh_palette","brown_wool":"block/brown_concrete_powder","gray_wool":"block/gray_wool","iron_block":"block/iron_block"},"elements":[{"__comment":"Voxels-877000","from":[0,3.2,5.6],"to":[1.6,4,10.4],"faces":{"down":{"uv":[16,10.4,14.4,5.6],"texture":"#brown_wool"},"up":{"uv":[0,5.6,1.6,10.4],"texture":"#brown_wool"},"north":{"uv":[14.4,12,16,12.8],"texture":"#brown_wool"},"south":{"uv":[0,12,1.6,12.8],"texture":"#brown_wool"},"west":{"uv":[5.6,12,10.4,12.8],"texture":"#brown_wool"},"east":{"uv":[5.6,12,10.4,12.8],"texture":"#brown_wool"}}},{"__comment":"Voxels-877000","from":[0.8,3.2,4],"to":[1.6,4,5.6],"faces":{"down":{"uv":[15.2,5.6,14.4,4],"texture":"#brown_wool"},"up":{"uv":[0.8,4,1.6,5.6],"texture":"#brown_wool"},"north":{"uv":[14.4,12,15.2,12.8],"texture":"#brown_wool"},"south":{"uv":[0.8,12,1.6,12.8],"texture":"#brown_wool"},"west":{"uv":[4,12,5.6,12.8],"texture":"#brown_wool"},"east":{"uv":[10.4,12,12,12.8],"texture":"#brown_wool"}}},{"__comment":"Voxels-877000","from":[0.8,3.2,10.4],"to":[1.6,4,12],"faces":{"down":{"uv":[15.2,12,14.4,10.4],"texture":"#brown_wool"},"up":{"uv":[0.8,10.4,1.6,12],"texture":"#brown_wool"},"north":{"uv":[14.4,12,15.2,12.8],"texture":"#brown_wool"},"south":{"uv":[0.8,12,1.6,12.8],"texture":"#brown_wool"},"west":{"uv":[10.4,12,12,12.8],"texture":"#brown_wool"},"east":{"uv":[4,12,5.6,12.8],"texture":"#brown_wool"}}},{"__comment":"Voxels-877000","from":[1.6,2.4,2.4],"to":[2.4,3.2,13.6],"faces":{"down":{"uv":[14.4,13.6,13.6,2.4],"texture":"#brown_wool"},"up":{"uv":[1.6,2.4,2.4,13.6],"texture":"#brown_wool"},"north":{"uv":[13.6,12.8,14.4,13.6],"texture":"#brown_wool"},"south":{"uv":[1.6,12.8,2.4,13.6],"texture":"#brown_wool"},"west":{"uv":[2.4,12.8,13.6,13.6],"texture":"#brown_wool"},"east":{"uv":[2.4,12.8,13.6,13.6],"texture":"#brown_wool"}}},{"__comment":"Voxels-877000","from":[2.4,1.6,1.6],"to":[4.8,2.4,14.4],"faces":{"down":{"uv":[13.6,14.4,11.2,1.6],"texture":"#brown_wool"},"up":{"uv":[2.4,1.6,4.8,14.4],"texture":"#brown_wool"},"north":{"uv":[11.2,13.6,13.6,14.4],"texture":"#brown_wool"},"south":{"uv":[2.4,13.6,4.8,14.4],"texture":"#brown_wool"},"west":{"uv":[1.6,13.6,14.4,14.4],"texture":"#brown_wool"},"east":{"uv":[1.6,13.6,14.4,14.4],"texture":"#brown_wool"}}},{"__comment":"Voxels-333333","from":[3.2,2.4,5.6],"to":[5.6,4,6.4],"faces":{"down":{"uv":[12.8,6.4,10.4,5.6],"texture":"#gray_wool"},"up":{"uv":[3.2,5.6,5.6,6.4],"texture":"#gray_wool"},"north":{"uv":[10.4,12,12.8,13.6],"texture":"#gray_wool"},"south":{"uv":[3.2,12,5.6,13.6],"texture":"#gray_wool"},"west":{"uv":[5.6,12,6.4,13.6],"texture":"#gray_wool"},"east":{"uv":[9.6,12,10.4,13.6],"texture":"#gray_wool"}}},{"__comment":"Voxels-333333","from":[3.2,2.4,6.4],"to":[4,4,7.2],"faces":{"down":{"uv":[12.8,7.2,12,6.4],"texture":"#gray_wool"},"up":{"uv":[3.2,6.4,4,7.2],"texture":"#gray_wool"},"north":{"uv":[12,12,12.8,13.6],"texture":"#gray_wool"},"south":{"uv":[3.2,12,4,13.6],"texture":"#gray_wool"},"west":{"uv":[6.4,12,7.2,13.6],"texture":"#gray_wool"},"east":{"uv":[8.8,12,9.6,13.6],"texture":"#gray_wool"}}},{"__comment":"Voxels-BABABA","from":[3.2,2.4,7.2],"to":[4,3.2,8],"faces":{"down":{"uv":[12.8,8,12,7.2],"texture":"#iron_block"},"up":{"uv":[3.2,7.2,4,8],"texture":"#iron_block"},"north":{"uv":[12,12.8,12.8,13.6],"texture":"#iron_block"},"south":{"uv":[3.2,12.8,4,13.6],"texture":"#iron_block"},"west":{"uv":[7.2,12.8,8,13.6],"texture":"#iron_block"},"east":{"uv":[8,12.8,8.8,13.6],"texture":"#iron_block"}}},{"__comment":"Voxels-333333","from":[3.2,2.4,8],"to":[4,4,10.4],"faces":{"down":{"uv":[12.8,10.4,12,8],"texture":"#gray_wool"},"up":{"uv":[3.2,8,4,10.4],"texture":"#gray_wool"},"north":{"uv":[12,12,12.8,13.6],"texture":"#gray_wool"},"south":{"uv":[3.2,12,4,13.6],"texture":"#gray_wool"},"west":{"uv":[8,12,10.4,13.6],"texture":"#gray_wool"},"east":{"uv":[5.6,12,8,13.6],"texture":"#gray_wool"}}},{"__comment":"Voxels-333333","from":[3.2,3.2,7.2],"to":[4.8,4,8],"faces":{"down":{"uv":[12.8,8,11.2,7.2],"texture":"#gray_wool"},"up":{"uv":[3.2,7.2,4.8,8],"texture":"#gray_wool"},"north":{"uv":[11.2,12,12.8,12.8],"texture":"#gray_wool"},"south":{"uv":[3.2,12,4.8,12.8],"texture":"#gray_wool"},"west":{"uv":[7.2,12,8,12.8],"texture":"#gray_wool"},"east":{"uv":[8,12,8.8,12.8],"texture":"#gray_wool"}}},{"__comment":"Voxels-877000","from":[3.2,4,6.4],"to":[12.8,4.8,9.6],"faces":{"down":{"uv":[12.8,9.6,3.2,6.4],"texture":"#brown_wool"},"up":{"uv":[3.2,6.4,12.8,9.6],"texture":"#brown_wool"},"north":{"uv":[3.2,11.2,12.8,12],"texture":"#brown_wool"},"south":{"uv":[3.2,11.2,12.8,12],"texture":"#brown_wool"},"west":{"uv":[6.4,11.2,9.6,12],"texture":"#brown_wool"},"east":{"uv":[6.4,11.2,9.6,12],"texture":"#brown_wool"}}},{"__comment":"Voxels-877000","from":[3.2,4.8,7.2],"to":[12.8,5.6,8.8],"faces":{"down":{"uv":[12.8,8.8,3.2,7.2],"texture":"#brown_wool"},"up":{"uv":[3.2,7.2,12.8,8.8],"texture":"#brown_wool"},"north":{"uv":[3.2,10.4,12.8,11.2],"texture":"#brown_wool"},"south":{"uv":[3.2,10.4,12.8,11.2],"texture":"#brown_wool"},"west":{"uv":[7.2,10.4,8.8,11.2],"texture":"#brown_wool"},"east":{"uv":[7.2,10.4,8.8,11.2],"texture":"#brown_wool"}}},{"__comment":"Voxels-877000","from":[4,1.6,0.8],"to":[4.8,2.4,1.6],"faces":{"down":{"uv":[12,1.6,11.2,0.8],"texture":"#brown_wool"},"up":{"uv":[4,0.8,4.8,1.6],"texture":"#brown_wool"},"north":{"uv":[11.2,13.6,12,14.4],"texture":"#brown_wool"},"south":{"uv":[4,13.6,4.8,14.4],"texture":"#brown_wool"},"west":{"uv":[0.8,13.6,1.6,14.4],"texture":"#brown_wool"},"east":{"uv":[14.4,13.6,15.2,14.4],"texture":"#brown_wool"}}},{"__comment":"Voxels-877000","from":[4,1.6,14.4],"to":[4.8,2.4,15.2],"faces":{"down":{"uv":[12,15.2,11.2,14.4],"texture":"#brown_wool"},"up":{"uv":[4,14.4,4.8,15.2],"texture":"#brown_wool"},"north":{"uv":[11.2,13.6,12,14.4],"texture":"#brown_wool"},"south":{"uv":[4,13.6,4.8,14.4],"texture":"#brown_wool"},"west":{"uv":[14.4,13.6,15.2,14.4],"texture":"#brown_wool"},"east":{"uv":[0.8,13.6,1.6,14.4],"texture":"#brown_wool"}}},{"__comment":"Voxels-333333","from":[4,2.4,4],"to":[7.2,3.2,4.8],"faces":{"down":{"uv":[12,4.8,8.8,4],"texture":"#gray_wool"},"up":{"uv":[4,4,7.2,4.8],"texture":"#gray_wool"},"north":{"uv":[8.8,12.8,12,13.6],"texture":"#gray_wool"},"south":{"uv":[4,12.8,7.2,13.6],"texture":"#gray_wool"},"west":{"uv":[4,12.8,4.8,13.6],"texture":"#gray_wool"},"east":{"uv":[11.2,12.8,12,13.6],"texture":"#gray_wool"}}},{"__comment":"Voxels-BABABA","from":[4,2.4,4.8],"to":[4.8,3.2,5.6],"faces":{"down":{"uv":[12,5.6,11.2,4.8],"texture":"#iron_block"},"up":{"uv":[4,4.8,4.8,5.6],"texture":"#iron_block"},"north":{"uv":[11.2,12.8,12,13.6],"texture":"#iron_block"},"south":{"uv":[4,12.8,4.8,13.6],"texture":"#iron_block"},"west":{"uv":[4.8,12.8,5.6,13.6],"texture":"#iron_block"},"east":{"uv":[10.4,12.8,11.2,13.6],"texture":"#iron_block"}}},{"__comment":"Voxels-333333","from":[4,2.4,9.6],"to":[5.6,4,10.4],"faces":{"down":{"uv":[12,10.4,10.4,9.6],"texture":"#gray_wool"},"up":{"uv":[4,9.6,5.6,10.4],"texture":"#gray_wool"},"north":{"uv":[10.4,12,12,13.6],"texture":"#gray_wool"},"south":{"uv":[4,12,5.6,13.6],"texture":"#gray_wool"},"west":{"uv":[9.6,12,10.4,13.6],"texture":"#gray_wool"},"east":{"uv":[5.6,12,6.4,13.6],"texture":"#gray_wool"}}},{"__comment":"Voxels-BABABA","from":[4,2.4,10.4],"to":[4.8,3.2,11.2],"faces":{"down":{"uv":[12,11.2,11.2,10.4],"texture":"#iron_block"},"up":{"uv":[4,10.4,4.8,11.2],"texture":"#iron_block"},"north":{"uv":[11.2,12.8,12,13.6],"texture":"#iron_block"},"south":{"uv":[4,12.8,4.8,13.6],"texture":"#iron_block"},"west":{"uv":[10.4,12.8,11.2,13.6],"texture":"#iron_block"},"east":{"uv":[4.8,12.8,5.6,13.6],"texture":"#iron_block"}}},{"__comment":"Voxels-333333","from":[4,2.4,11.2],"to":[6.4,3.2,12],"faces":{"down":{"uv":[12,12,9.6,11.2],"texture":"#gray_wool"},"up":{"uv":[4,11.2,6.4,12],"texture":"#gray_wool"},"north":{"uv":[9.6,12.8,12,13.6],"texture":"#gray_wool"},"south":{"uv":[4,12.8,6.4,13.6],"texture":"#gray_wool"},"west":{"uv":[11.2,12.8,12,13.6],"texture":"#gray_wool"},"east":{"uv":[4,12.8,4.8,13.6],"texture":"#gray_wool"}}},{"__comment":"Voxels-333333","from":[4,3.2,4],"to":[4.8,4,5.6],"faces":{"down":{"uv":[12,5.6,11.2,4],"texture":"#gray_wool"},"up":{"uv":[4,4,4.8,5.6],"texture":"#gray_wool"},"north":{"uv":[11.2,12,12,12.8],"texture":"#gray_wool"},"south":{"uv":[4,12,4.8,12.8],"texture":"#gray_wool"},"west":{"uv":[4,12,5.6,12.8],"texture":"#gray_wool"},"east":{"uv":[10.4,12,12,12.8],"texture":"#gray_wool"}}},{"__comment":"Voxels-333333","from":[4,3.2,6.4],"to":[4.8,4,7.2],"faces":{"down":{"uv":[12,7.2,11.2,6.4],"texture":"#gray_wool"},"up":{"uv":[4,6.4,4.8,7.2],"texture":"#gray_wool"},"north":{"uv":[11.2,12,12,12.8],"texture":"#gray_wool"},"south":{"uv":[4,12,4.8,12.8],"texture":"#gray_wool"},"west":{"uv":[6.4,12,7.2,12.8],"texture":"#gray_wool"},"east":{"uv":[8.8,12,9.6,12.8],"texture":"#gray_wool"}}},{"__comment":"Voxels-333333","from":[4,3.2,8],"to":[4.8,4,9.6],"faces":{"down":{"uv":[12,9.6,11.2,8],"texture":"#gray_wool"},"up":{"uv":[4,8,4.8,9.6],"texture":"#gray_wool"},"north":{"uv":[11.2,12,12,12.8],"texture":"#gray_wool"},"south":{"uv":[4,12,4.8,12.8],"texture":"#gray_wool"},"west":{"uv":[8,12,9.6,12.8],"texture":"#gray_wool"},"east":{"uv":[6.4,12,8,12.8],"texture":"#gray_wool"}}},{"__comment":"Voxels-333333","from":[4,3.2,10.4],"to":[4.8,4,12],"faces":{"down":{"uv":[12,12,11.2,10.4],"texture":"#gray_wool"},"up":{"uv":[4,10.4,4.8,12],"texture":"#gray_wool"},"north":{"uv":[11.2,12,12,12.8],"texture":"#gray_wool"},"south":{"uv":[4,12,4.8,12.8],"texture":"#gray_wool"},"west":{"uv":[10.4,12,12,12.8],"texture":"#gray_wool"},"east":{"uv":[4,12,5.6,12.8],"texture":"#gray_wool"}}},{"__comment":"Voxels-877000","from":[4,4,4],"to":[7.2,4.8,6.4],"faces":{"down":{"uv":[12,6.4,8.8,4],"texture":"#brown_wool"},"up":{"uv":[4,4,7.2,6.4],"texture":"#brown_wool"},"north":{"uv":[8.8,11.2,12,12],"texture":"#brown_wool"},"south":{"uv":[4,11.2,7.2,12],"texture":"#brown_wool"},"west":{"uv":[4,11.2,6.4,12],"texture":"#brown_wool"},"east":{"uv":[9.6,11.2,12,12],"texture":"#brown_wool"}}},{"__comment":"Voxels-877000","from":[4,4,9.6],"to":[12,6.4,10.4],"faces":{"down":{"uv":[12,10.4,4,9.6],"texture":"#brown_wool"},"up":{"uv":[4,9.6,12,10.4],"texture":"#brown_wool"},"north":{"uv":[4,9.6,12,12],"texture":"#brown_wool"},"south":{"uv":[4,9.6,12,12],"texture":"#brown_wool"},"west":{"uv":[9.6,9.6,10.4,12],"texture":"#brown_wool"},"east":{"uv":[5.6,9.6,6.4,12],"texture":"#brown_wool"}}},{"__comment":"Voxels-877000","from":[4,4,10.4],"to":[6.4,6.4,11.2],"faces":{"down":{"uv":[12,11.2,9.6,10.4],"texture":"#brown_wool"},"up":{"uv":[4,10.4,6.4,11.2],"texture":"#brown_wool"},"north":{"uv":[9.6,9.6,12,12],"texture":"#brown_wool"},"south":{"uv":[4,9.6,6.4,12],"texture":"#brown_wool"},"west":{"uv":[10.4,9.6,11.2,12],"texture":"#brown_wool"},"east":{"uv":[4.8,9.6,5.6,12],"texture":"#brown_wool"}}},{"__comment":"Voxels-877000","from":[4,4,11.2],"to":[12,4.8,12],"faces":{"down":{"uv":[12,12,4,11.2],"texture":"#brown_wool"},"up":{"uv":[4,11.2,12,12],"texture":"#brown_wool"},"north":{"uv":[4,11.2,12,12],"texture":"#brown_wool"},"south":{"uv":[4,11.2,12,12],"texture":"#brown_wool"},"west":{"uv":[11.2,11.2,12,12],"texture":"#brown_wool"},"east":{"uv":[4,11.2,4.8,12],"texture":"#brown_wool"}}},{"__comment":"Voxels-877000","from":[4,4.8,4.8],"to":[7.2,5.6,7.2],"faces":{"down":{"uv":[12,7.2,8.8,4.8],"texture":"#brown_wool"},"up":{"uv":[4,4.8,7.2,7.2],"texture":"#brown_wool"},"north":{"uv":[8.8,10.4,12,11.2],"texture":"#brown_wool"},"south":{"uv":[4,10.4,7.2,11.2],"texture":"#brown_wool"},"west":{"uv":[4.8,10.4,7.2,11.2],"texture":"#brown_wool"},"east":{"uv":[8.8,10.4,11.2,11.2],"texture":"#brown_wool"}}},{"__comment":"Voxels-877000","from":[4,4.8,8.8],"to":[12,5.6,9.6],"faces":{"down":{"uv":[12,9.6,4,8.8],"texture":"#brown_wool"},"up":{"uv":[4,8.8,12,9.6],"texture":"#brown_wool"},"north":{"uv":[4,10.4,12,11.2],"texture":"#brown_wool"},"south":{"uv":[4,10.4,12,11.2],"texture":"#brown_wool"},"west":{"uv":[8.8,10.4,9.6,11.2],"texture":"#brown_wool"},"east":{"uv":[6.4,10.4,7.2,11.2],"texture":"#brown_wool"}}},{"__comment":"Voxels-877000","from":[4,5.6,4.8],"to":[5.6,6.4,9.6],"faces":{"down":{"uv":[12,9.6,10.4,4.8],"texture":"#brown_wool"},"up":{"uv":[4,4.8,5.6,9.6],"texture":"#brown_wool"},"north":{"uv":[10.4,9.6,12,10.4],"texture":"#brown_wool"},"south":{"uv":[4,9.6,5.6,10.4],"texture":"#brown_wool"},"west":{"uv":[4.8,9.6,9.6,10.4],"texture":"#brown_wool"},"east":{"uv":[6.4,9.6,11.2,10.4],"texture":"#brown_wool"}}},{"__comment":"Voxels-877000","from":[4.8,0.8,0.8],"to":[11.2,1.6,15.2],"faces":{"down":{"uv":[11.2,15.2,4.8,0.8],"texture":"#brown_wool"},"up":{"uv":[4.8,0.8,11.2,15.2],"texture":"#brown_wool"},"north":{"uv":[4.8,14.4,11.2,15.2],"texture":"#brown_wool"},"south":{"uv":[4.8,14.4,11.2,15.2],"texture":"#brown_wool"},"west":{"uv":[0.8,14.4,15.2,15.2],"texture":"#brown_wool"},"east":{"uv":[0.8,14.4,15.2,15.2],"texture":"#brown_wool"}}},{"__comment":"Voxels-BABABA","from":[4.8,1.6,4],"to":[5.6,2.4,4.8],"faces":{"down":{"uv":[11.2,4.8,10.4,4],"texture":"#iron_block"},"up":{"uv":[4.8,4,5.6,4.8],"texture":"#iron_block"},"north":{"uv":[10.4,13.6,11.2,14.4],"texture":"#iron_block"},"south":{"uv":[4.8,13.6,5.6,14.4],"texture":"#iron_block"},"west":{"uv":[4,13.6,4.8,14.4],"texture":"#iron_block"},"east":{"uv":[11.2,13.6,12,14.4],"texture":"#iron_block"}}},{"__comment":"Voxels-333333","from":[4.8,1.6,4.8],"to":[5.6,3.2,5.6],"faces":{"down":{"uv":[11.2,5.6,10.4,4.8],"texture":"#gray_wool"},"up":{"uv":[4.8,4.8,5.6,5.6],"texture":"#gray_wool"},"north":{"uv":[10.4,12.8,11.2,14.4],"texture":"#gray_wool"},"south":{"uv":[4.8,12.8,5.6,14.4],"texture":"#gray_wool"},"west":{"uv":[4.8,12.8,5.6,14.4],"texture":"#gray_wool"},"east":{"uv":[10.4,12.8,11.2,14.4],"texture":"#gray_wool"}}},{"__comment":"Voxels-333333","from":[4.8,1.6,11.2],"to":[5.6,2.4,12],"faces":{"down":{"uv":[11.2,12,10.4,11.2],"texture":"#gray_wool"},"up":{"uv":[4.8,11.2,5.6,12],"texture":"#gray_wool"},"north":{"uv":[10.4,13.6,11.2,14.4],"texture":"#gray_wool"},"south":{"uv":[4.8,13.6,5.6,14.4],"texture":"#gray_wool"},"west":{"uv":[11.2,13.6,12,14.4],"texture":"#gray_wool"},"east":{"uv":[4,13.6,4.8,14.4],"texture":"#gray_wool"}}},{"__comment":"Voxels-333333","from":[4.8,2.4,10.4],"to":[6.4,3.2,11.2],"faces":{"down":{"uv":[11.2,11.2,9.6,10.4],"texture":"#gray_wool"},"up":{"uv":[4.8,10.4,6.4,11.2],"texture":"#gray_wool"},"north":{"uv":[9.6,12.8,11.2,13.6],"texture":"#gray_wool"},"south":{"uv":[4.8,12.8,6.4,13.6],"texture":"#gray_wool"},"west":{"uv":[10.4,12.8,11.2,13.6],"texture":"#gray_wool"},"east":{"uv":[4.8,12.8,5.6,13.6],"texture":"#gray_wool"}}},{"__comment":"Voxels-877000","from":[4.8,3.2,4],"to":[11.2,4,5.6],"faces":{"down":{"uv":[11.2,5.6,4.8,4],"texture":"#brown_wool"},"up":{"uv":[4.8,4,11.2,5.6],"texture":"#brown_wool"},"north":{"uv":[4.8,12,11.2,12.8],"texture":"#brown_wool"},"south":{"uv":[4.8,12,11.2,12.8],"texture":"#brown_wool"},"west":{"uv":[4,12,5.6,12.8],"texture":"#brown_wool"},"east":{"uv":[10.4,12,12,12.8],"texture":"#brown_wool"}}},{"__comment":"Voxels-877000","from":[4.8,3.2,6.4],"to":[11.2,4,9.6],"faces":{"down":{"uv":[11.2,9.6,4.8,6.4],"texture":"#brown_wool"},"up":{"uv":[4.8,6.4,11.2,9.6],"texture":"#brown_wool"},"north":{"uv":[4.8,12,11.2,12.8],"texture":"#brown_wool"},"south":{"uv":[4.8,12,11.2,12.8],"texture":"#brown_wool"},"west":{"uv":[6.4,12,9.6,12.8],"texture":"#brown_wool"},"east":{"uv":[6.4,12,9.6,12.8],"texture":"#brown_wool"}}},{"__comment":"Voxels-877000","from":[4.8,3.2,10.4],"to":[6.4,4,12],"faces":{"down":{"uv":[11.2,12,9.6,10.4],"texture":"#brown_wool"},"up":{"uv":[4.8,10.4,6.4,12],"texture":"#brown_wool"},"north":{"uv":[9.6,12,11.2,12.8],"texture":"#brown_wool"},"south":{"uv":[4.8,12,6.4,12.8],"texture":"#brown_wool"},"west":{"uv":[10.4,12,12,12.8],"texture":"#brown_wool"},"east":{"uv":[4,12,5.6,12.8],"texture":"#brown_wool"}}},{"__comment":"Voxels-877000","from":[4.8,4.8,4],"to":[6.4,5.6,4.8],"faces":{"down":{"uv":[11.2,4.8,9.6,4],"texture":"#brown_wool"},"up":{"uv":[4.8,4,6.4,4.8],"texture":"#brown_wool"},"north":{"uv":[9.6,10.4,11.2,11.2],"texture":"#brown_wool"},"south":{"uv":[4.8,10.4,6.4,11.2],"texture":"#brown_wool"},"west":{"uv":[4,10.4,4.8,11.2],"texture":"#brown_wool"},"east":{"uv":[11.2,10.4,12,11.2],"texture":"#brown_wool"}}},{"__comment":"Voxels-877000","from":[4.8,4.8,11.2],"to":[11.2,5.6,12],"faces":{"down":{"uv":[11.2,12,4.8,11.2],"texture":"#brown_wool"},"up":{"uv":[4.8,11.2,11.2,12],"texture":"#brown_wool"},"north":{"uv":[4.8,10.4,11.2,11.2],"texture":"#brown_wool"},"south":{"uv":[4.8,10.4,11.2,11.2],"texture":"#brown_wool"},"west":{"uv":[11.2,10.4,12,11.2],"texture":"#brown_wool"},"east":{"uv":[4,10.4,4.8,11.2],"texture":"#brown_wool"}}},{"__comment":"Voxels-877000","from":[4.8,6.4,6.4],"to":[5.6,7.2,9.6],"faces":{"down":{"uv":[11.2,9.6,10.4,6.4],"texture":"#brown_wool"},"up":{"uv":[4.8,6.4,5.6,9.6],"texture":"#brown_wool"},"north":{"uv":[10.4,8.8,11.2,9.6],"texture":"#brown_wool"},"south":{"uv":[4.8,8.8,5.6,9.6],"texture":"#brown_wool"},"west":{"uv":[6.4,8.8,9.6,9.6],"texture":"#brown_wool"},"east":{"uv":[6.4,8.8,9.6,9.6],"texture":"#brown_wool"}}},{"__comment":"Voxels-877000","from":[5.6,0.8,0],"to":[10.4,1.6,0.8],"faces":{"down":{"uv":[10.4,0.8,5.6,0],"texture":"#brown_wool"},"up":{"uv":[5.6,0,10.4,0.8],"texture":"#brown_wool"},"north":{"uv":[5.6,14.4,10.4,15.2],"texture":"#brown_wool"},"south":{"uv":[5.6,14.4,10.4,15.2],"texture":"#brown_wool"},"west":{"uv":[0,14.4,0.8,15.2],"texture":"#brown_wool"},"east":{"uv":[15.2,14.4,16,15.2],"texture":"#brown_wool"}}},{"__comment":"Voxels-877000","from":[5.6,0.8,15.2],"to":[10.4,1.6,16],"faces":{"down":{"uv":[10.4,16,5.6,15.2],"texture":"#brown_wool"},"up":{"uv":[5.6,15.2,10.4,16],"texture":"#brown_wool"},"north":{"uv":[5.6,14.4,10.4,15.2],"texture":"#brown_wool"},"south":{"uv":[5.6,14.4,10.4,15.2],"texture":"#brown_wool"},"west":{"uv":[15.2,14.4,16,15.2],"texture":"#brown_wool"},"east":{"uv":[0,14.4,0.8,15.2],"texture":"#brown_wool"}}},{"__comment":"Voxels-333333","from":[5.6,1.6,3.2],"to":[10.4,3.2,4],"faces":{"down":{"uv":[10.4,4,5.6,3.2],"texture":"#gray_wool"},"up":{"uv":[5.6,3.2,10.4,4],"texture":"#gray_wool"},"north":{"uv":[5.6,12.8,10.4,14.4],"texture":"#gray_wool"},"south":{"uv":[5.6,12.8,10.4,14.4],"texture":"#gray_wool"},"west":{"uv":[3.2,12.8,4,14.4],"texture":"#gray_wool"},"east":{"uv":[12,12.8,12.8,14.4],"texture":"#gray_wool"}}},{"__comment":"Voxels-333333","from":[5.6,1.6,4],"to":[6.4,2.4,4.8],"faces":{"down":{"uv":[10.4,4.8,9.6,4],"texture":"#gray_wool"},"up":{"uv":[5.6,4,6.4,4.8],"texture":"#gray_wool"},"north":{"uv":[9.6,13.6,10.4,14.4],"texture":"#gray_wool"},"south":{"uv":[5.6,13.6,6.4,14.4],"texture":"#gray_wool"},"west":{"uv":[4,13.6,4.8,14.4],"texture":"#gray_wool"},"east":{"uv":[11.2,13.6,12,14.4],"texture":"#gray_wool"}}},{"__comment":"Voxels-BABABA","from":[5.6,1.6,12],"to":[6.4,2.4,12.8],"faces":{"down":{"uv":[10.4,12.8,9.6,12],"texture":"#iron_block"},"up":{"uv":[5.6,12,6.4,12.8],"texture":"#iron_block"},"north":{"uv":[9.6,13.6,10.4,14.4],"texture":"#iron_block"},"south":{"uv":[5.6,13.6,6.4,14.4],"texture":"#iron_block"},"west":{"uv":[12,13.6,12.8,14.4],"texture":"#iron_block"},"east":{"uv":[3.2,13.6,4,14.4],"texture":"#iron_block"}}},{"__comment":"Voxels-333333","from":[5.6,2.4,4.8],"to":[6.4,3.2,5.6],"faces":{"down":{"uv":[10.4,5.6,9.6,4.8],"texture":"#gray_wool"},"up":{"uv":[5.6,4.8,6.4,5.6],"texture":"#gray_wool"},"north":{"uv":[9.6,12.8,10.4,13.6],"texture":"#gray_wool"},"south":{"uv":[5.6,12.8,6.4,13.6],"texture":"#gray_wool"},"west":{"uv":[4.8,12.8,5.6,13.6],"texture":"#gray_wool"},"east":{"uv":[10.4,12.8,11.2,13.6],"texture":"#gray_wool"}}},{"__comment":"Voxels-333333","from":[5.6,2.4,12],"to":[7.2,3.2,12.8],"faces":{"down":{"uv":[10.4,12.8,8.8,12],"texture":"#gray_wool"},"up":{"uv":[5.6,12,7.2,12.8],"texture":"#gray_wool"},"north":{"uv":[8.8,12.8,10.4,13.6],"texture":"#gray_wool"},"south":{"uv":[5.6,12.8,7.2,13.6],"texture":"#gray_wool"},"west":{"uv":[12,12.8,12.8,13.6],"texture":"#gray_wool"},"east":{"uv":[3.2,12.8,4,13.6],"texture":"#gray_wool"}}},{"__comment":"Voxels-877000","from":[5.6,3.2,5.6],"to":[12,4,6.4],"faces":{"down":{"uv":[10.4,6.4,4,5.6],"texture":"#brown_wool"},"up":{"uv":[5.6,5.6,12,6.4],"texture":"#brown_wool"},"north":{"uv":[4,12,10.4,12.8],"texture":"#brown_wool"},"south":{"uv":[5.6,12,12,12.8],"texture":"#brown_wool"},"west":{"uv":[5.6,12,6.4,12.8],"texture":"#brown_wool"},"east":{"uv":[9.6,12,10.4,12.8],"texture":"#brown_wool"}}},{"__comment":"Voxels-877000","from":[5.6,3.2,9.6],"to":[11.2,4,10.4],"faces":{"down":{"uv":[10.4,10.4,4.8,9.6],"texture":"#brown_wool"},"up":{"uv":[5.6,9.6,11.2,10.4],"texture":"#brown_wool"},"north":{"uv":[4.8,12,10.4,12.8],"texture":"#brown_wool"},"south":{"uv":[5.6,12,11.2,12.8],"texture":"#brown_wool"},"west":{"uv":[9.6,12,10.4,12.8],"texture":"#brown_wool"},"east":{"uv":[5.6,12,6.4,12.8],"texture":"#brown_wool"}}},{"__comment":"Voxels-877000","from":[5.6,5.6,5.6],"to":[6.4,6.4,9.6],"faces":{"down":{"uv":[10.4,9.6,9.6,5.6],"texture":"#brown_wool"},"up":{"uv":[5.6,5.6,6.4,9.6],"texture":"#brown_wool"},"north":{"uv":[9.6,9.6,10.4,10.4],"texture":"#brown_wool"},"south":{"uv":[5.6,9.6,6.4,10.4],"texture":"#brown_wool"},"west":{"uv":[5.6,9.6,9.6,10.4],"texture":"#brown_wool"},"east":{"uv":[6.4,9.6,10.4,10.4],"texture":"#brown_wool"}}},{"__comment":"Voxels-877000","from":[5.6,6.4,8],"to":[6.4,7.2,10.4],"faces":{"down":{"uv":[10.4,10.4,9.6,8],"texture":"#brown_wool"},"up":{"uv":[5.6,8,6.4,10.4],"texture":"#brown_wool"},"north":{"uv":[9.6,8.8,10.4,9.6],"texture":"#brown_wool"},"south":{"uv":[5.6,8.8,6.4,9.6],"texture":"#brown_wool"},"west":{"uv":[8,8.8,10.4,9.6],"texture":"#brown_wool"},"east":{"uv":[5.6,8.8,8,9.6],"texture":"#brown_wool"}}},{"__comment":"Voxels-333333","from":[6.4,1.6,12.8],"to":[9.6,3.2,13.6],"faces":{"down":{"uv":[9.6,13.6,6.4,12.8],"texture":"#gray_wool"},"up":{"uv":[6.4,12.8,9.6,13.6],"texture":"#gray_wool"},"north":{"uv":[6.4,12.8,9.6,14.4],"texture":"#gray_wool"},"south":{"uv":[6.4,12.8,9.6,14.4],"texture":"#gray_wool"},"west":{"uv":[12.8,12.8,13.6,14.4],"texture":"#gray_wool"},"east":{"uv":[2.4,12.8,3.2,14.4],"texture":"#gray_wool"}}},{"__comment":"Voxels-877000","from":[6.4,3.2,11.2],"to":[11.2,4,12],"faces":{"down":{"uv":[9.6,12,4.8,11.2],"texture":"#brown_wool"},"up":{"uv":[6.4,11.2,11.2,12],"texture":"#brown_wool"},"north":{"uv":[4.8,12,9.6,12.8],"texture":"#brown_wool"},"south":{"uv":[6.4,12,11.2,12.8],"texture":"#brown_wool"},"west":{"uv":[11.2,12,12,12.8],"texture":"#brown_wool"},"east":{"uv":[4,12,4.8,12.8],"texture":"#brown_wool"}}},{"__comment":"Voxels-877000","from":[6.4,3.2,12],"to":[9.6,5.6,12.8],"faces":{"down":{"uv":[9.6,12.8,6.4,12],"texture":"#brown_wool"},"up":{"uv":[6.4,12,9.6,12.8],"texture":"#brown_wool"},"north":{"uv":[6.4,10.4,9.6,12.8],"texture":"#brown_wool"},"south":{"uv":[6.4,10.4,9.6,12.8],"texture":"#brown_wool"},"west":{"uv":[12,10.4,12.8,12.8],"texture":"#brown_wool"},"east":{"uv":[3.2,10.4,4,12.8],"texture":"#brown_wool"}}},{"__comment":"Voxels-877000","from":[6.4,5.6,7.2],"to":[7.2,6.4,9.6],"faces":{"down":{"uv":[9.6,9.6,8.8,7.2],"texture":"#brown_wool"},"up":{"uv":[6.4,7.2,7.2,9.6],"texture":"#brown_wool"},"north":{"uv":[8.8,9.6,9.6,10.4],"texture":"#brown_wool"},"south":{"uv":[6.4,9.6,7.2,10.4],"texture":"#brown_wool"},"west":{"uv":[7.2,9.6,9.6,10.4],"texture":"#brown_wool"},"east":{"uv":[6.4,9.6,8.8,10.4],"texture":"#brown_wool"}}},{"__comment":"Voxels-877000","from":[6.4,5.6,10.4],"to":[12,6.4,11.2],"faces":{"down":{"uv":[9.6,11.2,4,10.4],"texture":"#brown_wool"},"up":{"uv":[6.4,10.4,12,11.2],"texture":"#brown_wool"},"north":{"uv":[4,9.6,9.6,10.4],"texture":"#brown_wool"},"south":{"uv":[6.4,9.6,12,10.4],"texture":"#brown_wool"},"west":{"uv":[10.4,9.6,11.2,10.4],"texture":"#brown_wool"},"east":{"uv":[4.8,9.6,5.6,10.4],"texture":"#brown_wool"}}},{"__comment":"Voxels-877000","from":[6.4,5.6,11.2],"to":[9.6,6.4,12],"faces":{"down":{"uv":[9.6,12,6.4,11.2],"texture":"#brown_wool"},"up":{"uv":[6.4,11.2,9.6,12],"texture":"#brown_wool"},"north":{"uv":[6.4,9.6,9.6,10.4],"texture":"#brown_wool"},"south":{"uv":[6.4,9.6,9.6,10.4],"texture":"#brown_wool"},"west":{"uv":[11.2,9.6,12,10.4],"texture":"#brown_wool"},"east":{"uv":[4,9.6,4.8,10.4],"texture":"#brown_wool"}}},{"__comment":"Voxels-877000","from":[7.2,4,4.8],"to":[12,4.8,6.4],"faces":{"down":{"uv":[8.8,6.4,4,4.8],"texture":"#brown_wool"},"up":{"uv":[7.2,4.8,12,6.4],"texture":"#brown_wool"},"north":{"uv":[4,11.2,8.8,12],"texture":"#brown_wool"},"south":{"uv":[7.2,11.2,12,12],"texture":"#brown_wool"},"west":{"uv":[4.8,11.2,6.4,12],"texture":"#brown_wool"},"east":{"uv":[9.6,11.2,11.2,12],"texture":"#brown_wool"}}},{"__comment":"Voxels-877000","from":[7.2,4.8,6.4],"to":[12,5.6,7.2],"faces":{"down":{"uv":[8.8,7.2,4,6.4],"texture":"#brown_wool"},"up":{"uv":[7.2,6.4,12,7.2],"texture":"#brown_wool"},"north":{"uv":[4,10.4,8.8,11.2],"texture":"#brown_wool"},"south":{"uv":[7.2,10.4,12,11.2],"texture":"#brown_wool"},"west":{"uv":[6.4,10.4,7.2,11.2],"texture":"#brown_wool"},"east":{"uv":[8.8,10.4,9.6,11.2],"texture":"#brown_wool"}}},{"__comment":"Voxels-877000","from":[7.2,5.6,12],"to":[8.8,6.4,12.8],"faces":{"down":{"uv":[8.8,12.8,7.2,12],"texture":"#brown_wool"},"up":{"uv":[7.2,12,8.8,12.8],"texture":"#brown_wool"},"north":{"uv":[7.2,9.6,8.8,10.4],"texture":"#brown_wool"},"south":{"uv":[7.2,9.6,8.8,10.4],"texture":"#brown_wool"},"west":{"uv":[12,9.6,12.8,10.4],"texture":"#brown_wool"},"east":{"uv":[3.2,9.6,4,10.4],"texture":"#brown_wool"}}},{"__comment":"Voxels-333333","from":[8.8,2.4,4],"to":[12,3.2,4.8],"faces":{"down":{"uv":[7.2,4.8,4,4],"texture":"#gray_wool"},"up":{"uv":[8.8,4,12,4.8],"texture":"#gray_wool"},"north":{"uv":[4,12.8,7.2,13.6],"texture":"#gray_wool"},"south":{"uv":[8.8,12.8,12,13.6],"texture":"#gray_wool"},"west":{"uv":[4,12.8,4.8,13.6],"texture":"#gray_wool"},"east":{"uv":[11.2,12.8,12,13.6],"texture":"#gray_wool"}}},{"__comment":"Voxels-333333","from":[8.8,2.4,12],"to":[10.4,3.2,12.8],"faces":{"down":{"uv":[7.2,12.8,5.6,12],"texture":"#gray_wool"},"up":{"uv":[8.8,12,10.4,12.8],"texture":"#gray_wool"},"north":{"uv":[5.6,12.8,7.2,13.6],"texture":"#gray_wool"},"south":{"uv":[8.8,12.8,10.4,13.6],"texture":"#gray_wool"},"west":{"uv":[12,12.8,12.8,13.6],"texture":"#gray_wool"},"east":{"uv":[3.2,12.8,4,13.6],"texture":"#gray_wool"}}},{"__comment":"Voxels-877000","from":[8.8,4,4],"to":[12,4.8,4.8],"faces":{"down":{"uv":[7.2,4.8,4,4],"texture":"#brown_wool"},"up":{"uv":[8.8,4,12,4.8],"texture":"#brown_wool"},"north":{"uv":[4,11.2,7.2,12],"texture":"#brown_wool"},"south":{"uv":[8.8,11.2,12,12],"texture":"#brown_wool"},"west":{"uv":[4,11.2,4.8,12],"texture":"#brown_wool"},"east":{"uv":[11.2,11.2,12,12],"texture":"#brown_wool"}}},{"__comment":"Voxels-877000","from":[8.8,4.8,4.8],"to":[12,5.6,6.4],"faces":{"down":{"uv":[7.2,6.4,4,4.8],"texture":"#brown_wool"},"up":{"uv":[8.8,4.8,12,6.4],"texture":"#brown_wool"},"north":{"uv":[4,10.4,7.2,11.2],"texture":"#brown_wool"},"south":{"uv":[8.8,10.4,12,11.2],"texture":"#brown_wool"},"west":{"uv":[4.8,10.4,6.4,11.2],"texture":"#brown_wool"},"east":{"uv":[9.6,10.4,11.2,11.2],"texture":"#brown_wool"}}},{"__comment":"Voxels-877000","from":[8.8,5.6,7.2],"to":[12,6.4,9.6],"faces":{"down":{"uv":[7.2,9.6,4,7.2],"texture":"#brown_wool"},"up":{"uv":[8.8,7.2,12,9.6],"texture":"#brown_wool"},"north":{"uv":[4,9.6,7.2,10.4],"texture":"#brown_wool"},"south":{"uv":[8.8,9.6,12,10.4],"texture":"#brown_wool"},"west":{"uv":[7.2,9.6,9.6,10.4],"texture":"#brown_wool"},"east":{"uv":[6.4,9.6,8.8,10.4],"texture":"#brown_wool"}}},{"__comment":"Voxels-333333","from":[9.6,1.6,4],"to":[10.4,2.4,4.8],"faces":{"down":{"uv":[6.4,4.8,5.6,4],"texture":"#gray_wool"},"up":{"uv":[9.6,4,10.4,4.8],"texture":"#gray_wool"},"north":{"uv":[5.6,13.6,6.4,14.4],"texture":"#gray_wool"},"south":{"uv":[9.6,13.6,10.4,14.4],"texture":"#gray_wool"},"west":{"uv":[4,13.6,4.8,14.4],"texture":"#gray_wool"},"east":{"uv":[11.2,13.6,12,14.4],"texture":"#gray_wool"}}},{"__comment":"Voxels-BABABA","from":[9.6,1.6,12],"to":[10.4,2.4,12.8],"faces":{"down":{"uv":[6.4,12.8,5.6,12],"texture":"#iron_block"},"up":{"uv":[9.6,12,10.4,12.8],"texture":"#iron_block"},"north":{"uv":[5.6,13.6,6.4,14.4],"texture":"#iron_block"},"south":{"uv":[9.6,13.6,10.4,14.4],"texture":"#iron_block"},"west":{"uv":[12,13.6,12.8,14.4],"texture":"#iron_block"},"east":{"uv":[3.2,13.6,4,14.4],"texture":"#iron_block"}}},{"__comment":"Voxels-333333","from":[9.6,2.4,4.8],"to":[11.2,3.2,5.6],"faces":{"down":{"uv":[6.4,5.6,4.8,4.8],"texture":"#gray_wool"},"up":{"uv":[9.6,4.8,11.2,5.6],"texture":"#gray_wool"},"north":{"uv":[4.8,12.8,6.4,13.6],"texture":"#gray_wool"},"south":{"uv":[9.6,12.8,11.2,13.6],"texture":"#gray_wool"},"west":{"uv":[4.8,12.8,5.6,13.6],"texture":"#gray_wool"},"east":{"uv":[10.4,12.8,11.2,13.6],"texture":"#gray_wool"}}},{"__comment":"Voxels-333333","from":[9.6,2.4,10.4],"to":[11.2,3.2,12],"faces":{"down":{"uv":[6.4,12,4.8,10.4],"texture":"#gray_wool"},"up":{"uv":[9.6,10.4,11.2,12],"texture":"#gray_wool"},"north":{"uv":[4.8,12.8,6.4,13.6],"texture":"#gray_wool"},"south":{"uv":[9.6,12.8,11.2,13.6],"texture":"#gray_wool"},"west":{"uv":[10.4,12.8,12,13.6],"texture":"#gray_wool"},"east":{"uv":[4,12.8,5.6,13.6],"texture":"#gray_wool"}}},{"__comment":"Voxels-877000","from":[9.6,3.2,10.4],"to":[11.2,5.6,11.2],"faces":{"down":{"uv":[6.4,11.2,4.8,10.4],"texture":"#brown_wool"},"up":{"uv":[9.6,10.4,11.2,11.2],"texture":"#brown_wool"},"north":{"uv":[4.8,10.4,6.4,12.8],"texture":"#brown_wool"},"south":{"uv":[9.6,10.4,11.2,12.8],"texture":"#brown_wool"},"west":{"uv":[10.4,10.4,11.2,12.8],"texture":"#brown_wool"},"east":{"uv":[4.8,10.4,5.6,12.8],"texture":"#brown_wool"}}},{"__comment":"Voxels-877000","from":[9.6,4.8,4],"to":[11.2,5.6,4.8],"faces":{"down":{"uv":[6.4,4.8,4.8,4],"texture":"#brown_wool"},"up":{"uv":[9.6,4,11.2,4.8],"texture":"#brown_wool"},"north":{"uv":[4.8,10.4,6.4,11.2],"texture":"#brown_wool"},"south":{"uv":[9.6,10.4,11.2,11.2],"texture":"#brown_wool"},"west":{"uv":[4,10.4,4.8,11.2],"texture":"#brown_wool"},"east":{"uv":[11.2,10.4,12,11.2],"texture":"#brown_wool"}}},{"__comment":"Voxels-877000","from":[9.6,5.6,5.6],"to":[12,6.4,7.2],"faces":{"down":{"uv":[6.4,7.2,4,5.6],"texture":"#brown_wool"},"up":{"uv":[9.6,5.6,12,7.2],"texture":"#brown_wool"},"north":{"uv":[4,9.6,6.4,10.4],"texture":"#brown_wool"},"south":{"uv":[9.6,9.6,12,10.4],"texture":"#brown_wool"},"west":{"uv":[5.6,9.6,7.2,10.4],"texture":"#brown_wool"},"east":{"uv":[8.8,9.6,10.4,10.4],"texture":"#brown_wool"}}},{"__comment":"Voxels-877000","from":[9.6,6.4,8],"to":[11.2,7.2,9.6],"faces":{"down":{"uv":[6.4,9.6,4.8,8],"texture":"#brown_wool"},"up":{"uv":[9.6,8,11.2,9.6],"texture":"#brown_wool"},"north":{"uv":[4.8,8.8,6.4,9.6],"texture":"#brown_wool"},"south":{"uv":[9.6,8.8,11.2,9.6],"texture":"#brown_wool"},"west":{"uv":[8,8.8,9.6,9.6],"texture":"#brown_wool"},"east":{"uv":[6.4,8.8,8,9.6],"texture":"#brown_wool"}}},{"__comment":"Voxels-877000","from":[9.6,6.4,9.6],"to":[10.4,7.2,10.4],"faces":{"down":{"uv":[6.4,10.4,5.6,9.6],"texture":"#brown_wool"},"up":{"uv":[9.6,9.6,10.4,10.4],"texture":"#brown_wool"},"north":{"uv":[5.6,8.8,6.4,9.6],"texture":"#brown_wool"},"south":{"uv":[9.6,8.8,10.4,9.6],"texture":"#brown_wool"},"west":{"uv":[9.6,8.8,10.4,9.6],"texture":"#brown_wool"},"east":{"uv":[5.6,8.8,6.4,9.6],"texture":"#brown_wool"}}},{"__comment":"Voxels-BABABA","from":[10.4,1.6,4],"to":[11.2,2.4,4.8],"faces":{"down":{"uv":[5.6,4.8,4.8,4],"texture":"#iron_block"},"up":{"uv":[10.4,4,11.2,4.8],"texture":"#iron_block"},"north":{"uv":[4.8,13.6,5.6,14.4],"texture":"#iron_block"},"south":{"uv":[10.4,13.6,11.2,14.4],"texture":"#iron_block"},"west":{"uv":[4,13.6,4.8,14.4],"texture":"#iron_block"},"east":{"uv":[11.2,13.6,12,14.4],"texture":"#iron_block"}}},{"__comment":"Voxels-333333","from":[10.4,1.6,4.8],"to":[11.2,2.4,5.6],"faces":{"down":{"uv":[5.6,5.6,4.8,4.8],"texture":"#gray_wool"},"up":{"uv":[10.4,4.8,11.2,5.6],"texture":"#gray_wool"},"north":{"uv":[4.8,13.6,5.6,14.4],"texture":"#gray_wool"},"south":{"uv":[10.4,13.6,11.2,14.4],"texture":"#gray_wool"},"west":{"uv":[4.8,13.6,5.6,14.4],"texture":"#gray_wool"},"east":{"uv":[10.4,13.6,11.2,14.4],"texture":"#gray_wool"}}},{"__comment":"Voxels-333333","from":[10.4,1.6,11.2],"to":[11.2,2.4,12],"faces":{"down":{"uv":[5.6,12,4.8,11.2],"texture":"#gray_wool"},"up":{"uv":[10.4,11.2,11.2,12],"texture":"#gray_wool"},"north":{"uv":[4.8,13.6,5.6,14.4],"texture":"#gray_wool"},"south":{"uv":[10.4,13.6,11.2,14.4],"texture":"#gray_wool"},"west":{"uv":[11.2,13.6,12,14.4],"texture":"#gray_wool"},"east":{"uv":[4,13.6,4.8,14.4],"texture":"#gray_wool"}}},{"__comment":"Voxels-333333","from":[10.4,2.4,5.6],"to":[12.8,3.2,6.4],"faces":{"down":{"uv":[5.6,6.4,3.2,5.6],"texture":"#gray_wool"},"up":{"uv":[10.4,5.6,12.8,6.4],"texture":"#gray_wool"},"north":{"uv":[3.2,12.8,5.6,13.6],"texture":"#gray_wool"},"south":{"uv":[10.4,12.8,12.8,13.6],"texture":"#gray_wool"},"west":{"uv":[5.6,12.8,6.4,13.6],"texture":"#gray_wool"},"east":{"uv":[9.6,12.8,10.4,13.6],"texture":"#gray_wool"}}},{"__comment":"Voxels-333333","from":[10.4,2.4,9.6],"to":[12.8,3.2,10.4],"faces":{"down":{"uv":[5.6,10.4,3.2,9.6],"texture":"#gray_wool"},"up":{"uv":[10.4,9.6,12.8,10.4],"texture":"#gray_wool"},"north":{"uv":[3.2,12.8,5.6,13.6],"texture":"#gray_wool"},"south":{"uv":[10.4,12.8,12.8,13.6],"texture":"#gray_wool"},"west":{"uv":[9.6,12.8,10.4,13.6],"texture":"#gray_wool"},"east":{"uv":[5.6,12.8,6.4,13.6],"texture":"#gray_wool"}}},{"__comment":"Voxels-877000","from":[10.4,5.6,4.8],"to":[12,6.4,5.6],"faces":{"down":{"uv":[5.6,5.6,4,4.8],"texture":"#brown_wool"},"up":{"uv":[10.4,4.8,12,5.6],"texture":"#brown_wool"},"north":{"uv":[4,9.6,5.6,10.4],"texture":"#brown_wool"},"south":{"uv":[10.4,9.6,12,10.4],"texture":"#brown_wool"},"west":{"uv":[4.8,9.6,5.6,10.4],"texture":"#brown_wool"},"east":{"uv":[10.4,9.6,11.2,10.4],"texture":"#brown_wool"}}},{"__comment":"Voxels-877000","from":[10.4,6.4,6.4],"to":[11.2,7.2,8],"faces":{"down":{"uv":[5.6,8,4.8,6.4],"texture":"#brown_wool"},"up":{"uv":[10.4,6.4,11.2,8],"texture":"#brown_wool"},"north":{"uv":[4.8,8.8,5.6,9.6],"texture":"#brown_wool"},"south":{"uv":[10.4,8.8,11.2,9.6],"texture":"#brown_wool"},"west":{"uv":[6.4,8.8,8,9.6],"texture":"#brown_wool"},"east":{"uv":[8,8.8,9.6,9.6],"texture":"#brown_wool"}}},{"__comment":"Voxels-877000","from":[11.2,1.6,0.8],"to":[12,2.4,15.2],"faces":{"down":{"uv":[4.8,15.2,4,0.8],"texture":"#brown_wool"},"up":{"uv":[11.2,0.8,12,15.2],"texture":"#brown_wool"},"north":{"uv":[4,13.6,4.8,14.4],"texture":"#brown_wool"},"south":{"uv":[11.2,13.6,12,14.4],"texture":"#brown_wool"},"west":{"uv":[0.8,13.6,15.2,14.4],"texture":"#brown_wool"},"east":{"uv":[0.8,13.6,15.2,14.4],"texture":"#brown_wool"}}},{"__comment":"Voxels-BABABA","from":[11.2,2.4,4.8],"to":[12,3.2,5.6],"faces":{"down":{"uv":[4.8,5.6,4,4.8],"texture":"#iron_block"},"up":{"uv":[11.2,4.8,12,5.6],"texture":"#iron_block"},"north":{"uv":[4,12.8,4.8,13.6],"texture":"#iron_block"},"south":{"uv":[11.2,12.8,12,13.6],"texture":"#iron_block"},"west":{"uv":[4.8,12.8,5.6,13.6],"texture":"#iron_block"},"east":{"uv":[10.4,12.8,11.2,13.6],"texture":"#iron_block"}}},{"__comment":"Voxels-BABABA","from":[11.2,2.4,10.4],"to":[12,3.2,11.2],"faces":{"down":{"uv":[4.8,11.2,4,10.4],"texture":"#iron_block"},"up":{"uv":[11.2,10.4,12,11.2],"texture":"#iron_block"},"north":{"uv":[4,12.8,4.8,13.6],"texture":"#iron_block"},"south":{"uv":[11.2,12.8,12,13.6],"texture":"#iron_block"},"west":{"uv":[10.4,12.8,11.2,13.6],"texture":"#iron_block"},"east":{"uv":[4.8,12.8,5.6,13.6],"texture":"#iron_block"}}},{"__comment":"Voxels-333333","from":[11.2,2.4,11.2],"to":[12,4,12],"faces":{"down":{"uv":[4.8,12,4,11.2],"texture":"#gray_wool"},"up":{"uv":[11.2,11.2,12,12],"texture":"#gray_wool"},"north":{"uv":[4,12,4.8,13.6],"texture":"#gray_wool"},"south":{"uv":[11.2,12,12,13.6],"texture":"#gray_wool"},"west":{"uv":[11.2,12,12,13.6],"texture":"#gray_wool"},"east":{"uv":[4,12,4.8,13.6],"texture":"#gray_wool"}}},{"__comment":"Voxels-333333","from":[11.2,3.2,4],"to":[12,4,5.6],"faces":{"down":{"uv":[4.8,5.6,4,4],"texture":"#gray_wool"},"up":{"uv":[11.2,4,12,5.6],"texture":"#gray_wool"},"north":{"uv":[4,12,4.8,12.8],"texture":"#gray_wool"},"south":{"uv":[11.2,12,12,12.8],"texture":"#gray_wool"},"west":{"uv":[4,12,5.6,12.8],"texture":"#gray_wool"},"east":{"uv":[10.4,12,12,12.8],"texture":"#gray_wool"}}},{"__comment":"Voxels-333333","from":[11.2,3.2,6.4],"to":[12.8,4,10.4],"faces":{"down":{"uv":[4.8,10.4,3.2,6.4],"texture":"#gray_wool"},"up":{"uv":[11.2,6.4,12.8,10.4],"texture":"#gray_wool"},"north":{"uv":[3.2,12,4.8,12.8],"texture":"#gray_wool"},"south":{"uv":[11.2,12,12.8,12.8],"texture":"#gray_wool"},"west":{"uv":[6.4,12,10.4,12.8],"texture":"#gray_wool"},"east":{"uv":[5.6,12,9.6,12.8],"texture":"#gray_wool"}}},{"__comment":"Voxels-333333","from":[11.2,3.2,10.4],"to":[12,4,11.2],"faces":{"down":{"uv":[4.8,11.2,4,10.4],"texture":"#gray_wool"},"up":{"uv":[11.2,10.4,12,11.2],"texture":"#gray_wool"},"north":{"uv":[4,12,4.8,12.8],"texture":"#gray_wool"},"south":{"uv":[11.2,12,12,12.8],"texture":"#gray_wool"},"west":{"uv":[10.4,12,11.2,12.8],"texture":"#gray_wool"},"east":{"uv":[4.8,12,5.6,12.8],"texture":"#gray_wool"}}},{"__comment":"Voxels-877000","from":[11.2,4,10.4],"to":[12,5.6,11.2],"faces":{"down":{"uv":[4.8,11.2,4,10.4],"texture":"#brown_wool"},"up":{"uv":[11.2,10.4,12,11.2],"texture":"#brown_wool"},"north":{"uv":[4,10.4,4.8,12],"texture":"#brown_wool"},"south":{"uv":[11.2,10.4,12,12],"texture":"#brown_wool"},"west":{"uv":[10.4,10.4,11.2,12],"texture":"#brown_wool"},"east":{"uv":[4.8,10.4,5.6,12],"texture":"#brown_wool"}}},{"__comment":"Voxels-877000","from":[12,1.6,1.6],"to":[13.6,2.4,14.4],"faces":{"down":{"uv":[4,14.4,2.4,1.6],"texture":"#brown_wool"},"up":{"uv":[12,1.6,13.6,14.4],"texture":"#brown_wool"},"north":{"uv":[2.4,13.6,4,14.4],"texture":"#brown_wool"},"south":{"uv":[12,13.6,13.6,14.4],"texture":"#brown_wool"},"west":{"uv":[1.6,13.6,14.4,14.4],"texture":"#brown_wool"},"east":{"uv":[1.6,13.6,14.4,14.4],"texture":"#brown_wool"}}},{"__comment":"Voxels-333333","from":[12,2.4,6.4],"to":[12.8,3.2,7.2],"faces":{"down":{"uv":[4,7.2,3.2,6.4],"texture":"#gray_wool"},"up":{"uv":[12,6.4,12.8,7.2],"texture":"#gray_wool"},"north":{"uv":[3.2,12.8,4,13.6],"texture":"#gray_wool"},"south":{"uv":[12,12.8,12.8,13.6],"texture":"#gray_wool"},"west":{"uv":[6.4,12.8,7.2,13.6],"texture":"#gray_wool"},"east":{"uv":[8.8,12.8,9.6,13.6],"texture":"#gray_wool"}}},{"__comment":"Voxels-BABABA","from":[12,2.4,7.2],"to":[12.8,3.2,8],"faces":{"down":{"uv":[4,8,3.2,7.2],"texture":"#iron_block"},"up":{"uv":[12,7.2,12.8,8],"texture":"#iron_block"},"north":{"uv":[3.2,12.8,4,13.6],"texture":"#iron_block"},"south":{"uv":[12,12.8,12.8,13.6],"texture":"#iron_block"},"west":{"uv":[7.2,12.8,8,13.6],"texture":"#iron_block"},"east":{"uv":[8,12.8,8.8,13.6],"texture":"#iron_block"}}},{"__comment":"Voxels-333333","from":[12,2.4,8],"to":[12.8,3.2,9.6],"faces":{"down":{"uv":[4,9.6,3.2,8],"texture":"#gray_wool"},"up":{"uv":[12,8,12.8,9.6],"texture":"#gray_wool"},"north":{"uv":[3.2,12.8,4,13.6],"texture":"#gray_wool"},"south":{"uv":[12,12.8,12.8,13.6],"texture":"#gray_wool"},"west":{"uv":[8,12.8,9.6,13.6],"texture":"#gray_wool"},"east":{"uv":[6.4,12.8,8,13.6],"texture":"#gray_wool"}}},{"__comment":"Voxels-333333","from":[12,3.2,5.6],"to":[12.8,4,6.4],"faces":{"down":{"uv":[4,6.4,3.2,5.6],"texture":"#gray_wool"},"up":{"uv":[12,5.6,12.8,6.4],"texture":"#gray_wool"},"north":{"uv":[3.2,12,4,12.8],"texture":"#gray_wool"},"south":{"uv":[12,12,12.8,12.8],"texture":"#gray_wool"},"west":{"uv":[5.6,12,6.4,12.8],"texture":"#gray_wool"},"east":{"uv":[9.6,12,10.4,12.8],"texture":"#gray_wool"}}},{"__comment":"Voxels-877000","from":[13.6,2.4,2.4],"to":[14.4,3.2,13.6],"faces":{"down":{"uv":[2.4,13.6,1.6,2.4],"texture":"#brown_wool"},"up":{"uv":[13.6,2.4,14.4,13.6],"texture":"#brown_wool"},"north":{"uv":[1.6,12.8,2.4,13.6],"texture":"#brown_wool"},"south":{"uv":[13.6,12.8,14.4,13.6],"texture":"#brown_wool"},"west":{"uv":[2.4,12.8,13.6,13.6],"texture":"#brown_wool"},"east":{"uv":[2.4,12.8,13.6,13.6],"texture":"#brown_wool"}}},{"__comment":"Voxels-877000","from":[14.4,3.2,4],"to":[15.2,4,12],"faces":{"down":{"uv":[1.6,12,0.8,4],"texture":"#brown_wool"},"up":{"uv":[14.4,4,15.2,12],"texture":"#brown_wool"},"north":{"uv":[0.8,12,1.6,12.8],"texture":"#brown_wool"},"south":{"uv":[14.4,12,15.2,12.8],"texture":"#brown_wool"},"west":{"uv":[4,12,12,12.8],"texture":"#brown_wool"},"east":{"uv":[4,12,12,12.8],"texture":"#brown_wool"}}},{"__comment":"Voxels-877000","from":[15.2,3.2,5.6],"to":[16,4,10.4],"faces":{"down":{"uv":[0.8,10.4,0,5.6],"texture":"#brown_wool"},"up":{"uv":[15.2,5.6,16,10.4],"texture":"#brown_wool"},"north":{"uv":[0,12,0.8,12.8],"texture":"#brown_wool"},"south":{"uv":[15.2,12,16,12.8],"texture":"#brown_wool"},"west":{"uv":[5.6,12,10.4,12.8],"texture":"#brown_wool"},"east":{"uv":[5.6,12,10.4,12.8],"texture":"#brown_wool"}}}],"display":{"gui":{"rotation":[21,-50,0],"translation":[0.6956,2.7826,0]},"head":{"rotation":[0,180,0],"translation":[0,16.44,0],"scale":[1.9,1.9,1.9]}}}