{
	"credit": "Made with Blockbench",
	"texture_size": [32, 32],
	"textures": {
		"0": "craftadia/cupid_wings",
		"particle": "craftadia/cupid_wings"
	},
	"elements": [
		{
			"from": [8, 0, 7],
			"to": [8, 7, 15],
			"rotation": {"angle": 45, "axis": "y", "origin": [9.5, 0.5, 7.5]},
			"faces": {
				"north": {"uv": [0, 0, 0, 7], "texture": "#0"},
				"east": {"uv": [0, 0, 8, 7], "texture": "#0"},
				"south": {"uv": [0, 0, 0, 7], "texture": "#0"},
				"west": {"uv": [0, 7, 8, 14], "texture": "#0"},
				"up": {"uv": [0, 0, 0, 8], "texture": "#0"},
				"down": {"uv": [0, 0, 0, 8], "texture": "#0"}
			}
		},
		{
			"from": [8, 0, 7],
			"to": [8, 7, 15],
			"rotation": {"angle": -45, "axis": "y", "origin": [6.5, 0.5, 7.5]},
			"faces": {
				"north": {"uv": [0, 0, 0, 7], "texture": "#0"},
				"east": {"uv": [8, 8, 16, 15], "texture": "#0"},
				"south": {"uv": [0, 0, 0, 7], "texture": "#0"},
				"west": {"uv": [8, 0, 16, 7], "texture": "#0"},
				"up": {"uv": [0, 0, 0, 8], "texture": "#0"},
				"down": {"uv": [0, 0, 0, 8], "texture": "#0"}
			}
		}
	],
	"display": {
		"head": {
			"translation": [0, -37, 0.5],
			"scale": [3, 3, 4]
		}
	}
}