{"__comment":"Designed by RamonaSkye with Cubik Studio - https://cubik.studio","textures":{"particle":"block/e_particle","mesh_palette":"block/mesh_palette","coal_block":"block/coal_block","iron_block":"block/iron_block","gold_block":"block/gold_block"},"elements":[{"__comment":"Voxels-212121","from":[4.8,0.8,6.4],"to":[14.4,3.2,7.2],"faces":{"down":{"uv":[11.2,7.2,1.6,6.4],"texture":"#coal_block"},"up":{"uv":[4.8,6.4,14.4,7.2],"texture":"#coal_block"},"north":{"uv":[1.6,12.8,11.2,15.2],"texture":"#coal_block"},"south":{"uv":[4.8,12.8,14.4,15.2],"texture":"#coal_block"},"west":{"uv":[6.4,12.8,7.2,15.2],"texture":"#coal_block"},"east":{"uv":[8.8,12.8,9.6,15.2],"texture":"#coal_block"}}},{"__comment":"Voxels-212121","from":[4.8,0.8,7.2],"to":[14.4,2.4,10.4],"faces":{"down":{"uv":[11.2,10.4,1.6,7.2],"texture":"#coal_block"},"up":{"uv":[4.8,7.2,14.4,10.4],"texture":"#coal_block"},"north":{"uv":[1.6,13.6,11.2,15.2],"texture":"#coal_block"},"south":{"uv":[4.8,13.6,14.4,15.2],"texture":"#coal_block"},"west":{"uv":[7.2,13.6,10.4,15.2],"texture":"#coal_block"},"east":{"uv":[5.6,13.6,8.8,15.2],"texture":"#coal_block"}}},{"__comment":"Voxels-212121","from":[4.8,2.4,7.2],"to":[13.6,6.4,10.4],"faces":{"down":{"uv":[11.2,10.4,2.4,7.2],"texture":"#coal_block"},"up":{"uv":[4.8,7.2,13.6,10.4],"texture":"#coal_block"},"north":{"uv":[2.4,9.6,11.2,13.6],"texture":"#coal_block"},"south":{"uv":[4.8,9.6,13.6,13.6],"texture":"#coal_block"},"west":{"uv":[7.2,9.6,10.4,13.6],"texture":"#coal_block"},"east":{"uv":[5.6,9.6,8.8,13.6],"texture":"#coal_block"}}},{"__comment":"Voxels-212121","from":[4.8,3.2,6.4],"to":[13.6,6.4,7.2],"faces":{"down":{"uv":[11.2,7.2,2.4,6.4],"texture":"#coal_block"},"up":{"uv":[4.8,6.4,13.6,7.2],"texture":"#coal_block"},"north":{"uv":[2.4,9.6,11.2,12.8],"texture":"#coal_block"},"south":{"uv":[4.8,9.6,13.6,12.8],"texture":"#coal_block"},"west":{"uv":[6.4,9.6,7.2,12.8],"texture":"#coal_block"},"east":{"uv":[8.8,9.6,9.6,12.8],"texture":"#coal_block"}}},{"__comment":"Voxels-212121","from":[4.8,6.4,6.4],"to":[8.8,7.2,10.4],"faces":{"down":{"uv":[11.2,10.4,7.2,6.4],"texture":"#coal_block"},"up":{"uv":[4.8,6.4,8.8,10.4],"texture":"#coal_block"},"north":{"uv":[7.2,8.8,11.2,9.6],"texture":"#coal_block"},"south":{"uv":[4.8,8.8,8.8,9.6],"texture":"#coal_block"},"west":{"uv":[6.4,8.8,10.4,9.6],"texture":"#coal_block"},"east":{"uv":[5.6,8.8,9.6,9.6],"texture":"#coal_block"}}},{"__comment":"Voxels-7C5D21","from":[4.8,7.2,6.4],"to":[5.6,8,10.4],"faces":{"down":{"uv":[11.2,10.4,10.4,6.4],"texture":"#gold_block"},"up":{"uv":[4.8,6.4,5.6,10.4],"texture":"#gold_block"},"north":{"uv":[10.4,8,11.2,8.8],"texture":"#gold_block"},"south":{"uv":[4.8,8,5.6,8.8],"texture":"#gold_block"},"west":{"uv":[6.4,8,10.4,8.8],"texture":"#gold_block"},"east":{"uv":[5.6,8,9.6,8.8],"texture":"#gold_block"}}},{"__comment":"Voxels-212121","from":[5.6,0.8,4],"to":[13.6,5.6,4.8],"faces":{"down":{"uv":[10.4,4.8,2.4,4],"texture":"#coal_block"},"up":{"uv":[5.6,4,13.6,4.8],"texture":"#coal_block"},"north":{"uv":[2.4,10.4,10.4,15.2],"texture":"#coal_block"},"south":{"uv":[5.6,10.4,13.6,15.2],"texture":"#coal_block"},"west":{"uv":[4,10.4,4.8,15.2],"texture":"#coal_block"},"east":{"uv":[11.2,10.4,12,15.2],"texture":"#coal_block"}}},{"__comment":"Voxels-212121","from":[5.6,0.8,4.8],"to":[13.6,1.6,6.4],"faces":{"down":{"uv":[10.4,6.4,2.4,4.8],"texture":"#coal_block"},"up":{"uv":[5.6,4.8,13.6,6.4],"texture":"#coal_block"},"north":{"uv":[2.4,14.4,10.4,15.2],"texture":"#coal_block"},"south":{"uv":[5.6,14.4,13.6,15.2],"texture":"#coal_block"},"west":{"uv":[4.8,14.4,6.4,15.2],"texture":"#coal_block"},"east":{"uv":[9.6,14.4,11.2,15.2],"texture":"#coal_block"}}},{"__comment":"Voxels-212121","from":[5.6,0.8,10.4],"to":[13.6,2.4,11.2],"faces":{"down":{"uv":[10.4,11.2,2.4,10.4],"texture":"#coal_block"},"up":{"uv":[5.6,10.4,13.6,11.2],"texture":"#coal_block"},"north":{"uv":[2.4,13.6,10.4,15.2],"texture":"#coal_block"},"south":{"uv":[5.6,13.6,13.6,15.2],"texture":"#coal_block"},"west":{"uv":[10.4,13.6,11.2,15.2],"texture":"#coal_block"},"east":{"uv":[4.8,13.6,5.6,15.2],"texture":"#coal_block"}}},{"__comment":"Voxels-212121","from":[5.6,0.8,11.2],"to":[13.6,1.6,12.8],"faces":{"down":{"uv":[10.4,12.8,2.4,11.2],"texture":"#coal_block"},"up":{"uv":[5.6,11.2,13.6,12.8],"texture":"#coal_block"},"north":{"uv":[2.4,14.4,10.4,15.2],"texture":"#coal_block"},"south":{"uv":[5.6,14.4,13.6,15.2],"texture":"#coal_block"},"west":{"uv":[11.2,14.4,12.8,15.2],"texture":"#coal_block"},"east":{"uv":[3.2,14.4,4.8,15.2],"texture":"#coal_block"}}},{"__comment":"Voxels-212121","from":[5.6,1.6,4.8],"to":[12.8,5.6,6.4],"faces":{"down":{"uv":[10.4,6.4,3.2,4.8],"texture":"#coal_block"},"up":{"uv":[5.6,4.8,12.8,6.4],"texture":"#coal_block"},"north":{"uv":[3.2,10.4,10.4,14.4],"texture":"#coal_block"},"south":{"uv":[5.6,10.4,12.8,14.4],"texture":"#coal_block"},"west":{"uv":[4.8,10.4,6.4,14.4],"texture":"#coal_block"},"east":{"uv":[9.6,10.4,11.2,14.4],"texture":"#coal_block"}}},{"__comment":"Voxels-212121","from":[5.6,1.6,11.2],"to":[12.8,5.6,12.8],"faces":{"down":{"uv":[10.4,12.8,3.2,11.2],"texture":"#coal_block"},"up":{"uv":[5.6,11.2,12.8,12.8],"texture":"#coal_block"},"north":{"uv":[3.2,10.4,10.4,14.4],"texture":"#coal_block"},"south":{"uv":[5.6,10.4,12.8,14.4],"texture":"#coal_block"},"west":{"uv":[11.2,10.4,12.8,14.4],"texture":"#coal_block"},"east":{"uv":[3.2,10.4,4.8,14.4],"texture":"#coal_block"}}},{"__comment":"Voxels-212121","from":[5.6,2.4,10.4],"to":[12.8,6.4,11.2],"faces":{"down":{"uv":[10.4,11.2,3.2,10.4],"texture":"#coal_block"},"up":{"uv":[5.6,10.4,12.8,11.2],"texture":"#coal_block"},"north":{"uv":[3.2,9.6,10.4,13.6],"texture":"#coal_block"},"south":{"uv":[5.6,9.6,12.8,13.6],"texture":"#coal_block"},"west":{"uv":[10.4,9.6,11.2,13.6],"texture":"#coal_block"},"east":{"uv":[4.8,9.6,5.6,13.6],"texture":"#coal_block"}}},{"__comment":"Voxels-7C5D21","from":[5.6,5.6,4],"to":[6.4,7.2,4.8],"faces":{"down":{"uv":[10.4,4.8,9.6,4],"texture":"#gold_block"},"up":{"uv":[5.6,4,6.4,4.8],"texture":"#gold_block"},"north":{"uv":[9.6,8.8,10.4,10.4],"texture":"#gold_block"},"south":{"uv":[5.6,8.8,6.4,10.4],"texture":"#gold_block"},"west":{"uv":[4,8.8,4.8,10.4],"texture":"#gold_block"},"east":{"uv":[11.2,8.8,12,10.4],"texture":"#gold_block"}}},{"__comment":"Voxels-212121","from":[5.6,5.6,4.8],"to":[8.8,6.4,6.4],"faces":{"down":{"uv":[10.4,6.4,7.2,4.8],"texture":"#coal_block"},"up":{"uv":[5.6,4.8,8.8,6.4],"texture":"#coal_block"},"north":{"uv":[7.2,9.6,10.4,10.4],"texture":"#coal_block"},"south":{"uv":[5.6,9.6,8.8,10.4],"texture":"#coal_block"},"west":{"uv":[4.8,9.6,6.4,10.4],"texture":"#coal_block"},"east":{"uv":[9.6,9.6,11.2,10.4],"texture":"#coal_block"}}},{"__comment":"Voxels-212121","from":[5.6,5.6,11.2],"to":[8.8,6.4,12],"faces":{"down":{"uv":[10.4,12,7.2,11.2],"texture":"#coal_block"},"up":{"uv":[5.6,11.2,8.8,12],"texture":"#coal_block"},"north":{"uv":[7.2,9.6,10.4,10.4],"texture":"#coal_block"},"south":{"uv":[5.6,9.6,8.8,10.4],"texture":"#coal_block"},"west":{"uv":[11.2,9.6,12,10.4],"texture":"#coal_block"},"east":{"uv":[4,9.6,4.8,10.4],"texture":"#coal_block"}}},{"__comment":"Voxels-7C5D21","from":[5.6,5.6,12],"to":[6.4,7.2,12.8],"faces":{"down":{"uv":[10.4,12.8,9.6,12],"texture":"#gold_block"},"up":{"uv":[5.6,12,6.4,12.8],"texture":"#gold_block"},"north":{"uv":[9.6,8.8,10.4,10.4],"texture":"#gold_block"},"south":{"uv":[5.6,8.8,6.4,10.4],"texture":"#gold_block"},"west":{"uv":[12,8.8,12.8,10.4],"texture":"#gold_block"},"east":{"uv":[3.2,8.8,4,10.4],"texture":"#gold_block"}}},{"__comment":"Voxels-7C5D21","from":[5.6,6.4,4.8],"to":[6.4,7.2,5.6],"faces":{"down":{"uv":[10.4,5.6,9.6,4.8],"texture":"#gold_block"},"up":{"uv":[5.6,4.8,6.4,5.6],"texture":"#gold_block"},"north":{"uv":[9.6,8.8,10.4,9.6],"texture":"#gold_block"},"south":{"uv":[5.6,8.8,6.4,9.6],"texture":"#gold_block"},"west":{"uv":[4.8,8.8,5.6,9.6],"texture":"#gold_block"},"east":{"uv":[10.4,8.8,11.2,9.6],"texture":"#gold_block"}}},{"__comment":"Voxels-212121","from":[5.6,6.4,5.6],"to":[8.8,7.2,6.4],"faces":{"down":{"uv":[10.4,6.4,7.2,5.6],"texture":"#coal_block"},"up":{"uv":[5.6,5.6,8.8,6.4],"texture":"#coal_block"},"north":{"uv":[7.2,8.8,10.4,9.6],"texture":"#coal_block"},"south":{"uv":[5.6,8.8,8.8,9.6],"texture":"#coal_block"},"west":{"uv":[5.6,8.8,6.4,9.6],"texture":"#coal_block"},"east":{"uv":[9.6,8.8,10.4,9.6],"texture":"#coal_block"}}},{"__comment":"Voxels-212121","from":[5.6,6.4,10.4],"to":[8.8,7.2,11.2],"faces":{"down":{"uv":[10.4,11.2,7.2,10.4],"texture":"#coal_block"},"up":{"uv":[5.6,10.4,8.8,11.2],"texture":"#coal_block"},"north":{"uv":[7.2,8.8,10.4,9.6],"texture":"#coal_block"},"south":{"uv":[5.6,8.8,8.8,9.6],"texture":"#coal_block"},"west":{"uv":[10.4,8.8,11.2,9.6],"texture":"#coal_block"},"east":{"uv":[4.8,8.8,5.6,9.6],"texture":"#coal_block"}}},{"__comment":"Voxels-7C5D21","from":[5.6,6.4,11.2],"to":[6.4,7.2,12],"faces":{"down":{"uv":[10.4,12,9.6,11.2],"texture":"#gold_block"},"up":{"uv":[5.6,11.2,6.4,12],"texture":"#gold_block"},"north":{"uv":[9.6,8.8,10.4,9.6],"texture":"#gold_block"},"south":{"uv":[5.6,8.8,6.4,9.6],"texture":"#gold_block"},"west":{"uv":[11.2,8.8,12,9.6],"texture":"#gold_block"},"east":{"uv":[4,8.8,4.8,9.6],"texture":"#gold_block"}}},{"__comment":"Voxels-7C5D21","from":[5.6,7.2,5.6],"to":[6.4,8,6.4],"faces":{"down":{"uv":[10.4,6.4,9.6,5.6],"texture":"#gold_block"},"up":{"uv":[5.6,5.6,6.4,6.4],"texture":"#gold_block"},"north":{"uv":[9.6,8,10.4,8.8],"texture":"#gold_block"},"south":{"uv":[5.6,8,6.4,8.8],"texture":"#gold_block"},"west":{"uv":[5.6,8,6.4,8.8],"texture":"#gold_block"},"east":{"uv":[9.6,8,10.4,8.8],"texture":"#gold_block"}}},{"__comment":"Voxels-7C5D21","from":[5.6,7.2,10.4],"to":[6.4,8,11.2],"faces":{"down":{"uv":[10.4,11.2,9.6,10.4],"texture":"#gold_block"},"up":{"uv":[5.6,10.4,6.4,11.2],"texture":"#gold_block"},"north":{"uv":[9.6,8,10.4,8.8],"texture":"#gold_block"},"south":{"uv":[5.6,8,6.4,8.8],"texture":"#gold_block"},"west":{"uv":[10.4,8,11.2,8.8],"texture":"#gold_block"},"east":{"uv":[4.8,8,5.6,8.8],"texture":"#gold_block"}}},{"__comment":"Voxels-212121","from":[6.4,0.8,3.2],"to":[12.8,4,4],"faces":{"down":{"uv":[9.6,4,3.2,3.2],"texture":"#coal_block"},"up":{"uv":[6.4,3.2,12.8,4],"texture":"#coal_block"},"north":{"uv":[3.2,12,9.6,15.2],"texture":"#coal_block"},"south":{"uv":[6.4,12,12.8,15.2],"texture":"#coal_block"},"west":{"uv":[3.2,12,4,15.2],"texture":"#coal_block"},"east":{"uv":[12,12,12.8,15.2],"texture":"#coal_block"}}},{"__comment":"Voxels-212121","from":[6.4,0.8,12.8],"to":[12.8,4,13.6],"faces":{"down":{"uv":[9.6,13.6,3.2,12.8],"texture":"#coal_block"},"up":{"uv":[6.4,12.8,12.8,13.6],"texture":"#coal_block"},"north":{"uv":[3.2,12,9.6,15.2],"texture":"#coal_block"},"south":{"uv":[6.4,12,12.8,15.2],"texture":"#coal_block"},"west":{"uv":[12.8,12,13.6,15.2],"texture":"#coal_block"},"east":{"uv":[2.4,12,3.2,15.2],"texture":"#coal_block"}}},{"__comment":"Voxels-7C5D21","from":[6.4,4,3.2],"to":[7.2,5.6,4],"faces":{"down":{"uv":[9.6,4,8.8,3.2],"texture":"#gold_block"},"up":{"uv":[6.4,3.2,7.2,4],"texture":"#gold_block"},"north":{"uv":[8.8,10.4,9.6,12],"texture":"#gold_block"},"south":{"uv":[6.4,10.4,7.2,12],"texture":"#gold_block"},"west":{"uv":[3.2,10.4,4,12],"texture":"#gold_block"},"east":{"uv":[12,10.4,12.8,12],"texture":"#gold_block"}}},{"__comment":"Voxels-7C5D21","from":[6.4,4,12.8],"to":[7.2,5.6,13.6],"faces":{"down":{"uv":[9.6,13.6,8.8,12.8],"texture":"#gold_block"},"up":{"uv":[6.4,12.8,7.2,13.6],"texture":"#gold_block"},"north":{"uv":[8.8,10.4,9.6,12],"texture":"#gold_block"},"south":{"uv":[6.4,10.4,7.2,12],"texture":"#gold_block"},"west":{"uv":[12.8,10.4,13.6,12],"texture":"#gold_block"},"east":{"uv":[2.4,10.4,3.2,12],"texture":"#gold_block"}}},{"__comment":"Voxels-212121","from":[6.4,5.6,4],"to":[8.8,6.4,4.8],"faces":{"down":{"uv":[9.6,4.8,7.2,4],"texture":"#coal_block"},"up":{"uv":[6.4,4,8.8,4.8],"texture":"#coal_block"},"north":{"uv":[7.2,9.6,9.6,10.4],"texture":"#coal_block"},"south":{"uv":[6.4,9.6,8.8,10.4],"texture":"#coal_block"},"west":{"uv":[4,9.6,4.8,10.4],"texture":"#coal_block"},"east":{"uv":[11.2,9.6,12,10.4],"texture":"#coal_block"}}},{"__comment":"Voxels-212121","from":[6.4,5.6,12],"to":[8.8,6.4,12.8],"faces":{"down":{"uv":[9.6,12.8,7.2,12],"texture":"#coal_block"},"up":{"uv":[6.4,12,8.8,12.8],"texture":"#coal_block"},"north":{"uv":[7.2,9.6,9.6,10.4],"texture":"#coal_block"},"south":{"uv":[6.4,9.6,8.8,10.4],"texture":"#coal_block"},"west":{"uv":[12,9.6,12.8,10.4],"texture":"#coal_block"},"east":{"uv":[3.2,9.6,4,10.4],"texture":"#coal_block"}}},{"__comment":"Voxels-212121","from":[7.2,0.8,2.4],"to":[12,3.2,3.2],"faces":{"down":{"uv":[8.8,3.2,4,2.4],"texture":"#coal_block"},"up":{"uv":[7.2,2.4,12,3.2],"texture":"#coal_block"},"north":{"uv":[4,12.8,8.8,15.2],"texture":"#coal_block"},"south":{"uv":[7.2,12.8,12,15.2],"texture":"#coal_block"},"west":{"uv":[2.4,12.8,3.2,15.2],"texture":"#coal_block"},"east":{"uv":[12.8,12.8,13.6,15.2],"texture":"#coal_block"}}},{"__comment":"Voxels-212121","from":[7.2,0.8,13.6],"to":[12,3.2,14.4],"faces":{"down":{"uv":[8.8,14.4,4,13.6],"texture":"#coal_block"},"up":{"uv":[7.2,13.6,12,14.4],"texture":"#coal_block"},"north":{"uv":[4,12.8,8.8,15.2],"texture":"#coal_block"},"south":{"uv":[7.2,12.8,12,15.2],"texture":"#coal_block"},"west":{"uv":[13.6,12.8,14.4,15.2],"texture":"#coal_block"},"east":{"uv":[1.6,12.8,2.4,15.2],"texture":"#coal_block"}}},{"__comment":"Voxels-212121","from":[7.2,2.4,1.6],"to":[8.8,4,2.4],"faces":{"down":{"uv":[8.8,2.4,7.2,1.6],"texture":"#coal_block"},"up":{"uv":[7.2,1.6,8.8,2.4],"texture":"#coal_block"},"north":{"uv":[7.2,12,8.8,13.6],"texture":"#coal_block"},"south":{"uv":[7.2,12,8.8,13.6],"texture":"#coal_block"},"west":{"uv":[1.6,12,2.4,13.6],"texture":"#coal_block"},"east":{"uv":[13.6,12,14.4,13.6],"texture":"#coal_block"}}},{"__comment":"Voxels-212121","from":[7.2,2.4,14.4],"to":[8.8,4,15.2],"faces":{"down":{"uv":[8.8,15.2,7.2,14.4],"texture":"#coal_block"},"up":{"uv":[7.2,14.4,8.8,15.2],"texture":"#coal_block"},"north":{"uv":[7.2,12,8.8,13.6],"texture":"#coal_block"},"south":{"uv":[7.2,12,8.8,13.6],"texture":"#coal_block"},"west":{"uv":[14.4,12,15.2,13.6],"texture":"#coal_block"},"east":{"uv":[0.8,12,1.6,13.6],"texture":"#coal_block"}}},{"__comment":"Voxels-7C5D21","from":[7.2,3.2,2.4],"to":[8,4,3.2],"faces":{"down":{"uv":[8.8,3.2,8,2.4],"texture":"#gold_block"},"up":{"uv":[7.2,2.4,8,3.2],"texture":"#gold_block"},"north":{"uv":[8,12,8.8,12.8],"texture":"#gold_block"},"south":{"uv":[7.2,12,8,12.8],"texture":"#gold_block"},"west":{"uv":[2.4,12,3.2,12.8],"texture":"#gold_block"},"east":{"uv":[12.8,12,13.6,12.8],"texture":"#gold_block"}}},{"__comment":"Voxels-7C5D21","from":[7.2,3.2,13.6],"to":[8,4,14.4],"faces":{"down":{"uv":[8.8,14.4,8,13.6],"texture":"#gold_block"},"up":{"uv":[7.2,13.6,8,14.4],"texture":"#gold_block"},"north":{"uv":[8,12,8.8,12.8],"texture":"#gold_block"},"south":{"uv":[7.2,12,8,12.8],"texture":"#gold_block"},"west":{"uv":[13.6,12,14.4,12.8],"texture":"#gold_block"},"east":{"uv":[1.6,12,2.4,12.8],"texture":"#gold_block"}}},{"__comment":"Voxels-7C5D21","from":[7.2,4,1.6],"to":[8,4.8,2.4],"faces":{"down":{"uv":[8.8,2.4,8,1.6],"texture":"#gold_block"},"up":{"uv":[7.2,1.6,8,2.4],"texture":"#gold_block"},"north":{"uv":[8,11.2,8.8,12],"texture":"#gold_block"},"south":{"uv":[7.2,11.2,8,12],"texture":"#gold_block"},"west":{"uv":[1.6,11.2,2.4,12],"texture":"#gold_block"},"east":{"uv":[13.6,11.2,14.4,12],"texture":"#gold_block"}}},{"__comment":"Voxels-212121","from":[7.2,4,3.2],"to":[12,4.8,4],"faces":{"down":{"uv":[8.8,4,4,3.2],"texture":"#coal_block"},"up":{"uv":[7.2,3.2,12,4],"texture":"#coal_block"},"north":{"uv":[4,11.2,8.8,12],"texture":"#coal_block"},"south":{"uv":[7.2,11.2,12,12],"texture":"#coal_block"},"west":{"uv":[3.2,11.2,4,12],"texture":"#coal_block"},"east":{"uv":[12,11.2,12.8,12],"texture":"#coal_block"}}},{"__comment":"Voxels-212121","from":[7.2,4,12.8],"to":[12,4.8,13.6],"faces":{"down":{"uv":[8.8,13.6,4,12.8],"texture":"#coal_block"},"up":{"uv":[7.2,12.8,12,13.6],"texture":"#coal_block"},"north":{"uv":[4,11.2,8.8,12],"texture":"#coal_block"},"south":{"uv":[7.2,11.2,12,12],"texture":"#coal_block"},"west":{"uv":[12.8,11.2,13.6,12],"texture":"#coal_block"},"east":{"uv":[2.4,11.2,3.2,12],"texture":"#coal_block"}}},{"__comment":"Voxels-7C5D21","from":[7.2,4,14.4],"to":[8,4.8,15.2],"faces":{"down":{"uv":[8.8,15.2,8,14.4],"texture":"#gold_block"},"up":{"uv":[7.2,14.4,8,15.2],"texture":"#gold_block"},"north":{"uv":[8,11.2,8.8,12],"texture":"#gold_block"},"south":{"uv":[7.2,11.2,8,12],"texture":"#gold_block"},"west":{"uv":[14.4,11.2,15.2,12],"texture":"#gold_block"},"east":{"uv":[0.8,11.2,1.6,12],"texture":"#gold_block"}}},{"__comment":"Voxels-212121","from":[7.2,4.8,3.2],"to":[8.8,5.6,4],"faces":{"down":{"uv":[8.8,4,7.2,3.2],"texture":"#coal_block"},"up":{"uv":[7.2,3.2,8.8,4],"texture":"#coal_block"},"north":{"uv":[7.2,10.4,8.8,11.2],"texture":"#coal_block"},"south":{"uv":[7.2,10.4,8.8,11.2],"texture":"#coal_block"},"west":{"uv":[3.2,10.4,4,11.2],"texture":"#coal_block"},"east":{"uv":[12,10.4,12.8,11.2],"texture":"#coal_block"}}},{"__comment":"Voxels-212121","from":[7.2,4.8,12.8],"to":[8.8,5.6,13.6],"faces":{"down":{"uv":[8.8,13.6,7.2,12.8],"texture":"#coal_block"},"up":{"uv":[7.2,12.8,8.8,13.6],"texture":"#coal_block"},"north":{"uv":[7.2,10.4,8.8,11.2],"texture":"#coal_block"},"south":{"uv":[7.2,10.4,8.8,11.2],"texture":"#coal_block"},"west":{"uv":[12.8,10.4,13.6,11.2],"texture":"#coal_block"},"east":{"uv":[2.4,10.4,3.2,11.2],"texture":"#coal_block"}}},{"__comment":"Voxels-7C5D21","from":[8,0.8,1.6],"to":[8.8,2.4,2.4],"faces":{"down":{"uv":[8,2.4,7.2,1.6],"texture":"#gold_block"},"up":{"uv":[8,1.6,8.8,2.4],"texture":"#gold_block"},"north":{"uv":[7.2,13.6,8,15.2],"texture":"#gold_block"},"south":{"uv":[8,13.6,8.8,15.2],"texture":"#gold_block"},"west":{"uv":[1.6,13.6,2.4,15.2],"texture":"#gold_block"},"east":{"uv":[13.6,13.6,14.4,15.2],"texture":"#gold_block"}}},{"__comment":"Voxels-7C5D21","from":[8,0.8,14.4],"to":[8.8,2.4,15.2],"faces":{"down":{"uv":[8,15.2,7.2,14.4],"texture":"#gold_block"},"up":{"uv":[8,14.4,8.8,15.2],"texture":"#gold_block"},"north":{"uv":[7.2,13.6,8,15.2],"texture":"#gold_block"},"south":{"uv":[8,13.6,8.8,15.2],"texture":"#gold_block"},"west":{"uv":[14.4,13.6,15.2,15.2],"texture":"#gold_block"},"east":{"uv":[0.8,13.6,1.6,15.2],"texture":"#gold_block"}}},{"__comment":"Voxels-7C5D21","from":[8,2.4,0.8],"to":[8.8,4.8,1.6],"faces":{"down":{"uv":[8,1.6,7.2,0.8],"texture":"#gold_block"},"up":{"uv":[8,0.8,8.8,1.6],"texture":"#gold_block"},"north":{"uv":[7.2,11.2,8,13.6],"texture":"#gold_block"},"south":{"uv":[8,11.2,8.8,13.6],"texture":"#gold_block"},"west":{"uv":[0.8,11.2,1.6,13.6],"texture":"#gold_block"},"east":{"uv":[14.4,11.2,15.2,13.6],"texture":"#gold_block"}}},{"__comment":"Voxels-7C5D21","from":[8,2.4,15.2],"to":[8.8,4.8,16],"faces":{"down":{"uv":[8,16,7.2,15.2],"texture":"#gold_block"},"up":{"uv":[8,15.2,8.8,16],"texture":"#gold_block"},"north":{"uv":[7.2,11.2,8,13.6],"texture":"#gold_block"},"south":{"uv":[8,11.2,8.8,13.6],"texture":"#gold_block"},"west":{"uv":[15.2,11.2,16,13.6],"texture":"#gold_block"},"east":{"uv":[0,11.2,0.8,13.6],"texture":"#gold_block"}}},{"__comment":"Voxels-212121","from":[8,3.2,2.4],"to":[8.8,4,3.2],"faces":{"down":{"uv":[8,3.2,7.2,2.4],"texture":"#coal_block"},"up":{"uv":[8,2.4,8.8,3.2],"texture":"#coal_block"},"north":{"uv":[7.2,12,8,12.8],"texture":"#coal_block"},"south":{"uv":[8,12,8.8,12.8],"texture":"#coal_block"},"west":{"uv":[2.4,12,3.2,12.8],"texture":"#coal_block"},"east":{"uv":[12.8,12,13.6,12.8],"texture":"#coal_block"}}},{"__comment":"Voxels-212121","from":[8,3.2,13.6],"to":[11.2,4,14.4],"faces":{"down":{"uv":[8,14.4,4.8,13.6],"texture":"#coal_block"},"up":{"uv":[8,13.6,11.2,14.4],"texture":"#coal_block"},"north":{"uv":[4.8,12,8,12.8],"texture":"#coal_block"},"south":{"uv":[8,12,11.2,12.8],"texture":"#coal_block"},"west":{"uv":[13.6,12,14.4,12.8],"texture":"#coal_block"},"east":{"uv":[1.6,12,2.4,12.8],"texture":"#coal_block"}}},{"__comment":"Voxels-212121","from":[8,4,1.6],"to":[8.8,4.8,2.4],"faces":{"down":{"uv":[8,2.4,7.2,1.6],"texture":"#coal_block"},"up":{"uv":[8,1.6,8.8,2.4],"texture":"#coal_block"},"north":{"uv":[7.2,11.2,8,12],"texture":"#coal_block"},"south":{"uv":[8,11.2,8.8,12],"texture":"#coal_block"},"west":{"uv":[1.6,11.2,2.4,12],"texture":"#coal_block"},"east":{"uv":[13.6,11.2,14.4,12],"texture":"#coal_block"}}},{"__comment":"Voxels-212121","from":[8,4,14.4],"to":[8.8,4.8,15.2],"faces":{"down":{"uv":[8,15.2,7.2,14.4],"texture":"#coal_block"},"up":{"uv":[8,14.4,8.8,15.2],"texture":"#coal_block"},"north":{"uv":[7.2,11.2,8,12],"texture":"#coal_block"},"south":{"uv":[8,11.2,8.8,12],"texture":"#coal_block"},"west":{"uv":[14.4,11.2,15.2,12],"texture":"#coal_block"},"east":{"uv":[0.8,11.2,1.6,12],"texture":"#coal_block"}}},{"__comment":"Voxels-212121","from":[8.8,5.6,5.6],"to":[12.8,6.4,6.4],"faces":{"down":{"uv":[7.2,6.4,3.2,5.6],"texture":"#coal_block"},"up":{"uv":[8.8,5.6,12.8,6.4],"texture":"#coal_block"},"north":{"uv":[3.2,9.6,7.2,10.4],"texture":"#coal_block"},"south":{"uv":[8.8,9.6,12.8,10.4],"texture":"#coal_block"},"west":{"uv":[5.6,9.6,6.4,10.4],"texture":"#coal_block"},"east":{"uv":[9.6,9.6,10.4,10.4],"texture":"#coal_block"}}},{"__comment":"Voxels-212121","from":[9.6,3.2,2.4],"to":[11.2,4,3.2],"faces":{"down":{"uv":[6.4,3.2,4.8,2.4],"texture":"#coal_block"},"up":{"uv":[9.6,2.4,11.2,3.2],"texture":"#coal_block"},"north":{"uv":[4.8,12,6.4,12.8],"texture":"#coal_block"},"south":{"uv":[9.6,12,11.2,12.8],"texture":"#coal_block"},"west":{"uv":[2.4,12,3.2,12.8],"texture":"#coal_block"},"east":{"uv":[12.8,12,13.6,12.8],"texture":"#coal_block"}}},{"__comment":"Voxels-7C5D21","from":[10.4,0.8,1.6],"to":[11.2,2.4,2.4],"faces":{"down":{"uv":[5.6,2.4,4.8,1.6],"texture":"#gold_block"},"up":{"uv":[10.4,1.6,11.2,2.4],"texture":"#gold_block"},"north":{"uv":[4.8,13.6,5.6,15.2],"texture":"#gold_block"},"south":{"uv":[10.4,13.6,11.2,15.2],"texture":"#gold_block"},"west":{"uv":[1.6,13.6,2.4,15.2],"texture":"#gold_block"},"east":{"uv":[13.6,13.6,14.4,15.2],"texture":"#gold_block"}}},{"__comment":"Voxels-7C5D21","from":[10.4,0.8,14.4],"to":[11.2,2.4,15.2],"faces":{"down":{"uv":[5.6,15.2,4.8,14.4],"texture":"#gold_block"},"up":{"uv":[10.4,14.4,11.2,15.2],"texture":"#gold_block"},"north":{"uv":[4.8,13.6,5.6,15.2],"texture":"#gold_block"},"south":{"uv":[10.4,13.6,11.2,15.2],"texture":"#gold_block"},"west":{"uv":[14.4,13.6,15.2,15.2],"texture":"#gold_block"},"east":{"uv":[0.8,13.6,1.6,15.2],"texture":"#gold_block"}}},{"__comment":"Voxels-7C5D21","from":[10.4,2.4,0.8],"to":[11.2,4.8,1.6],"faces":{"down":{"uv":[5.6,1.6,4.8,0.8],"texture":"#gold_block"},"up":{"uv":[10.4,0.8,11.2,1.6],"texture":"#gold_block"},"north":{"uv":[4.8,11.2,5.6,13.6],"texture":"#gold_block"},"south":{"uv":[10.4,11.2,11.2,13.6],"texture":"#gold_block"},"west":{"uv":[0.8,11.2,1.6,13.6],"texture":"#gold_block"},"east":{"uv":[14.4,11.2,15.2,13.6],"texture":"#gold_block"}}},{"__comment":"Voxels-212121","from":[10.4,2.4,1.6],"to":[12,4,2.4],"faces":{"down":{"uv":[5.6,2.4,4,1.6],"texture":"#coal_block"},"up":{"uv":[10.4,1.6,12,2.4],"texture":"#coal_block"},"north":{"uv":[4,12,5.6,13.6],"texture":"#coal_block"},"south":{"uv":[10.4,12,12,13.6],"texture":"#coal_block"},"west":{"uv":[1.6,12,2.4,13.6],"texture":"#coal_block"},"east":{"uv":[13.6,12,14.4,13.6],"texture":"#coal_block"}}},{"__comment":"Voxels-212121","from":[10.4,2.4,14.4],"to":[12,4,15.2],"faces":{"down":{"uv":[5.6,15.2,4,14.4],"texture":"#coal_block"},"up":{"uv":[10.4,14.4,12,15.2],"texture":"#coal_block"},"north":{"uv":[4,12,5.6,13.6],"texture":"#coal_block"},"south":{"uv":[10.4,12,12,13.6],"texture":"#coal_block"},"west":{"uv":[14.4,12,15.2,13.6],"texture":"#coal_block"},"east":{"uv":[0.8,12,1.6,13.6],"texture":"#coal_block"}}},{"__comment":"Voxels-7C5D21","from":[10.4,2.4,15.2],"to":[11.2,4.8,16],"faces":{"down":{"uv":[5.6,16,4.8,15.2],"texture":"#gold_block"},"up":{"uv":[10.4,15.2,11.2,16],"texture":"#gold_block"},"north":{"uv":[4.8,11.2,5.6,13.6],"texture":"#gold_block"},"south":{"uv":[10.4,11.2,11.2,13.6],"texture":"#gold_block"},"west":{"uv":[15.2,11.2,16,13.6],"texture":"#gold_block"},"east":{"uv":[0,11.2,0.8,13.6],"texture":"#gold_block"}}},{"__comment":"Voxels-212121","from":[10.4,4,1.6],"to":[11.2,4.8,2.4],"faces":{"down":{"uv":[5.6,2.4,4.8,1.6],"texture":"#coal_block"},"up":{"uv":[10.4,1.6,11.2,2.4],"texture":"#coal_block"},"north":{"uv":[4.8,11.2,5.6,12],"texture":"#coal_block"},"south":{"uv":[10.4,11.2,11.2,12],"texture":"#coal_block"},"west":{"uv":[1.6,11.2,2.4,12],"texture":"#coal_block"},"east":{"uv":[13.6,11.2,14.4,12],"texture":"#coal_block"}}},{"__comment":"Voxels-212121","from":[10.4,4,14.4],"to":[11.2,4.8,15.2],"faces":{"down":{"uv":[5.6,15.2,4.8,14.4],"texture":"#coal_block"},"up":{"uv":[10.4,14.4,11.2,15.2],"texture":"#coal_block"},"north":{"uv":[4.8,11.2,5.6,12],"texture":"#coal_block"},"south":{"uv":[10.4,11.2,11.2,12],"texture":"#coal_block"},"west":{"uv":[14.4,11.2,15.2,12],"texture":"#coal_block"},"east":{"uv":[0.8,11.2,1.6,12],"texture":"#coal_block"}}},{"__comment":"Voxels-212121","from":[10.4,4.8,3.2],"to":[12,5.6,4],"faces":{"down":{"uv":[5.6,4,4,3.2],"texture":"#coal_block"},"up":{"uv":[10.4,3.2,12,4],"texture":"#coal_block"},"north":{"uv":[4,10.4,5.6,11.2],"texture":"#coal_block"},"south":{"uv":[10.4,10.4,12,11.2],"texture":"#coal_block"},"west":{"uv":[3.2,10.4,4,11.2],"texture":"#coal_block"},"east":{"uv":[12,10.4,12.8,11.2],"texture":"#coal_block"}}},{"__comment":"Voxels-212121","from":[10.4,4.8,12.8],"to":[12,5.6,13.6],"faces":{"down":{"uv":[5.6,13.6,4,12.8],"texture":"#coal_block"},"up":{"uv":[10.4,12.8,12,13.6],"texture":"#coal_block"},"north":{"uv":[4,10.4,5.6,11.2],"texture":"#coal_block"},"south":{"uv":[10.4,10.4,12,11.2],"texture":"#coal_block"},"west":{"uv":[12.8,10.4,13.6,11.2],"texture":"#coal_block"},"east":{"uv":[2.4,10.4,3.2,11.2],"texture":"#coal_block"}}},{"__comment":"Voxels-212121","from":[10.4,5.6,4],"to":[12.8,6.4,5.6],"faces":{"down":{"uv":[5.6,5.6,3.2,4],"texture":"#coal_block"},"up":{"uv":[10.4,4,12.8,5.6],"texture":"#coal_block"},"north":{"uv":[3.2,9.6,5.6,10.4],"texture":"#coal_block"},"south":{"uv":[10.4,9.6,12.8,10.4],"texture":"#coal_block"},"west":{"uv":[4,9.6,5.6,10.4],"texture":"#coal_block"},"east":{"uv":[10.4,9.6,12,10.4],"texture":"#coal_block"}}},{"__comment":"Voxels-212121","from":[10.4,5.6,11.2],"to":[12.8,6.4,12.8],"faces":{"down":{"uv":[5.6,12.8,3.2,11.2],"texture":"#coal_block"},"up":{"uv":[10.4,11.2,12.8,12.8],"texture":"#coal_block"},"north":{"uv":[3.2,9.6,5.6,10.4],"texture":"#coal_block"},"south":{"uv":[10.4,9.6,12.8,10.4],"texture":"#coal_block"},"west":{"uv":[11.2,9.6,12.8,10.4],"texture":"#coal_block"},"east":{"uv":[3.2,9.6,4.8,10.4],"texture":"#coal_block"}}},{"__comment":"Voxels-212121","from":[10.4,6.4,5.6],"to":[13.6,7.2,11.2],"faces":{"down":{"uv":[5.6,11.2,2.4,5.6],"texture":"#coal_block"},"up":{"uv":[10.4,5.6,13.6,11.2],"texture":"#coal_block"},"north":{"uv":[2.4,8.8,5.6,9.6],"texture":"#coal_block"},"south":{"uv":[10.4,8.8,13.6,9.6],"texture":"#coal_block"},"west":{"uv":[5.6,8.8,11.2,9.6],"texture":"#coal_block"},"east":{"uv":[4.8,8.8,10.4,9.6],"texture":"#coal_block"}}},{"__comment":"Voxels-7C5D21","from":[11.2,3.2,2.4],"to":[12,4,3.2],"faces":{"down":{"uv":[4.8,3.2,4,2.4],"texture":"#gold_block"},"up":{"uv":[11.2,2.4,12,3.2],"texture":"#gold_block"},"north":{"uv":[4,12,4.8,12.8],"texture":"#gold_block"},"south":{"uv":[11.2,12,12,12.8],"texture":"#gold_block"},"west":{"uv":[2.4,12,3.2,12.8],"texture":"#gold_block"},"east":{"uv":[12.8,12,13.6,12.8],"texture":"#gold_block"}}},{"__comment":"Voxels-7C5D21","from":[11.2,3.2,13.6],"to":[12,4,14.4],"faces":{"down":{"uv":[4.8,14.4,4,13.6],"texture":"#gold_block"},"up":{"uv":[11.2,13.6,12,14.4],"texture":"#gold_block"},"north":{"uv":[4,12,4.8,12.8],"texture":"#gold_block"},"south":{"uv":[11.2,12,12,12.8],"texture":"#gold_block"},"west":{"uv":[13.6,12,14.4,12.8],"texture":"#gold_block"},"east":{"uv":[1.6,12,2.4,12.8],"texture":"#gold_block"}}},{"__comment":"Voxels-7C5D21","from":[11.2,4,1.6],"to":[12,4.8,2.4],"faces":{"down":{"uv":[4.8,2.4,4,1.6],"texture":"#gold_block"},"up":{"uv":[11.2,1.6,12,2.4],"texture":"#gold_block"},"north":{"uv":[4,11.2,4.8,12],"texture":"#gold_block"},"south":{"uv":[11.2,11.2,12,12],"texture":"#gold_block"},"west":{"uv":[1.6,11.2,2.4,12],"texture":"#gold_block"},"east":{"uv":[13.6,11.2,14.4,12],"texture":"#gold_block"}}},{"__comment":"Voxels-7C5D21","from":[11.2,4,14.4],"to":[12,4.8,15.2],"faces":{"down":{"uv":[4.8,15.2,4,14.4],"texture":"#gold_block"},"up":{"uv":[11.2,14.4,12,15.2],"texture":"#gold_block"},"north":{"uv":[4,11.2,4.8,12],"texture":"#gold_block"},"south":{"uv":[11.2,11.2,12,12],"texture":"#gold_block"},"west":{"uv":[14.4,11.2,15.2,12],"texture":"#gold_block"},"east":{"uv":[0.8,11.2,1.6,12],"texture":"#gold_block"}}},{"__comment":"Voxels-7C5D21","from":[12,4,3.2],"to":[12.8,5.6,4],"faces":{"down":{"uv":[4,4,3.2,3.2],"texture":"#gold_block"},"up":{"uv":[12,3.2,12.8,4],"texture":"#gold_block"},"north":{"uv":[3.2,10.4,4,12],"texture":"#gold_block"},"south":{"uv":[12,10.4,12.8,12],"texture":"#gold_block"},"west":{"uv":[3.2,10.4,4,12],"texture":"#gold_block"},"east":{"uv":[12,10.4,12.8,12],"texture":"#gold_block"}}},{"__comment":"Voxels-7C5D21","from":[12,4,12.8],"to":[12.8,5.6,13.6],"faces":{"down":{"uv":[4,13.6,3.2,12.8],"texture":"#gold_block"},"up":{"uv":[12,12.8,12.8,13.6],"texture":"#gold_block"},"north":{"uv":[3.2,10.4,4,12],"texture":"#gold_block"},"south":{"uv":[12,10.4,12.8,12],"texture":"#gold_block"},"west":{"uv":[12.8,10.4,13.6,12],"texture":"#gold_block"},"east":{"uv":[2.4,10.4,3.2,12],"texture":"#gold_block"}}},{"__comment":"Voxels-BABABA","from":[12.8,1.6,4.8],"to":[13.6,3.2,5.6],"faces":{"down":{"uv":[3.2,5.6,2.4,4.8],"texture":"#iron_block"},"up":{"uv":[12.8,4.8,13.6,5.6],"texture":"#iron_block"},"north":{"uv":[2.4,12.8,3.2,14.4],"texture":"#iron_block"},"south":{"uv":[12.8,12.8,13.6,14.4],"texture":"#iron_block"},"west":{"uv":[4.8,12.8,5.6,14.4],"texture":"#iron_block"},"east":{"uv":[10.4,12.8,11.2,14.4],"texture":"#iron_block"}}},{"__comment":"Voxels-212121","from":[12.8,1.6,5.6],"to":[13.6,2.4,6.4],"faces":{"down":{"uv":[3.2,6.4,2.4,5.6],"texture":"#coal_block"},"up":{"uv":[12.8,5.6,13.6,6.4],"texture":"#coal_block"},"north":{"uv":[2.4,13.6,3.2,14.4],"texture":"#coal_block"},"south":{"uv":[12.8,13.6,13.6,14.4],"texture":"#coal_block"},"west":{"uv":[5.6,13.6,6.4,14.4],"texture":"#coal_block"},"east":{"uv":[9.6,13.6,10.4,14.4],"texture":"#coal_block"}}},{"__comment":"Voxels-BABABA","from":[12.8,1.6,11.2],"to":[13.6,3.2,12],"faces":{"down":{"uv":[3.2,12,2.4,11.2],"texture":"#iron_block"},"up":{"uv":[12.8,11.2,13.6,12],"texture":"#iron_block"},"north":{"uv":[2.4,12.8,3.2,14.4],"texture":"#iron_block"},"south":{"uv":[12.8,12.8,13.6,14.4],"texture":"#iron_block"},"west":{"uv":[11.2,12.8,12,14.4],"texture":"#iron_block"},"east":{"uv":[4,12.8,4.8,14.4],"texture":"#iron_block"}}},{"__comment":"Voxels-212121","from":[12.8,1.6,12],"to":[13.6,5.6,12.8],"faces":{"down":{"uv":[3.2,12.8,2.4,12],"texture":"#coal_block"},"up":{"uv":[12.8,12,13.6,12.8],"texture":"#coal_block"},"north":{"uv":[2.4,10.4,3.2,14.4],"texture":"#coal_block"},"south":{"uv":[12.8,10.4,13.6,14.4],"texture":"#coal_block"},"west":{"uv":[12,10.4,12.8,14.4],"texture":"#coal_block"},"east":{"uv":[3.2,10.4,4,14.4],"texture":"#coal_block"}}},{"__comment":"Voxels-BABABA","from":[12.8,2.4,5.6],"to":[13.6,3.2,6.4],"faces":{"down":{"uv":[3.2,6.4,2.4,5.6],"texture":"#iron_block"},"up":{"uv":[12.8,5.6,13.6,6.4],"texture":"#iron_block"},"north":{"uv":[2.4,12.8,3.2,13.6],"texture":"#iron_block"},"south":{"uv":[12.8,12.8,13.6,13.6],"texture":"#iron_block"},"west":{"uv":[5.6,12.8,6.4,13.6],"texture":"#iron_block"},"east":{"uv":[9.6,12.8,10.4,13.6],"texture":"#iron_block"}}},{"__comment":"Voxels-BABABA","from":[12.8,2.4,10.4],"to":[13.6,3.2,11.2],"faces":{"down":{"uv":[3.2,11.2,2.4,10.4],"texture":"#iron_block"},"up":{"uv":[12.8,10.4,13.6,11.2],"texture":"#iron_block"},"north":{"uv":[2.4,12.8,3.2,13.6],"texture":"#iron_block"},"south":{"uv":[12.8,12.8,13.6,13.6],"texture":"#iron_block"},"west":{"uv":[10.4,12.8,11.2,13.6],"texture":"#iron_block"},"east":{"uv":[4.8,12.8,5.6,13.6],"texture":"#iron_block"}}},{"__comment":"Voxels-212121","from":[12.8,3.2,4.8],"to":[13.6,5.6,5.6],"faces":{"down":{"uv":[3.2,5.6,2.4,4.8],"texture":"#coal_block"},"up":{"uv":[12.8,4.8,13.6,5.6],"texture":"#coal_block"},"north":{"uv":[2.4,10.4,3.2,12.8],"texture":"#coal_block"},"south":{"uv":[12.8,10.4,13.6,12.8],"texture":"#coal_block"},"west":{"uv":[4.8,10.4,5.6,12.8],"texture":"#coal_block"},"east":{"uv":[10.4,10.4,11.2,12.8],"texture":"#coal_block"}}},{"__comment":"Voxels-212121","from":[12.8,3.2,5.6],"to":[13.6,4.8,6.4],"faces":{"down":{"uv":[3.2,6.4,2.4,5.6],"texture":"#coal_block"},"up":{"uv":[12.8,5.6,13.6,6.4],"texture":"#coal_block"},"north":{"uv":[2.4,11.2,3.2,12.8],"texture":"#coal_block"},"south":{"uv":[12.8,11.2,13.6,12.8],"texture":"#coal_block"},"west":{"uv":[5.6,11.2,6.4,12.8],"texture":"#coal_block"},"east":{"uv":[9.6,11.2,10.4,12.8],"texture":"#coal_block"}}},{"__comment":"Voxels-212121","from":[12.8,3.2,10.4],"to":[13.6,4.8,12],"faces":{"down":{"uv":[3.2,12,2.4,10.4],"texture":"#coal_block"},"up":{"uv":[12.8,10.4,13.6,12],"texture":"#coal_block"},"north":{"uv":[2.4,11.2,3.2,12.8],"texture":"#coal_block"},"south":{"uv":[12.8,11.2,13.6,12.8],"texture":"#coal_block"},"west":{"uv":[10.4,11.2,12,12.8],"texture":"#coal_block"},"east":{"uv":[4,11.2,5.6,12.8],"texture":"#coal_block"}}},{"__comment":"Voxels-BABABA","from":[12.8,4.8,5.6],"to":[13.6,6.4,6.4],"faces":{"down":{"uv":[3.2,6.4,2.4,5.6],"texture":"#iron_block"},"up":{"uv":[12.8,5.6,13.6,6.4],"texture":"#iron_block"},"north":{"uv":[2.4,9.6,3.2,11.2],"texture":"#iron_block"},"south":{"uv":[12.8,9.6,13.6,11.2],"texture":"#iron_block"},"west":{"uv":[5.6,9.6,6.4,11.2],"texture":"#iron_block"},"east":{"uv":[9.6,9.6,10.4,11.2],"texture":"#iron_block"}}},{"__comment":"Voxels-BABABA","from":[12.8,4.8,10.4],"to":[13.6,6.4,11.2],"faces":{"down":{"uv":[3.2,11.2,2.4,10.4],"texture":"#iron_block"},"up":{"uv":[12.8,10.4,13.6,11.2],"texture":"#iron_block"},"north":{"uv":[2.4,9.6,3.2,11.2],"texture":"#iron_block"},"south":{"uv":[12.8,9.6,13.6,11.2],"texture":"#iron_block"},"west":{"uv":[10.4,9.6,11.2,11.2],"texture":"#iron_block"},"east":{"uv":[4.8,9.6,5.6,11.2],"texture":"#iron_block"}}},{"__comment":"Voxels-212121","from":[12.8,4.8,11.2],"to":[13.6,5.6,12],"faces":{"down":{"uv":[3.2,12,2.4,11.2],"texture":"#coal_block"},"up":{"uv":[12.8,11.2,13.6,12],"texture":"#coal_block"},"north":{"uv":[2.4,10.4,3.2,11.2],"texture":"#coal_block"},"south":{"uv":[12.8,10.4,13.6,11.2],"texture":"#coal_block"},"west":{"uv":[11.2,10.4,12,11.2],"texture":"#coal_block"},"east":{"uv":[4,10.4,4.8,11.2],"texture":"#coal_block"}}},{"__comment":"Voxels-7C5D21","from":[12.8,5.6,4],"to":[13.6,7.2,4.8],"faces":{"down":{"uv":[3.2,4.8,2.4,4],"texture":"#gold_block"},"up":{"uv":[12.8,4,13.6,4.8],"texture":"#gold_block"},"north":{"uv":[2.4,8.8,3.2,10.4],"texture":"#gold_block"},"south":{"uv":[12.8,8.8,13.6,10.4],"texture":"#gold_block"},"west":{"uv":[4,8.8,4.8,10.4],"texture":"#gold_block"},"east":{"uv":[11.2,8.8,12,10.4],"texture":"#gold_block"}}},{"__comment":"Voxels-BABABA","from":[12.8,5.6,4.8],"to":[13.6,6.4,5.6],"faces":{"down":{"uv":[3.2,5.6,2.4,4.8],"texture":"#iron_block"},"up":{"uv":[12.8,4.8,13.6,5.6],"texture":"#iron_block"},"north":{"uv":[2.4,9.6,3.2,10.4],"texture":"#iron_block"},"south":{"uv":[12.8,9.6,13.6,10.4],"texture":"#iron_block"},"west":{"uv":[4.8,9.6,5.6,10.4],"texture":"#iron_block"},"east":{"uv":[10.4,9.6,11.2,10.4],"texture":"#iron_block"}}},{"__comment":"Voxels-BABABA","from":[12.8,5.6,11.2],"to":[13.6,6.4,12],"faces":{"down":{"uv":[3.2,12,2.4,11.2],"texture":"#iron_block"},"up":{"uv":[12.8,11.2,13.6,12],"texture":"#iron_block"},"north":{"uv":[2.4,9.6,3.2,10.4],"texture":"#iron_block"},"south":{"uv":[12.8,9.6,13.6,10.4],"texture":"#iron_block"},"west":{"uv":[11.2,9.6,12,10.4],"texture":"#iron_block"},"east":{"uv":[4,9.6,4.8,10.4],"texture":"#iron_block"}}},{"__comment":"Voxels-7C5D21","from":[12.8,5.6,12],"to":[13.6,7.2,12.8],"faces":{"down":{"uv":[3.2,12.8,2.4,12],"texture":"#gold_block"},"up":{"uv":[12.8,12,13.6,12.8],"texture":"#gold_block"},"north":{"uv":[2.4,8.8,3.2,10.4],"texture":"#gold_block"},"south":{"uv":[12.8,8.8,13.6,10.4],"texture":"#gold_block"},"west":{"uv":[12,8.8,12.8,10.4],"texture":"#gold_block"},"east":{"uv":[3.2,8.8,4,10.4],"texture":"#gold_block"}}},{"__comment":"Voxels-7C5D21","from":[12.8,6.4,4.8],"to":[13.6,7.2,5.6],"faces":{"down":{"uv":[3.2,5.6,2.4,4.8],"texture":"#gold_block"},"up":{"uv":[12.8,4.8,13.6,5.6],"texture":"#gold_block"},"north":{"uv":[2.4,8.8,3.2,9.6],"texture":"#gold_block"},"south":{"uv":[12.8,8.8,13.6,9.6],"texture":"#gold_block"},"west":{"uv":[4.8,8.8,5.6,9.6],"texture":"#gold_block"},"east":{"uv":[10.4,8.8,11.2,9.6],"texture":"#gold_block"}}},{"__comment":"Voxels-7C5D21","from":[12.8,6.4,11.2],"to":[13.6,7.2,12],"faces":{"down":{"uv":[3.2,12,2.4,11.2],"texture":"#gold_block"},"up":{"uv":[12.8,11.2,13.6,12],"texture":"#gold_block"},"north":{"uv":[2.4,8.8,3.2,9.6],"texture":"#gold_block"},"south":{"uv":[12.8,8.8,13.6,9.6],"texture":"#gold_block"},"west":{"uv":[11.2,8.8,12,9.6],"texture":"#gold_block"},"east":{"uv":[4,8.8,4.8,9.6],"texture":"#gold_block"}}},{"__comment":"Voxels-7C5D21","from":[12.8,7.2,5.6],"to":[13.6,8,6.4],"faces":{"down":{"uv":[3.2,6.4,2.4,5.6],"texture":"#gold_block"},"up":{"uv":[12.8,5.6,13.6,6.4],"texture":"#gold_block"},"north":{"uv":[2.4,8,3.2,8.8],"texture":"#gold_block"},"south":{"uv":[12.8,8,13.6,8.8],"texture":"#gold_block"},"west":{"uv":[5.6,8,6.4,8.8],"texture":"#gold_block"},"east":{"uv":[9.6,8,10.4,8.8],"texture":"#gold_block"}}},{"__comment":"Voxels-7C5D21","from":[12.8,7.2,10.4],"to":[13.6,8,11.2],"faces":{"down":{"uv":[3.2,11.2,2.4,10.4],"texture":"#gold_block"},"up":{"uv":[12.8,10.4,13.6,11.2],"texture":"#gold_block"},"north":{"uv":[2.4,8,3.2,8.8],"texture":"#gold_block"},"south":{"uv":[12.8,8,13.6,8.8],"texture":"#gold_block"},"west":{"uv":[10.4,8,11.2,8.8],"texture":"#gold_block"},"east":{"uv":[4.8,8,5.6,8.8],"texture":"#gold_block"}}},{"__comment":"Voxels-BABABA","from":[13.6,2.4,7.2],"to":[14.4,4,8],"faces":{"down":{"uv":[2.4,8,1.6,7.2],"texture":"#iron_block"},"up":{"uv":[13.6,7.2,14.4,8],"texture":"#iron_block"},"north":{"uv":[1.6,12,2.4,13.6],"texture":"#iron_block"},"south":{"uv":[13.6,12,14.4,13.6],"texture":"#iron_block"},"west":{"uv":[7.2,12,8,13.6],"texture":"#iron_block"},"east":{"uv":[8,12,8.8,13.6],"texture":"#iron_block"}}},{"__comment":"Voxels-212121","from":[13.6,2.4,8],"to":[14.4,3.2,8.8],"faces":{"down":{"uv":[2.4,8.8,1.6,8],"texture":"#coal_block"},"up":{"uv":[13.6,8,14.4,8.8],"texture":"#coal_block"},"north":{"uv":[1.6,12.8,2.4,13.6],"texture":"#coal_block"},"south":{"uv":[13.6,12.8,14.4,13.6],"texture":"#coal_block"},"west":{"uv":[8,12.8,8.8,13.6],"texture":"#coal_block"},"east":{"uv":[7.2,12.8,8,13.6],"texture":"#coal_block"}}},{"__comment":"Voxels-BABABA","from":[13.6,2.4,8.8],"to":[14.4,4,9.6],"faces":{"down":{"uv":[2.4,9.6,1.6,8.8],"texture":"#iron_block"},"up":{"uv":[13.6,8.8,14.4,9.6],"texture":"#iron_block"},"north":{"uv":[1.6,12,2.4,13.6],"texture":"#iron_block"},"south":{"uv":[13.6,12,14.4,13.6],"texture":"#iron_block"},"west":{"uv":[8.8,12,9.6,13.6],"texture":"#iron_block"},"east":{"uv":[6.4,12,7.2,13.6],"texture":"#iron_block"}}},{"__comment":"Voxels-212121","from":[13.6,2.4,9.6],"to":[14.4,3.2,10.4],"faces":{"down":{"uv":[2.4,10.4,1.6,9.6],"texture":"#coal_block"},"up":{"uv":[13.6,9.6,14.4,10.4],"texture":"#coal_block"},"north":{"uv":[1.6,12.8,2.4,13.6],"texture":"#coal_block"},"south":{"uv":[13.6,12.8,14.4,13.6],"texture":"#coal_block"},"west":{"uv":[9.6,12.8,10.4,13.6],"texture":"#coal_block"},"east":{"uv":[5.6,12.8,6.4,13.6],"texture":"#coal_block"}}},{"__comment":"Voxels-BABABA","from":[13.6,3.2,6.4],"to":[14.4,5.6,7.2],"faces":{"down":{"uv":[2.4,7.2,1.6,6.4],"texture":"#iron_block"},"up":{"uv":[13.6,6.4,14.4,7.2],"texture":"#iron_block"},"north":{"uv":[1.6,10.4,2.4,12.8],"texture":"#iron_block"},"south":{"uv":[13.6,10.4,14.4,12.8],"texture":"#iron_block"},"west":{"uv":[6.4,10.4,7.2,12.8],"texture":"#iron_block"},"east":{"uv":[8.8,10.4,9.6,12.8],"texture":"#iron_block"}}},{"__comment":"Voxels-BABABA","from":[13.6,3.2,8],"to":[14.4,6.4,8.8],"faces":{"down":{"uv":[2.4,8.8,1.6,8],"texture":"#iron_block"},"up":{"uv":[13.6,8,14.4,8.8],"texture":"#iron_block"},"north":{"uv":[1.6,9.6,2.4,12.8],"texture":"#iron_block"},"south":{"uv":[13.6,9.6,14.4,12.8],"texture":"#iron_block"},"west":{"uv":[8,9.6,8.8,12.8],"texture":"#iron_block"},"east":{"uv":[7.2,9.6,8,12.8],"texture":"#iron_block"}}},{"__comment":"Voxels-BABABA","from":[13.6,3.2,9.6],"to":[14.4,5.6,10.4],"faces":{"down":{"uv":[2.4,10.4,1.6,9.6],"texture":"#iron_block"},"up":{"uv":[13.6,9.6,14.4,10.4],"texture":"#iron_block"},"north":{"uv":[1.6,10.4,2.4,12.8],"texture":"#iron_block"},"south":{"uv":[13.6,10.4,14.4,12.8],"texture":"#iron_block"},"west":{"uv":[9.6,10.4,10.4,12.8],"texture":"#iron_block"},"east":{"uv":[5.6,10.4,6.4,12.8],"texture":"#iron_block"}}},{"__comment":"Voxels-212121","from":[13.6,4,7.2],"to":[14.4,5.6,8],"faces":{"down":{"uv":[2.4,8,1.6,7.2],"texture":"#coal_block"},"up":{"uv":[13.6,7.2,14.4,8],"texture":"#coal_block"},"north":{"uv":[1.6,10.4,2.4,12],"texture":"#coal_block"},"south":{"uv":[13.6,10.4,14.4,12],"texture":"#coal_block"},"west":{"uv":[7.2,10.4,8,12],"texture":"#coal_block"},"east":{"uv":[8,10.4,8.8,12],"texture":"#coal_block"}}},{"__comment":"Voxels-212121","from":[13.6,4,8.8],"to":[14.4,5.6,9.6],"faces":{"down":{"uv":[2.4,9.6,1.6,8.8],"texture":"#coal_block"},"up":{"uv":[13.6,8.8,14.4,9.6],"texture":"#coal_block"},"north":{"uv":[1.6,10.4,2.4,12],"texture":"#coal_block"},"south":{"uv":[13.6,10.4,14.4,12],"texture":"#coal_block"},"west":{"uv":[8.8,10.4,9.6,12],"texture":"#coal_block"},"east":{"uv":[6.4,10.4,7.2,12],"texture":"#coal_block"}}},{"__comment":"Voxels-212121","from":[13.6,5.6,6.4],"to":[14.4,7.2,7.2],"faces":{"down":{"uv":[2.4,7.2,1.6,6.4],"texture":"#coal_block"},"up":{"uv":[13.6,6.4,14.4,7.2],"texture":"#coal_block"},"north":{"uv":[1.6,8.8,2.4,10.4],"texture":"#coal_block"},"south":{"uv":[13.6,8.8,14.4,10.4],"texture":"#coal_block"},"west":{"uv":[6.4,8.8,7.2,10.4],"texture":"#coal_block"},"east":{"uv":[8.8,8.8,9.6,10.4],"texture":"#coal_block"}}},{"__comment":"Voxels-BABABA","from":[13.6,5.6,7.2],"to":[14.4,6.4,8],"faces":{"down":{"uv":[2.4,8,1.6,7.2],"texture":"#iron_block"},"up":{"uv":[13.6,7.2,14.4,8],"texture":"#iron_block"},"north":{"uv":[1.6,9.6,2.4,10.4],"texture":"#iron_block"},"south":{"uv":[13.6,9.6,14.4,10.4],"texture":"#iron_block"},"west":{"uv":[7.2,9.6,8,10.4],"texture":"#iron_block"},"east":{"uv":[8,9.6,8.8,10.4],"texture":"#iron_block"}}},{"__comment":"Voxels-BABABA","from":[13.6,5.6,8.8],"to":[14.4,6.4,9.6],"faces":{"down":{"uv":[2.4,9.6,1.6,8.8],"texture":"#iron_block"},"up":{"uv":[13.6,8.8,14.4,9.6],"texture":"#iron_block"},"north":{"uv":[1.6,9.6,2.4,10.4],"texture":"#iron_block"},"south":{"uv":[13.6,9.6,14.4,10.4],"texture":"#iron_block"},"west":{"uv":[8.8,9.6,9.6,10.4],"texture":"#iron_block"},"east":{"uv":[6.4,9.6,7.2,10.4],"texture":"#iron_block"}}},{"__comment":"Voxels-212121","from":[13.6,5.6,9.6],"to":[14.4,7.2,10.4],"faces":{"down":{"uv":[2.4,10.4,1.6,9.6],"texture":"#coal_block"},"up":{"uv":[13.6,9.6,14.4,10.4],"texture":"#coal_block"},"north":{"uv":[1.6,8.8,2.4,10.4],"texture":"#coal_block"},"south":{"uv":[13.6,8.8,14.4,10.4],"texture":"#coal_block"},"west":{"uv":[9.6,8.8,10.4,10.4],"texture":"#coal_block"},"east":{"uv":[5.6,8.8,6.4,10.4],"texture":"#coal_block"}}},{"__comment":"Voxels-212121","from":[13.6,6.4,7.2],"to":[14.4,7.2,9.6],"faces":{"down":{"uv":[2.4,9.6,1.6,7.2],"texture":"#coal_block"},"up":{"uv":[13.6,7.2,14.4,9.6],"texture":"#coal_block"},"north":{"uv":[1.6,8.8,2.4,9.6],"texture":"#coal_block"},"south":{"uv":[13.6,8.8,14.4,9.6],"texture":"#coal_block"},"west":{"uv":[7.2,8.8,9.6,9.6],"texture":"#coal_block"},"east":{"uv":[6.4,8.8,8.8,9.6],"texture":"#coal_block"}}},{"__comment":"Voxels-7C5D21","from":[13.6,7.2,6.4],"to":[14.4,8,10.4],"faces":{"down":{"uv":[2.4,10.4,1.6,6.4],"texture":"#gold_block"},"up":{"uv":[13.6,6.4,14.4,10.4],"texture":"#gold_block"},"north":{"uv":[1.6,8,2.4,8.8],"texture":"#gold_block"},"south":{"uv":[13.6,8,14.4,8.8],"texture":"#gold_block"},"west":{"uv":[6.4,8,10.4,8.8],"texture":"#gold_block"},"east":{"uv":[5.6,8,9.6,8.8],"texture":"#gold_block"}}}],"display":{"gui":{"rotation":[21,-130,0],"translation":[1.3913,2.0869,14.608]},"head":{"rotation":[0,90,0],"translation":[-0.5,17.304,2.7826],"scale":[1.9,1.9,1.9]}}}