{"__comment":"Designed by RamonaSkye with Cubik Studio - https://cubik.studio","textures":{"particle":"block/e_particle","texture":"block/e_texture","Voxel-AAAAAA":"block/iron_block","Voxel-877000":"block/brown_wool"},"elements":[{"__comment":"Voxel-AAAAAA","from":[6,11.5,7.5],"to":[6.5,12,8],"faces":{"down":{"uv":[6,8,6.5,8.5],"texture":"#Voxel-AAAAAA"},"up":{"uv":[6,7.5,6.5,8],"texture":"#Voxel-AAAAAA"},"north":{"uv":[9.5,4,10,4.5],"texture":"#Voxel-AAAAAA"},"south":{"uv":[6,4,6.5,4.5],"texture":"#Voxel-AAAAAA"},"west":{"uv":[7.5,4,8,4.5],"texture":"#Voxel-AAAAAA"},"east":{"uv":[8,4,8.5,4.5],"texture":"#Voxel-AAAAAA"}}},{"__comment":"Voxel-AAAAAA","from":[6,11.5,8],"to":[6.5,12,8.5],"faces":{"down":{"uv":[6,7.5,6.5,8],"texture":"#Voxel-AAAAAA"},"up":{"uv":[6,8,6.5,8.5],"texture":"#Voxel-AAAAAA"},"north":{"uv":[9.5,4,10,4.5],"texture":"#Voxel-AAAAAA"},"south":{"uv":[6,4,6.5,4.5],"texture":"#Voxel-AAAAAA"},"west":{"uv":[8,4,8.5,4.5],"texture":"#Voxel-AAAAAA"},"east":{"uv":[7.5,4,8,4.5],"texture":"#Voxel-AAAAAA"}}},{"__comment":"Voxel-AAAAAA","from":[6,12,7.5],"to":[6.5,12.5,8],"faces":{"down":{"uv":[6,8,6.5,8.5],"texture":"#Voxel-AAAAAA"},"up":{"uv":[6,7.5,6.5,8],"texture":"#Voxel-AAAAAA"},"north":{"uv":[9.5,3.5,10,4],"texture":"#Voxel-AAAAAA"},"south":{"uv":[6,3.5,6.5,4],"texture":"#Voxel-AAAAAA"},"west":{"uv":[7.5,3.5,8,4],"texture":"#Voxel-AAAAAA"},"east":{"uv":[8,3.5,8.5,4],"texture":"#Voxel-AAAAAA"}}},{"__comment":"Voxel-AAAAAA","from":[6,12,8],"to":[6.5,12.5,8.5],"faces":{"down":{"uv":[6,7.5,6.5,8],"texture":"#Voxel-AAAAAA"},"up":{"uv":[6,8,6.5,8.5],"texture":"#Voxel-AAAAAA"},"north":{"uv":[9.5,3.5,10,4],"texture":"#Voxel-AAAAAA"},"south":{"uv":[6,3.5,6.5,4],"texture":"#Voxel-AAAAAA"},"west":{"uv":[8,3.5,8.5,4],"texture":"#Voxel-AAAAAA"},"east":{"uv":[7.5,3.5,8,4],"texture":"#Voxel-AAAAAA"}}},{"__comment":"Voxel-AAAAAA","from":[6,12.5,7.5],"to":[6.5,13,8],"faces":{"down":{"uv":[6,8,6.5,8.5],"texture":"#Voxel-AAAAAA"},"up":{"uv":[6,7.5,6.5,8],"texture":"#Voxel-AAAAAA"},"north":{"uv":[9.5,3,10,3.5],"texture":"#Voxel-AAAAAA"},"south":{"uv":[6,3,6.5,3.5],"texture":"#Voxel-AAAAAA"},"west":{"uv":[7.5,3,8,3.5],"texture":"#Voxel-AAAAAA"},"east":{"uv":[8,3,8.5,3.5],"texture":"#Voxel-AAAAAA"}}},{"__comment":"Voxel-AAAAAA","from":[6,12.5,8],"to":[6.5,13,8.5],"faces":{"down":{"uv":[6,7.5,6.5,8],"texture":"#Voxel-AAAAAA"},"up":{"uv":[6,8,6.5,8.5],"texture":"#Voxel-AAAAAA"},"north":{"uv":[9.5,3,10,3.5],"texture":"#Voxel-AAAAAA"},"south":{"uv":[6,3,6.5,3.5],"texture":"#Voxel-AAAAAA"},"west":{"uv":[8,3,8.5,3.5],"texture":"#Voxel-AAAAAA"},"east":{"uv":[7.5,3,8,3.5],"texture":"#Voxel-AAAAAA"}}},{"__comment":"Voxel-AAAAAA","from":[6,13,7.5],"to":[6.5,13.5,8],"faces":{"down":{"uv":[6,8,6.5,8.5],"texture":"#Voxel-AAAAAA"},"up":{"uv":[6,7.5,6.5,8],"texture":"#Voxel-AAAAAA"},"north":{"uv":[9.5,2.5,10,3],"texture":"#Voxel-AAAAAA"},"south":{"uv":[6,2.5,6.5,3],"texture":"#Voxel-AAAAAA"},"west":{"uv":[7.5,2.5,8,3],"texture":"#Voxel-AAAAAA"},"east":{"uv":[8,2.5,8.5,3],"texture":"#Voxel-AAAAAA"}}},{"__comment":"Voxel-AAAAAA","from":[6,13,8],"to":[6.5,13.5,8.5],"faces":{"down":{"uv":[6,7.5,6.5,8],"texture":"#Voxel-AAAAAA"},"up":{"uv":[6,8,6.5,8.5],"texture":"#Voxel-AAAAAA"},"north":{"uv":[9.5,2.5,10,3],"texture":"#Voxel-AAAAAA"},"south":{"uv":[6,2.5,6.5,3],"texture":"#Voxel-AAAAAA"},"west":{"uv":[8,2.5,8.5,3],"texture":"#Voxel-AAAAAA"},"east":{"uv":[7.5,2.5,8,3],"texture":"#Voxel-AAAAAA"}}},{"__comment":"Voxel-AAAAAA","from":[6,13.5,7.5],"to":[6.5,14,8],"faces":{"down":{"uv":[6,8,6.5,8.5],"texture":"#Voxel-AAAAAA"},"up":{"uv":[6,7.5,6.5,8],"texture":"#Voxel-AAAAAA"},"north":{"uv":[9.5,2,10,2.5],"texture":"#Voxel-AAAAAA"},"south":{"uv":[6,2,6.5,2.5],"texture":"#Voxel-AAAAAA"},"west":{"uv":[7.5,2,8,2.5],"texture":"#Voxel-AAAAAA"},"east":{"uv":[8,2,8.5,2.5],"texture":"#Voxel-AAAAAA"}}},{"__comment":"Voxel-AAAAAA","from":[6,13.5,8],"to":[6.5,14,8.5],"faces":{"down":{"uv":[6,7.5,6.5,8],"texture":"#Voxel-AAAAAA"},"up":{"uv":[6,8,6.5,8.5],"texture":"#Voxel-AAAAAA"},"north":{"uv":[9.5,2,10,2.5],"texture":"#Voxel-AAAAAA"},"south":{"uv":[6,2,6.5,2.5],"texture":"#Voxel-AAAAAA"},"west":{"uv":[8,2,8.5,2.5],"texture":"#Voxel-AAAAAA"},"east":{"uv":[7.5,2,8,2.5],"texture":"#Voxel-AAAAAA"}}},{"__comment":"Voxel-AAAAAA","from":[6,14,8],"to":[6.5,14.5,8.5],"faces":{"down":{"uv":[6,7.5,6.5,8],"texture":"#Voxel-AAAAAA"},"up":{"uv":[6,8,6.5,8.5],"texture":"#Voxel-AAAAAA"},"north":{"uv":[9.5,1.5,10,2],"texture":"#Voxel-AAAAAA"},"south":{"uv":[6,1.5,6.5,2],"texture":"#Voxel-AAAAAA"},"west":{"uv":[8,1.5,8.5,2],"texture":"#Voxel-AAAAAA"},"east":{"uv":[7.5,1.5,8,2],"texture":"#Voxel-AAAAAA"}}},{"__comment":"Voxel-AAAAAA","from":[6,14.5,8],"to":[6.5,15,8.5],"faces":{"down":{"uv":[6,7.5,6.5,8],"texture":"#Voxel-AAAAAA"},"up":{"uv":[6,8,6.5,8.5],"texture":"#Voxel-AAAAAA"},"north":{"uv":[9.5,1,10,1.5],"texture":"#Voxel-AAAAAA"},"south":{"uv":[6,1,6.5,1.5],"texture":"#Voxel-AAAAAA"},"west":{"uv":[8,1,8.5,1.5],"texture":"#Voxel-AAAAAA"},"east":{"uv":[7.5,1,8,1.5],"texture":"#Voxel-AAAAAA"}}},{"__comment":"Voxel-AAAAAA","from":[6,15,8],"to":[6.5,15.5,8.5],"faces":{"down":{"uv":[6,7.5,6.5,8],"texture":"#Voxel-AAAAAA"},"up":{"uv":[6,8,6.5,8.5],"texture":"#Voxel-AAAAAA"},"north":{"uv":[9.5,0.5,10,1],"texture":"#Voxel-AAAAAA"},"south":{"uv":[6,0.5,6.5,1],"texture":"#Voxel-AAAAAA"},"west":{"uv":[8,0.5,8.5,1],"texture":"#Voxel-AAAAAA"},"east":{"uv":[7.5,0.5,8,1],"texture":"#Voxel-AAAAAA"}}},{"__comment":"Voxel-AAAAAA","from":[6.5,11,7.5],"to":[7,11.5,8],"faces":{"down":{"uv":[6.5,8,7,8.5],"texture":"#Voxel-AAAAAA"},"up":{"uv":[6.5,7.5,7,8],"texture":"#Voxel-AAAAAA"},"north":{"uv":[9,4.5,9.5,5],"texture":"#Voxel-AAAAAA"},"south":{"uv":[6.5,4.5,7,5],"texture":"#Voxel-AAAAAA"},"west":{"uv":[7.5,4.5,8,5],"texture":"#Voxel-AAAAAA"},"east":{"uv":[8,4.5,8.5,5],"texture":"#Voxel-AAAAAA"}}},{"__comment":"Voxel-AAAAAA","from":[6.5,11,8],"to":[7,11.5,8.5],"faces":{"down":{"uv":[6.5,7.5,7,8],"texture":"#Voxel-AAAAAA"},"up":{"uv":[6.5,8,7,8.5],"texture":"#Voxel-AAAAAA"},"north":{"uv":[9,4.5,9.5,5],"texture":"#Voxel-AAAAAA"},"south":{"uv":[6.5,4.5,7,5],"texture":"#Voxel-AAAAAA"},"west":{"uv":[8,4.5,8.5,5],"texture":"#Voxel-AAAAAA"},"east":{"uv":[7.5,4.5,8,5],"texture":"#Voxel-AAAAAA"}}},{"__comment":"Voxel-AAAAAA","from":[6.5,11.5,7.5],"to":[7,12,8],"faces":{"down":{"uv":[6.5,8,7,8.5],"texture":"#Voxel-AAAAAA"},"up":{"uv":[6.5,7.5,7,8],"texture":"#Voxel-AAAAAA"},"north":{"uv":[9,4,9.5,4.5],"texture":"#Voxel-AAAAAA"},"south":{"uv":[6.5,4,7,4.5],"texture":"#Voxel-AAAAAA"},"west":{"uv":[7.5,4,8,4.5],"texture":"#Voxel-AAAAAA"},"east":{"uv":[8,4,8.5,4.5],"texture":"#Voxel-AAAAAA"}}},{"__comment":"Voxel-AAAAAA","from":[6.5,11.5,8],"to":[7,12,8.5],"faces":{"down":{"uv":[6.5,7.5,7,8],"texture":"#Voxel-AAAAAA"},"up":{"uv":[6.5,8,7,8.5],"texture":"#Voxel-AAAAAA"},"north":{"uv":[9,4,9.5,4.5],"texture":"#Voxel-AAAAAA"},"south":{"uv":[6.5,4,7,4.5],"texture":"#Voxel-AAAAAA"},"west":{"uv":[8,4,8.5,4.5],"texture":"#Voxel-AAAAAA"},"east":{"uv":[7.5,4,8,4.5],"texture":"#Voxel-AAAAAA"}}},{"__comment":"Voxel-AAAAAA","from":[7,11,7.5],"to":[7.5,11.5,8],"faces":{"down":{"uv":[7,8,7.5,8.5],"texture":"#Voxel-AAAAAA"},"up":{"uv":[7,7.5,7.5,8],"texture":"#Voxel-AAAAAA"},"north":{"uv":[8.5,4.5,9,5],"texture":"#Voxel-AAAAAA"},"south":{"uv":[7,4.5,7.5,5],"texture":"#Voxel-AAAAAA"},"west":{"uv":[7.5,4.5,8,5],"texture":"#Voxel-AAAAAA"},"east":{"uv":[8,4.5,8.5,5],"texture":"#Voxel-AAAAAA"}}},{"__comment":"Voxel-AAAAAA","from":[7,11,8],"to":[7.5,11.5,8.5],"faces":{"down":{"uv":[7,7.5,7.5,8],"texture":"#Voxel-AAAAAA"},"up":{"uv":[7,8,7.5,8.5],"texture":"#Voxel-AAAAAA"},"north":{"uv":[8.5,4.5,9,5],"texture":"#Voxel-AAAAAA"},"south":{"uv":[7,4.5,7.5,5],"texture":"#Voxel-AAAAAA"},"west":{"uv":[8,4.5,8.5,5],"texture":"#Voxel-AAAAAA"},"east":{"uv":[7.5,4.5,8,5],"texture":"#Voxel-AAAAAA"}}},{"__comment":"Voxel-AAAAAA","from":[7.5,9,7.5],"to":[8,9.5,8],"faces":{"down":{"uv":[7.5,8,8,8.5],"texture":"#Voxel-AAAAAA"},"up":{"uv":[7.5,7.5,8,8],"texture":"#Voxel-AAAAAA"},"north":{"uv":[8,6.5,8.5,7],"texture":"#Voxel-AAAAAA"},"south":{"uv":[7.5,6.5,8,7],"texture":"#Voxel-AAAAAA"},"west":{"uv":[7.5,6.5,8,7],"texture":"#Voxel-AAAAAA"},"east":{"uv":[8,6.5,8.5,7],"texture":"#Voxel-AAAAAA"}}},{"__comment":"Voxel-AAAAAA","from":[7.5,9,8],"to":[8,9.5,8.5],"faces":{"down":{"uv":[7.5,7.5,8,8],"texture":"#Voxel-AAAAAA"},"up":{"uv":[7.5,8,8,8.5],"texture":"#Voxel-AAAAAA"},"north":{"uv":[8,6.5,8.5,7],"texture":"#Voxel-AAAAAA"},"south":{"uv":[7.5,6.5,8,7],"texture":"#Voxel-AAAAAA"},"west":{"uv":[8,6.5,8.5,7],"texture":"#Voxel-AAAAAA"},"east":{"uv":[7.5,6.5,8,7],"texture":"#Voxel-AAAAAA"}}},{"__comment":"Voxel-AAAAAA","from":[7.5,11,7.5],"to":[8,11.5,8],"faces":{"down":{"uv":[7.5,8,8,8.5],"texture":"#Voxel-AAAAAA"},"up":{"uv":[7.5,7.5,8,8],"texture":"#Voxel-AAAAAA"},"north":{"uv":[8,4.5,8.5,5],"texture":"#Voxel-AAAAAA"},"south":{"uv":[7.5,4.5,8,5],"texture":"#Voxel-AAAAAA"},"west":{"uv":[7.5,4.5,8,5],"texture":"#Voxel-AAAAAA"},"east":{"uv":[8,4.5,8.5,5],"texture":"#Voxel-AAAAAA"}}},{"__comment":"Voxel-AAAAAA","from":[7.5,11,8],"to":[8,11.5,8.5],"faces":{"down":{"uv":[7.5,7.5,8,8],"texture":"#Voxel-AAAAAA"},"up":{"uv":[7.5,8,8,8.5],"texture":"#Voxel-AAAAAA"},"north":{"uv":[8,4.5,8.5,5],"texture":"#Voxel-AAAAAA"},"south":{"uv":[7.5,4.5,8,5],"texture":"#Voxel-AAAAAA"},"west":{"uv":[8,4.5,8.5,5],"texture":"#Voxel-AAAAAA"},"east":{"uv":[7.5,4.5,8,5],"texture":"#Voxel-AAAAAA"}}},{"__comment":"Voxel-877000","from":[8,0.5,7.5],"to":[8.5,1,8],"faces":{"down":{"uv":[8,8,8.5,8.5],"texture":"#Voxel-877000"},"up":{"uv":[8,7.5,8.5,8],"texture":"#Voxel-877000"},"north":{"uv":[7.5,15,8,15.5],"texture":"#Voxel-877000"},"south":{"uv":[8,15,8.5,15.5],"texture":"#Voxel-877000"},"west":{"uv":[7.5,15,8,15.5],"texture":"#Voxel-877000"},"east":{"uv":[8,15,8.5,15.5],"texture":"#Voxel-877000"}}},{"__comment":"Voxel-877000","from":[8,0.5,8],"to":[8.5,1,8.5],"faces":{"down":{"uv":[8,7.5,8.5,8],"texture":"#Voxel-877000"},"up":{"uv":[8,8,8.5,8.5],"texture":"#Voxel-877000"},"north":{"uv":[7.5,15,8,15.5],"texture":"#Voxel-877000"},"south":{"uv":[8,15,8.5,15.5],"texture":"#Voxel-877000"},"west":{"uv":[8,15,8.5,15.5],"texture":"#Voxel-877000"},"east":{"uv":[7.5,15,8,15.5],"texture":"#Voxel-877000"}}},{"__comment":"Voxel-877000","from":[8,1,7.5],"to":[8.5,1.5,8],"faces":{"down":{"uv":[8,8,8.5,8.5],"texture":"#Voxel-877000"},"up":{"uv":[8,7.5,8.5,8],"texture":"#Voxel-877000"},"north":{"uv":[7.5,14.5,8,15],"texture":"#Voxel-877000"},"south":{"uv":[8,14.5,8.5,15],"texture":"#Voxel-877000"},"west":{"uv":[7.5,14.5,8,15],"texture":"#Voxel-877000"},"east":{"uv":[8,14.5,8.5,15],"texture":"#Voxel-877000"}}},{"__comment":"Voxel-877000","from":[8,1,8],"to":[8.5,1.5,8.5],"faces":{"down":{"uv":[8,7.5,8.5,8],"texture":"#Voxel-877000"},"up":{"uv":[8,8,8.5,8.5],"texture":"#Voxel-877000"},"north":{"uv":[7.5,14.5,8,15],"texture":"#Voxel-877000"},"south":{"uv":[8,14.5,8.5,15],"texture":"#Voxel-877000"},"west":{"uv":[8,14.5,8.5,15],"texture":"#Voxel-877000"},"east":{"uv":[7.5,14.5,8,15],"texture":"#Voxel-877000"}}},{"__comment":"Voxel-877000","from":[8,1.5,7.5],"to":[8.5,2,8],"faces":{"down":{"uv":[8,8,8.5,8.5],"texture":"#Voxel-877000"},"up":{"uv":[8,7.5,8.5,8],"texture":"#Voxel-877000"},"north":{"uv":[7.5,14,8,14.5],"texture":"#Voxel-877000"},"south":{"uv":[8,14,8.5,14.5],"texture":"#Voxel-877000"},"west":{"uv":[7.5,14,8,14.5],"texture":"#Voxel-877000"},"east":{"uv":[8,14,8.5,14.5],"texture":"#Voxel-877000"}}},{"__comment":"Voxel-877000","from":[8,1.5,8],"to":[8.5,2,8.5],"faces":{"down":{"uv":[8,7.5,8.5,8],"texture":"#Voxel-877000"},"up":{"uv":[8,8,8.5,8.5],"texture":"#Voxel-877000"},"north":{"uv":[7.5,14,8,14.5],"texture":"#Voxel-877000"},"south":{"uv":[8,14,8.5,14.5],"texture":"#Voxel-877000"},"west":{"uv":[8,14,8.5,14.5],"texture":"#Voxel-877000"},"east":{"uv":[7.5,14,8,14.5],"texture":"#Voxel-877000"}}},{"__comment":"Voxel-877000","from":[8,2,7.5],"to":[8.5,2.5,8],"faces":{"down":{"uv":[8,8,8.5,8.5],"texture":"#Voxel-877000"},"up":{"uv":[8,7.5,8.5,8],"texture":"#Voxel-877000"},"north":{"uv":[7.5,13.5,8,14],"texture":"#Voxel-877000"},"south":{"uv":[8,13.5,8.5,14],"texture":"#Voxel-877000"},"west":{"uv":[7.5,13.5,8,14],"texture":"#Voxel-877000"},"east":{"uv":[8,13.5,8.5,14],"texture":"#Voxel-877000"}}},{"__comment":"Voxel-877000","from":[8,2,8],"to":[8.5,2.5,8.5],"faces":{"down":{"uv":[8,7.5,8.5,8],"texture":"#Voxel-877000"},"up":{"uv":[8,8,8.5,8.5],"texture":"#Voxel-877000"},"north":{"uv":[7.5,13.5,8,14],"texture":"#Voxel-877000"},"south":{"uv":[8,13.5,8.5,14],"texture":"#Voxel-877000"},"west":{"uv":[8,13.5,8.5,14],"texture":"#Voxel-877000"},"east":{"uv":[7.5,13.5,8,14],"texture":"#Voxel-877000"}}},{"__comment":"Voxel-877000","from":[8,2.5,7.5],"to":[8.5,3,8],"faces":{"down":{"uv":[8,8,8.5,8.5],"texture":"#Voxel-877000"},"up":{"uv":[8,7.5,8.5,8],"texture":"#Voxel-877000"},"north":{"uv":[7.5,13,8,13.5],"texture":"#Voxel-877000"},"south":{"uv":[8,13,8.5,13.5],"texture":"#Voxel-877000"},"west":{"uv":[7.5,13,8,13.5],"texture":"#Voxel-877000"},"east":{"uv":[8,13,8.5,13.5],"texture":"#Voxel-877000"}}},{"__comment":"Voxel-877000","from":[8,2.5,8],"to":[8.5,3,8.5],"faces":{"down":{"uv":[8,7.5,8.5,8],"texture":"#Voxel-877000"},"up":{"uv":[8,8,8.5,8.5],"texture":"#Voxel-877000"},"north":{"uv":[7.5,13,8,13.5],"texture":"#Voxel-877000"},"south":{"uv":[8,13,8.5,13.5],"texture":"#Voxel-877000"},"west":{"uv":[8,13,8.5,13.5],"texture":"#Voxel-877000"},"east":{"uv":[7.5,13,8,13.5],"texture":"#Voxel-877000"}}},{"__comment":"Voxel-877000","from":[8,3,7.5],"to":[8.5,3.5,8],"faces":{"down":{"uv":[8,8,8.5,8.5],"texture":"#Voxel-877000"},"up":{"uv":[8,7.5,8.5,8],"texture":"#Voxel-877000"},"north":{"uv":[7.5,12.5,8,13],"texture":"#Voxel-877000"},"south":{"uv":[8,12.5,8.5,13],"texture":"#Voxel-877000"},"west":{"uv":[7.5,12.5,8,13],"texture":"#Voxel-877000"},"east":{"uv":[8,12.5,8.5,13],"texture":"#Voxel-877000"}}},{"__comment":"Voxel-877000","from":[8,3,8],"to":[8.5,3.5,8.5],"faces":{"down":{"uv":[8,7.5,8.5,8],"texture":"#Voxel-877000"},"up":{"uv":[8,8,8.5,8.5],"texture":"#Voxel-877000"},"north":{"uv":[7.5,12.5,8,13],"texture":"#Voxel-877000"},"south":{"uv":[8,12.5,8.5,13],"texture":"#Voxel-877000"},"west":{"uv":[8,12.5,8.5,13],"texture":"#Voxel-877000"},"east":{"uv":[7.5,12.5,8,13],"texture":"#Voxel-877000"}}},{"__comment":"Voxel-877000","from":[8,3.5,7.5],"to":[8.5,4,8],"faces":{"down":{"uv":[8,8,8.5,8.5],"texture":"#Voxel-877000"},"up":{"uv":[8,7.5,8.5,8],"texture":"#Voxel-877000"},"north":{"uv":[7.5,12,8,12.5],"texture":"#Voxel-877000"},"south":{"uv":[8,12,8.5,12.5],"texture":"#Voxel-877000"},"west":{"uv":[7.5,12,8,12.5],"texture":"#Voxel-877000"},"east":{"uv":[8,12,8.5,12.5],"texture":"#Voxel-877000"}}},{"__comment":"Voxel-877000","from":[8,3.5,8],"to":[8.5,4,8.5],"faces":{"down":{"uv":[8,7.5,8.5,8],"texture":"#Voxel-877000"},"up":{"uv":[8,8,8.5,8.5],"texture":"#Voxel-877000"},"north":{"uv":[7.5,12,8,12.5],"texture":"#Voxel-877000"},"south":{"uv":[8,12,8.5,12.5],"texture":"#Voxel-877000"},"west":{"uv":[8,12,8.5,12.5],"texture":"#Voxel-877000"},"east":{"uv":[7.5,12,8,12.5],"texture":"#Voxel-877000"}}},{"__comment":"Voxel-877000","from":[8,4,7.5],"to":[8.5,4.5,8],"faces":{"down":{"uv":[8,8,8.5,8.5],"texture":"#Voxel-877000"},"up":{"uv":[8,7.5,8.5,8],"texture":"#Voxel-877000"},"north":{"uv":[7.5,11.5,8,12],"texture":"#Voxel-877000"},"south":{"uv":[8,11.5,8.5,12],"texture":"#Voxel-877000"},"west":{"uv":[7.5,11.5,8,12],"texture":"#Voxel-877000"},"east":{"uv":[8,11.5,8.5,12],"texture":"#Voxel-877000"}}},{"__comment":"Voxel-877000","from":[8,4,8],"to":[8.5,4.5,8.5],"faces":{"down":{"uv":[8,7.5,8.5,8],"texture":"#Voxel-877000"},"up":{"uv":[8,8,8.5,8.5],"texture":"#Voxel-877000"},"north":{"uv":[7.5,11.5,8,12],"texture":"#Voxel-877000"},"south":{"uv":[8,11.5,8.5,12],"texture":"#Voxel-877000"},"west":{"uv":[8,11.5,8.5,12],"texture":"#Voxel-877000"},"east":{"uv":[7.5,11.5,8,12],"texture":"#Voxel-877000"}}},{"__comment":"Voxel-877000","from":[8,4.5,7.5],"to":[8.5,5,8],"faces":{"down":{"uv":[8,8,8.5,8.5],"texture":"#Voxel-877000"},"up":{"uv":[8,7.5,8.5,8],"texture":"#Voxel-877000"},"north":{"uv":[7.5,11,8,11.5],"texture":"#Voxel-877000"},"south":{"uv":[8,11,8.5,11.5],"texture":"#Voxel-877000"},"west":{"uv":[7.5,11,8,11.5],"texture":"#Voxel-877000"},"east":{"uv":[8,11,8.5,11.5],"texture":"#Voxel-877000"}}},{"__comment":"Voxel-877000","from":[8,4.5,8],"to":[8.5,5,8.5],"faces":{"down":{"uv":[8,7.5,8.5,8],"texture":"#Voxel-877000"},"up":{"uv":[8,8,8.5,8.5],"texture":"#Voxel-877000"},"north":{"uv":[7.5,11,8,11.5],"texture":"#Voxel-877000"},"south":{"uv":[8,11,8.5,11.5],"texture":"#Voxel-877000"},"west":{"uv":[8,11,8.5,11.5],"texture":"#Voxel-877000"},"east":{"uv":[7.5,11,8,11.5],"texture":"#Voxel-877000"}}},{"__comment":"Voxel-877000","from":[8,5,7.5],"to":[8.5,5.5,8],"faces":{"down":{"uv":[8,8,8.5,8.5],"texture":"#Voxel-877000"},"up":{"uv":[8,7.5,8.5,8],"texture":"#Voxel-877000"},"north":{"uv":[7.5,10.5,8,11],"texture":"#Voxel-877000"},"south":{"uv":[8,10.5,8.5,11],"texture":"#Voxel-877000"},"west":{"uv":[7.5,10.5,8,11],"texture":"#Voxel-877000"},"east":{"uv":[8,10.5,8.5,11],"texture":"#Voxel-877000"}}},{"__comment":"Voxel-877000","from":[8,5,8],"to":[8.5,5.5,8.5],"faces":{"down":{"uv":[8,7.5,8.5,8],"texture":"#Voxel-877000"},"up":{"uv":[8,8,8.5,8.5],"texture":"#Voxel-877000"},"north":{"uv":[7.5,10.5,8,11],"texture":"#Voxel-877000"},"south":{"uv":[8,10.5,8.5,11],"texture":"#Voxel-877000"},"west":{"uv":[8,10.5,8.5,11],"texture":"#Voxel-877000"},"east":{"uv":[7.5,10.5,8,11],"texture":"#Voxel-877000"}}},{"__comment":"Voxel-877000","from":[8,5.5,7.5],"to":[8.5,6,8],"faces":{"down":{"uv":[8,8,8.5,8.5],"texture":"#Voxel-877000"},"up":{"uv":[8,7.5,8.5,8],"texture":"#Voxel-877000"},"north":{"uv":[7.5,10,8,10.5],"texture":"#Voxel-877000"},"south":{"uv":[8,10,8.5,10.5],"texture":"#Voxel-877000"},"west":{"uv":[7.5,10,8,10.5],"texture":"#Voxel-877000"},"east":{"uv":[8,10,8.5,10.5],"texture":"#Voxel-877000"}}},{"__comment":"Voxel-877000","from":[8,5.5,8],"to":[8.5,6,8.5],"faces":{"down":{"uv":[8,7.5,8.5,8],"texture":"#Voxel-877000"},"up":{"uv":[8,8,8.5,8.5],"texture":"#Voxel-877000"},"north":{"uv":[7.5,10,8,10.5],"texture":"#Voxel-877000"},"south":{"uv":[8,10,8.5,10.5],"texture":"#Voxel-877000"},"west":{"uv":[8,10,8.5,10.5],"texture":"#Voxel-877000"},"east":{"uv":[7.5,10,8,10.5],"texture":"#Voxel-877000"}}},{"__comment":"Voxel-877000","from":[8,6,7.5],"to":[8.5,6.5,8],"faces":{"down":{"uv":[8,8,8.5,8.5],"texture":"#Voxel-877000"},"up":{"uv":[8,7.5,8.5,8],"texture":"#Voxel-877000"},"north":{"uv":[7.5,9.5,8,10],"texture":"#Voxel-877000"},"south":{"uv":[8,9.5,8.5,10],"texture":"#Voxel-877000"},"west":{"uv":[7.5,9.5,8,10],"texture":"#Voxel-877000"},"east":{"uv":[8,9.5,8.5,10],"texture":"#Voxel-877000"}}},{"__comment":"Voxel-877000","from":[8,6,8],"to":[8.5,6.5,8.5],"faces":{"down":{"uv":[8,7.5,8.5,8],"texture":"#Voxel-877000"},"up":{"uv":[8,8,8.5,8.5],"texture":"#Voxel-877000"},"north":{"uv":[7.5,9.5,8,10],"texture":"#Voxel-877000"},"south":{"uv":[8,9.5,8.5,10],"texture":"#Voxel-877000"},"west":{"uv":[8,9.5,8.5,10],"texture":"#Voxel-877000"},"east":{"uv":[7.5,9.5,8,10],"texture":"#Voxel-877000"}}},{"__comment":"Voxel-877000","from":[8,6.5,7.5],"to":[8.5,7,8],"faces":{"down":{"uv":[8,8,8.5,8.5],"texture":"#Voxel-877000"},"up":{"uv":[8,7.5,8.5,8],"texture":"#Voxel-877000"},"north":{"uv":[7.5,9,8,9.5],"texture":"#Voxel-877000"},"south":{"uv":[8,9,8.5,9.5],"texture":"#Voxel-877000"},"west":{"uv":[7.5,9,8,9.5],"texture":"#Voxel-877000"},"east":{"uv":[8,9,8.5,9.5],"texture":"#Voxel-877000"}}},{"__comment":"Voxel-877000","from":[8,6.5,8],"to":[8.5,7,8.5],"faces":{"down":{"uv":[8,7.5,8.5,8],"texture":"#Voxel-877000"},"up":{"uv":[8,8,8.5,8.5],"texture":"#Voxel-877000"},"north":{"uv":[7.5,9,8,9.5],"texture":"#Voxel-877000"},"south":{"uv":[8,9,8.5,9.5],"texture":"#Voxel-877000"},"west":{"uv":[8,9,8.5,9.5],"texture":"#Voxel-877000"},"east":{"uv":[7.5,9,8,9.5],"texture":"#Voxel-877000"}}},{"__comment":"Voxel-877000","from":[8,7,7.5],"to":[8.5,7.5,8],"faces":{"down":{"uv":[8,8,8.5,8.5],"texture":"#Voxel-877000"},"up":{"uv":[8,7.5,8.5,8],"texture":"#Voxel-877000"},"north":{"uv":[7.5,8.5,8,9],"texture":"#Voxel-877000"},"south":{"uv":[8,8.5,8.5,9],"texture":"#Voxel-877000"},"west":{"uv":[7.5,8.5,8,9],"texture":"#Voxel-877000"},"east":{"uv":[8,8.5,8.5,9],"texture":"#Voxel-877000"}}},{"__comment":"Voxel-877000","from":[8,7,8],"to":[8.5,7.5,8.5],"faces":{"down":{"uv":[8,7.5,8.5,8],"texture":"#Voxel-877000"},"up":{"uv":[8,8,8.5,8.5],"texture":"#Voxel-877000"},"north":{"uv":[7.5,8.5,8,9],"texture":"#Voxel-877000"},"south":{"uv":[8,8.5,8.5,9],"texture":"#Voxel-877000"},"west":{"uv":[8,8.5,8.5,9],"texture":"#Voxel-877000"},"east":{"uv":[7.5,8.5,8,9],"texture":"#Voxel-877000"}}},{"__comment":"Voxel-877000","from":[8,7.5,7.5],"to":[8.5,8,8],"faces":{"down":{"uv":[8,8,8.5,8.5],"texture":"#Voxel-877000"},"up":{"uv":[8,7.5,8.5,8],"texture":"#Voxel-877000"},"north":{"uv":[7.5,8,8,8.5],"texture":"#Voxel-877000"},"south":{"uv":[8,8,8.5,8.5],"texture":"#Voxel-877000"},"west":{"uv":[7.5,8,8,8.5],"texture":"#Voxel-877000"},"east":{"uv":[8,8,8.5,8.5],"texture":"#Voxel-877000"}}},{"__comment":"Voxel-877000","from":[8,7.5,8],"to":[8.5,8,8.5],"faces":{"down":{"uv":[8,7.5,8.5,8],"texture":"#Voxel-877000"},"up":{"uv":[8,8,8.5,8.5],"texture":"#Voxel-877000"},"north":{"uv":[7.5,8,8,8.5],"texture":"#Voxel-877000"},"south":{"uv":[8,8,8.5,8.5],"texture":"#Voxel-877000"},"west":{"uv":[8,8,8.5,8.5],"texture":"#Voxel-877000"},"east":{"uv":[7.5,8,8,8.5],"texture":"#Voxel-877000"}}},{"__comment":"Voxel-877000","from":[8,8,7.5],"to":[8.5,8.5,8],"faces":{"down":{"uv":[8,8,8.5,8.5],"texture":"#Voxel-877000"},"up":{"uv":[8,7.5,8.5,8],"texture":"#Voxel-877000"},"north":{"uv":[7.5,7.5,8,8],"texture":"#Voxel-877000"},"south":{"uv":[8,7.5,8.5,8],"texture":"#Voxel-877000"},"west":{"uv":[7.5,7.5,8,8],"texture":"#Voxel-877000"},"east":{"uv":[8,7.5,8.5,8],"texture":"#Voxel-877000"}}},{"__comment":"Voxel-877000","from":[8,8,8],"to":[8.5,8.5,8.5],"faces":{"down":{"uv":[8,7.5,8.5,8],"texture":"#Voxel-877000"},"up":{"uv":[8,8,8.5,8.5],"texture":"#Voxel-877000"},"north":{"uv":[7.5,7.5,8,8],"texture":"#Voxel-877000"},"south":{"uv":[8,7.5,8.5,8],"texture":"#Voxel-877000"},"west":{"uv":[8,7.5,8.5,8],"texture":"#Voxel-877000"},"east":{"uv":[7.5,7.5,8,8],"texture":"#Voxel-877000"}}},{"__comment":"Voxel-877000","from":[8,8.5,7.5],"to":[8.5,9,8],"faces":{"down":{"uv":[8,8,8.5,8.5],"texture":"#Voxel-877000"},"up":{"uv":[8,7.5,8.5,8],"texture":"#Voxel-877000"},"north":{"uv":[7.5,7,8,7.5],"texture":"#Voxel-877000"},"south":{"uv":[8,7,8.5,7.5],"texture":"#Voxel-877000"},"west":{"uv":[7.5,7,8,7.5],"texture":"#Voxel-877000"},"east":{"uv":[8,7,8.5,7.5],"texture":"#Voxel-877000"}}},{"__comment":"Voxel-877000","from":[8,8.5,8],"to":[8.5,9,8.5],"faces":{"down":{"uv":[8,7.5,8.5,8],"texture":"#Voxel-877000"},"up":{"uv":[8,8,8.5,8.5],"texture":"#Voxel-877000"},"north":{"uv":[7.5,7,8,7.5],"texture":"#Voxel-877000"},"south":{"uv":[8,7,8.5,7.5],"texture":"#Voxel-877000"},"west":{"uv":[8,7,8.5,7.5],"texture":"#Voxel-877000"},"east":{"uv":[7.5,7,8,7.5],"texture":"#Voxel-877000"}}},{"__comment":"Voxel-AAAAAA","from":[8,9,7.5],"to":[8.5,9.5,8],"faces":{"down":{"uv":[8,8,8.5,8.5],"texture":"#Voxel-AAAAAA"},"up":{"uv":[8,7.5,8.5,8],"texture":"#Voxel-AAAAAA"},"north":{"uv":[7.5,6.5,8,7],"texture":"#Voxel-AAAAAA"},"south":{"uv":[8,6.5,8.5,7],"texture":"#Voxel-AAAAAA"},"west":{"uv":[7.5,6.5,8,7],"texture":"#Voxel-AAAAAA"},"east":{"uv":[8,6.5,8.5,7],"texture":"#Voxel-AAAAAA"}}},{"__comment":"Voxel-AAAAAA","from":[8,9,8],"to":[8.5,9.5,8.5],"faces":{"down":{"uv":[8,7.5,8.5,8],"texture":"#Voxel-AAAAAA"},"up":{"uv":[8,8,8.5,8.5],"texture":"#Voxel-AAAAAA"},"north":{"uv":[7.5,6.5,8,7],"texture":"#Voxel-AAAAAA"},"south":{"uv":[8,6.5,8.5,7],"texture":"#Voxel-AAAAAA"},"west":{"uv":[8,6.5,8.5,7],"texture":"#Voxel-AAAAAA"},"east":{"uv":[7.5,6.5,8,7],"texture":"#Voxel-AAAAAA"}}},{"__comment":"Voxel-AAAAAA","from":[8,9.5,7.5],"to":[8.5,10,8],"faces":{"down":{"uv":[8,8,8.5,8.5],"texture":"#Voxel-AAAAAA"},"up":{"uv":[8,7.5,8.5,8],"texture":"#Voxel-AAAAAA"},"north":{"uv":[7.5,6,8,6.5],"texture":"#Voxel-AAAAAA"},"south":{"uv":[8,6,8.5,6.5],"texture":"#Voxel-AAAAAA"},"west":{"uv":[7.5,6,8,6.5],"texture":"#Voxel-AAAAAA"},"east":{"uv":[8,6,8.5,6.5],"texture":"#Voxel-AAAAAA"}}},{"__comment":"Voxel-AAAAAA","from":[8,9.5,8],"to":[8.5,10,8.5],"faces":{"down":{"uv":[8,7.5,8.5,8],"texture":"#Voxel-AAAAAA"},"up":{"uv":[8,8,8.5,8.5],"texture":"#Voxel-AAAAAA"},"north":{"uv":[7.5,6,8,6.5],"texture":"#Voxel-AAAAAA"},"south":{"uv":[8,6,8.5,6.5],"texture":"#Voxel-AAAAAA"},"west":{"uv":[8,6,8.5,6.5],"texture":"#Voxel-AAAAAA"},"east":{"uv":[7.5,6,8,6.5],"texture":"#Voxel-AAAAAA"}}},{"__comment":"Voxel-AAAAAA","from":[8,10,7.5],"to":[8.5,10.5,8],"faces":{"down":{"uv":[8,8,8.5,8.5],"texture":"#Voxel-AAAAAA"},"up":{"uv":[8,7.5,8.5,8],"texture":"#Voxel-AAAAAA"},"north":{"uv":[7.5,5.5,8,6],"texture":"#Voxel-AAAAAA"},"south":{"uv":[8,5.5,8.5,6],"texture":"#Voxel-AAAAAA"},"west":{"uv":[7.5,5.5,8,6],"texture":"#Voxel-AAAAAA"},"east":{"uv":[8,5.5,8.5,6],"texture":"#Voxel-AAAAAA"}}},{"__comment":"Voxel-AAAAAA","from":[8,10,8],"to":[8.5,10.5,8.5],"faces":{"down":{"uv":[8,7.5,8.5,8],"texture":"#Voxel-AAAAAA"},"up":{"uv":[8,8,8.5,8.5],"texture":"#Voxel-AAAAAA"},"north":{"uv":[7.5,5.5,8,6],"texture":"#Voxel-AAAAAA"},"south":{"uv":[8,5.5,8.5,6],"texture":"#Voxel-AAAAAA"},"west":{"uv":[8,5.5,8.5,6],"texture":"#Voxel-AAAAAA"},"east":{"uv":[7.5,5.5,8,6],"texture":"#Voxel-AAAAAA"}}},{"__comment":"Voxel-AAAAAA","from":[8,10.5,7.5],"to":[8.5,11,8],"faces":{"down":{"uv":[8,8,8.5,8.5],"texture":"#Voxel-AAAAAA"},"up":{"uv":[8,7.5,8.5,8],"texture":"#Voxel-AAAAAA"},"north":{"uv":[7.5,5,8,5.5],"texture":"#Voxel-AAAAAA"},"south":{"uv":[8,5,8.5,5.5],"texture":"#Voxel-AAAAAA"},"west":{"uv":[7.5,5,8,5.5],"texture":"#Voxel-AAAAAA"},"east":{"uv":[8,5,8.5,5.5],"texture":"#Voxel-AAAAAA"}}},{"__comment":"Voxel-AAAAAA","from":[8,10.5,8],"to":[8.5,11,8.5],"faces":{"down":{"uv":[8,7.5,8.5,8],"texture":"#Voxel-AAAAAA"},"up":{"uv":[8,8,8.5,8.5],"texture":"#Voxel-AAAAAA"},"north":{"uv":[7.5,5,8,5.5],"texture":"#Voxel-AAAAAA"},"south":{"uv":[8,5,8.5,5.5],"texture":"#Voxel-AAAAAA"},"west":{"uv":[8,5,8.5,5.5],"texture":"#Voxel-AAAAAA"},"east":{"uv":[7.5,5,8,5.5],"texture":"#Voxel-AAAAAA"}}},{"__comment":"Voxel-AAAAAA","from":[8,11,7.5],"to":[8.5,11.5,8],"faces":{"down":{"uv":[8,8,8.5,8.5],"texture":"#Voxel-AAAAAA"},"up":{"uv":[8,7.5,8.5,8],"texture":"#Voxel-AAAAAA"},"north":{"uv":[7.5,4.5,8,5],"texture":"#Voxel-AAAAAA"},"south":{"uv":[8,4.5,8.5,5],"texture":"#Voxel-AAAAAA"},"west":{"uv":[7.5,4.5,8,5],"texture":"#Voxel-AAAAAA"},"east":{"uv":[8,4.5,8.5,5],"texture":"#Voxel-AAAAAA"}}},{"__comment":"Voxel-AAAAAA","from":[8,11,8],"to":[8.5,11.5,8.5],"faces":{"down":{"uv":[8,7.5,8.5,8],"texture":"#Voxel-AAAAAA"},"up":{"uv":[8,8,8.5,8.5],"texture":"#Voxel-AAAAAA"},"north":{"uv":[7.5,4.5,8,5],"texture":"#Voxel-AAAAAA"},"south":{"uv":[8,4.5,8.5,5],"texture":"#Voxel-AAAAAA"},"west":{"uv":[8,4.5,8.5,5],"texture":"#Voxel-AAAAAA"},"east":{"uv":[7.5,4.5,8,5],"texture":"#Voxel-AAAAAA"}}},{"__comment":"Voxel-AAAAAA","from":[8,11.5,7.5],"to":[8.5,12,8],"faces":{"down":{"uv":[8,8,8.5,8.5],"texture":"#Voxel-AAAAAA"},"up":{"uv":[8,7.5,8.5,8],"texture":"#Voxel-AAAAAA"},"north":{"uv":[7.5,4,8,4.5],"texture":"#Voxel-AAAAAA"},"south":{"uv":[8,4,8.5,4.5],"texture":"#Voxel-AAAAAA"},"west":{"uv":[7.5,4,8,4.5],"texture":"#Voxel-AAAAAA"},"east":{"uv":[8,4,8.5,4.5],"texture":"#Voxel-AAAAAA"}}},{"__comment":"Voxel-AAAAAA","from":[8,11.5,8],"to":[8.5,12,8.5],"faces":{"down":{"uv":[8,7.5,8.5,8],"texture":"#Voxel-AAAAAA"},"up":{"uv":[8,8,8.5,8.5],"texture":"#Voxel-AAAAAA"},"north":{"uv":[7.5,4,8,4.5],"texture":"#Voxel-AAAAAA"},"south":{"uv":[8,4,8.5,4.5],"texture":"#Voxel-AAAAAA"},"west":{"uv":[8,4,8.5,4.5],"texture":"#Voxel-AAAAAA"},"east":{"uv":[7.5,4,8,4.5],"texture":"#Voxel-AAAAAA"}}},{"__comment":"Voxel-AAAAAA","from":[8,12,7.5],"to":[8.5,12.5,8],"faces":{"down":{"uv":[8,8,8.5,8.5],"texture":"#Voxel-AAAAAA"},"up":{"uv":[8,7.5,8.5,8],"texture":"#Voxel-AAAAAA"},"north":{"uv":[7.5,3.5,8,4],"texture":"#Voxel-AAAAAA"},"south":{"uv":[8,3.5,8.5,4],"texture":"#Voxel-AAAAAA"},"west":{"uv":[7.5,3.5,8,4],"texture":"#Voxel-AAAAAA"},"east":{"uv":[8,3.5,8.5,4],"texture":"#Voxel-AAAAAA"}}},{"__comment":"Voxel-AAAAAA","from":[8,12,8],"to":[8.5,12.5,8.5],"faces":{"down":{"uv":[8,7.5,8.5,8],"texture":"#Voxel-AAAAAA"},"up":{"uv":[8,8,8.5,8.5],"texture":"#Voxel-AAAAAA"},"north":{"uv":[7.5,3.5,8,4],"texture":"#Voxel-AAAAAA"},"south":{"uv":[8,3.5,8.5,4],"texture":"#Voxel-AAAAAA"},"west":{"uv":[8,3.5,8.5,4],"texture":"#Voxel-AAAAAA"},"east":{"uv":[7.5,3.5,8,4],"texture":"#Voxel-AAAAAA"}}},{"__comment":"Voxel-AAAAAA","from":[8,12.5,8],"to":[8.5,13,8.5],"faces":{"down":{"uv":[8,7.5,8.5,8],"texture":"#Voxel-AAAAAA"},"up":{"uv":[8,8,8.5,8.5],"texture":"#Voxel-AAAAAA"},"north":{"uv":[7.5,3,8,3.5],"texture":"#Voxel-AAAAAA"},"south":{"uv":[8,3,8.5,3.5],"texture":"#Voxel-AAAAAA"},"west":{"uv":[8,3,8.5,3.5],"texture":"#Voxel-AAAAAA"},"east":{"uv":[7.5,3,8,3.5],"texture":"#Voxel-AAAAAA"}}},{"__comment":"Voxel-AAAAAA","from":[8,13,8],"to":[8.5,13.5,8.5],"faces":{"down":{"uv":[8,7.5,8.5,8],"texture":"#Voxel-AAAAAA"},"up":{"uv":[8,8,8.5,8.5],"texture":"#Voxel-AAAAAA"},"north":{"uv":[7.5,2.5,8,3],"texture":"#Voxel-AAAAAA"},"south":{"uv":[8,2.5,8.5,3],"texture":"#Voxel-AAAAAA"},"west":{"uv":[8,2.5,8.5,3],"texture":"#Voxel-AAAAAA"},"east":{"uv":[7.5,2.5,8,3],"texture":"#Voxel-AAAAAA"}}},{"__comment":"Voxel-AAAAAA","from":[8,13.5,8],"to":[8.5,14,8.5],"faces":{"down":{"uv":[8,7.5,8.5,8],"texture":"#Voxel-AAAAAA"},"up":{"uv":[8,8,8.5,8.5],"texture":"#Voxel-AAAAAA"},"north":{"uv":[7.5,2,8,2.5],"texture":"#Voxel-AAAAAA"},"south":{"uv":[8,2,8.5,2.5],"texture":"#Voxel-AAAAAA"},"west":{"uv":[8,2,8.5,2.5],"texture":"#Voxel-AAAAAA"},"east":{"uv":[7.5,2,8,2.5],"texture":"#Voxel-AAAAAA"}}},{"__comment":"Voxel-AAAAAA","from":[8,14,8],"to":[8.5,14.5,8.5],"faces":{"down":{"uv":[8,7.5,8.5,8],"texture":"#Voxel-AAAAAA"},"up":{"uv":[8,8,8.5,8.5],"texture":"#Voxel-AAAAAA"},"north":{"uv":[7.5,1.5,8,2],"texture":"#Voxel-AAAAAA"},"south":{"uv":[8,1.5,8.5,2],"texture":"#Voxel-AAAAAA"},"west":{"uv":[8,1.5,8.5,2],"texture":"#Voxel-AAAAAA"},"east":{"uv":[7.5,1.5,8,2],"texture":"#Voxel-AAAAAA"}}},{"__comment":"Voxel-AAAAAA","from":[8,14.5,8],"to":[8.5,15,8.5],"faces":{"down":{"uv":[8,7.5,8.5,8],"texture":"#Voxel-AAAAAA"},"up":{"uv":[8,8,8.5,8.5],"texture":"#Voxel-AAAAAA"},"north":{"uv":[7.5,1,8,1.5],"texture":"#Voxel-AAAAAA"},"south":{"uv":[8,1,8.5,1.5],"texture":"#Voxel-AAAAAA"},"west":{"uv":[8,1,8.5,1.5],"texture":"#Voxel-AAAAAA"},"east":{"uv":[7.5,1,8,1.5],"texture":"#Voxel-AAAAAA"}}},{"__comment":"Voxel-AAAAAA","from":[8,15,8],"to":[8.5,15.5,8.5],"faces":{"down":{"uv":[8,7.5,8.5,8],"texture":"#Voxel-AAAAAA"},"up":{"uv":[8,8,8.5,8.5],"texture":"#Voxel-AAAAAA"},"north":{"uv":[7.5,0.5,8,1],"texture":"#Voxel-AAAAAA"},"south":{"uv":[8,0.5,8.5,1],"texture":"#Voxel-AAAAAA"},"west":{"uv":[8,0.5,8.5,1],"texture":"#Voxel-AAAAAA"},"east":{"uv":[7.5,0.5,8,1],"texture":"#Voxel-AAAAAA"}}},{"__comment":"Voxel-AAAAAA","from":[8,15.5,8],"to":[8.5,16,8.5],"faces":{"down":{"uv":[8,7.5,8.5,8],"texture":"#Voxel-AAAAAA"},"up":{"uv":[8,8,8.5,8.5],"texture":"#Voxel-AAAAAA"},"north":{"uv":[7.5,0,8,0.5],"texture":"#Voxel-AAAAAA"},"south":{"uv":[8,0,8.5,0.5],"texture":"#Voxel-AAAAAA"},"west":{"uv":[8,0,8.5,0.5],"texture":"#Voxel-AAAAAA"},"east":{"uv":[7.5,0,8,0.5],"texture":"#Voxel-AAAAAA"}}},{"__comment":"Voxel-AAAAAA","from":[8.5,9,7.5],"to":[9,9.5,8],"faces":{"down":{"uv":[8.5,8,9,8.5],"texture":"#Voxel-AAAAAA"},"up":{"uv":[8.5,7.5,9,8],"texture":"#Voxel-AAAAAA"},"north":{"uv":[7,6.5,7.5,7],"texture":"#Voxel-AAAAAA"},"south":{"uv":[8.5,6.5,9,7],"texture":"#Voxel-AAAAAA"},"west":{"uv":[7.5,6.5,8,7],"texture":"#Voxel-AAAAAA"},"east":{"uv":[8,6.5,8.5,7],"texture":"#Voxel-AAAAAA"}}},{"__comment":"Voxel-AAAAAA","from":[8.5,9,8],"to":[9,9.5,8.5],"faces":{"down":{"uv":[8.5,7.5,9,8],"texture":"#Voxel-AAAAAA"},"up":{"uv":[8.5,8,9,8.5],"texture":"#Voxel-AAAAAA"},"north":{"uv":[7,6.5,7.5,7],"texture":"#Voxel-AAAAAA"},"south":{"uv":[8.5,6.5,9,7],"texture":"#Voxel-AAAAAA"},"west":{"uv":[8,6.5,8.5,7],"texture":"#Voxel-AAAAAA"},"east":{"uv":[7.5,6.5,8,7],"texture":"#Voxel-AAAAAA"}}},{"__comment":"Voxel-AAAAAA","from":[8.5,11,7.5],"to":[9,11.5,8],"faces":{"down":{"uv":[8.5,8,9,8.5],"texture":"#Voxel-AAAAAA"},"up":{"uv":[8.5,7.5,9,8],"texture":"#Voxel-AAAAAA"},"north":{"uv":[7,4.5,7.5,5],"texture":"#Voxel-AAAAAA"},"south":{"uv":[8.5,4.5,9,5],"texture":"#Voxel-AAAAAA"},"west":{"uv":[7.5,4.5,8,5],"texture":"#Voxel-AAAAAA"},"east":{"uv":[8,4.5,8.5,5],"texture":"#Voxel-AAAAAA"}}},{"__comment":"Voxel-AAAAAA","from":[8.5,11,8],"to":[9,11.5,8.5],"faces":{"down":{"uv":[8.5,7.5,9,8],"texture":"#Voxel-AAAAAA"},"up":{"uv":[8.5,8,9,8.5],"texture":"#Voxel-AAAAAA"},"north":{"uv":[7,4.5,7.5,5],"texture":"#Voxel-AAAAAA"},"south":{"uv":[8.5,4.5,9,5],"texture":"#Voxel-AAAAAA"},"west":{"uv":[8,4.5,8.5,5],"texture":"#Voxel-AAAAAA"},"east":{"uv":[7.5,4.5,8,5],"texture":"#Voxel-AAAAAA"}}},{"__comment":"Voxel-AAAAAA","from":[9,11,7.5],"to":[9.5,11.5,8],"faces":{"down":{"uv":[9,8,9.5,8.5],"texture":"#Voxel-AAAAAA"},"up":{"uv":[9,7.5,9.5,8],"texture":"#Voxel-AAAAAA"},"north":{"uv":[6.5,4.5,7,5],"texture":"#Voxel-AAAAAA"},"south":{"uv":[9,4.5,9.5,5],"texture":"#Voxel-AAAAAA"},"west":{"uv":[7.5,4.5,8,5],"texture":"#Voxel-AAAAAA"},"east":{"uv":[8,4.5,8.5,5],"texture":"#Voxel-AAAAAA"}}},{"__comment":"Voxel-AAAAAA","from":[9,11,8],"to":[9.5,11.5,8.5],"faces":{"down":{"uv":[9,7.5,9.5,8],"texture":"#Voxel-AAAAAA"},"up":{"uv":[9,8,9.5,8.5],"texture":"#Voxel-AAAAAA"},"north":{"uv":[6.5,4.5,7,5],"texture":"#Voxel-AAAAAA"},"south":{"uv":[9,4.5,9.5,5],"texture":"#Voxel-AAAAAA"},"west":{"uv":[8,4.5,8.5,5],"texture":"#Voxel-AAAAAA"},"east":{"uv":[7.5,4.5,8,5],"texture":"#Voxel-AAAAAA"}}},{"__comment":"Voxel-AAAAAA","from":[9.5,11,7.5],"to":[10,11.5,8],"faces":{"down":{"uv":[9.5,8,10,8.5],"texture":"#Voxel-AAAAAA"},"up":{"uv":[9.5,7.5,10,8],"texture":"#Voxel-AAAAAA"},"north":{"uv":[6,4.5,6.5,5],"texture":"#Voxel-AAAAAA"},"south":{"uv":[9.5,4.5,10,5],"texture":"#Voxel-AAAAAA"},"west":{"uv":[7.5,4.5,8,5],"texture":"#Voxel-AAAAAA"},"east":{"uv":[8,4.5,8.5,5],"texture":"#Voxel-AAAAAA"}}},{"__comment":"Voxel-AAAAAA","from":[9.5,11,8],"to":[10,11.5,8.5],"faces":{"down":{"uv":[9.5,7.5,10,8],"texture":"#Voxel-AAAAAA"},"up":{"uv":[9.5,8,10,8.5],"texture":"#Voxel-AAAAAA"},"north":{"uv":[6,4.5,6.5,5],"texture":"#Voxel-AAAAAA"},"south":{"uv":[9.5,4.5,10,5],"texture":"#Voxel-AAAAAA"},"west":{"uv":[8,4.5,8.5,5],"texture":"#Voxel-AAAAAA"},"east":{"uv":[7.5,4.5,8,5],"texture":"#Voxel-AAAAAA"}}},{"__comment":"Voxel-AAAAAA","from":[9.5,11.5,7.5],"to":[10,12,8],"faces":{"down":{"uv":[9.5,8,10,8.5],"texture":"#Voxel-AAAAAA"},"up":{"uv":[9.5,7.5,10,8],"texture":"#Voxel-AAAAAA"},"north":{"uv":[6,4,6.5,4.5],"texture":"#Voxel-AAAAAA"},"south":{"uv":[9.5,4,10,4.5],"texture":"#Voxel-AAAAAA"},"west":{"uv":[7.5,4,8,4.5],"texture":"#Voxel-AAAAAA"},"east":{"uv":[8,4,8.5,4.5],"texture":"#Voxel-AAAAAA"}}},{"__comment":"Voxel-AAAAAA","from":[9.5,11.5,8],"to":[10,12,8.5],"faces":{"down":{"uv":[9.5,7.5,10,8],"texture":"#Voxel-AAAAAA"},"up":{"uv":[9.5,8,10,8.5],"texture":"#Voxel-AAAAAA"},"north":{"uv":[6,4,6.5,4.5],"texture":"#Voxel-AAAAAA"},"south":{"uv":[9.5,4,10,4.5],"texture":"#Voxel-AAAAAA"},"west":{"uv":[8,4,8.5,4.5],"texture":"#Voxel-AAAAAA"},"east":{"uv":[7.5,4,8,4.5],"texture":"#Voxel-AAAAAA"}}},{"__comment":"Voxel-AAAAAA","from":[10,11.5,7.5],"to":[10.5,12,8],"faces":{"down":{"uv":[10,8,10.5,8.5],"texture":"#Voxel-AAAAAA"},"up":{"uv":[10,7.5,10.5,8],"texture":"#Voxel-AAAAAA"},"north":{"uv":[5.5,4,6,4.5],"texture":"#Voxel-AAAAAA"},"south":{"uv":[10,4,10.5,4.5],"texture":"#Voxel-AAAAAA"},"west":{"uv":[7.5,4,8,4.5],"texture":"#Voxel-AAAAAA"},"east":{"uv":[8,4,8.5,4.5],"texture":"#Voxel-AAAAAA"}}},{"__comment":"Voxel-AAAAAA","from":[10,11.5,8],"to":[10.5,12,8.5],"faces":{"down":{"uv":[10,7.5,10.5,8],"texture":"#Voxel-AAAAAA"},"up":{"uv":[10,8,10.5,8.5],"texture":"#Voxel-AAAAAA"},"north":{"uv":[5.5,4,6,4.5],"texture":"#Voxel-AAAAAA"},"south":{"uv":[10,4,10.5,4.5],"texture":"#Voxel-AAAAAA"},"west":{"uv":[8,4,8.5,4.5],"texture":"#Voxel-AAAAAA"},"east":{"uv":[7.5,4,8,4.5],"texture":"#Voxel-AAAAAA"}}},{"__comment":"Voxel-AAAAAA","from":[10,12,7.5],"to":[10.5,12.5,8],"faces":{"down":{"uv":[10,8,10.5,8.5],"texture":"#Voxel-AAAAAA"},"up":{"uv":[10,7.5,10.5,8],"texture":"#Voxel-AAAAAA"},"north":{"uv":[5.5,3.5,6,4],"texture":"#Voxel-AAAAAA"},"south":{"uv":[10,3.5,10.5,4],"texture":"#Voxel-AAAAAA"},"west":{"uv":[7.5,3.5,8,4],"texture":"#Voxel-AAAAAA"},"east":{"uv":[8,3.5,8.5,4],"texture":"#Voxel-AAAAAA"}}},{"__comment":"Voxel-AAAAAA","from":[10,12,8],"to":[10.5,12.5,8.5],"faces":{"down":{"uv":[10,7.5,10.5,8],"texture":"#Voxel-AAAAAA"},"up":{"uv":[10,8,10.5,8.5],"texture":"#Voxel-AAAAAA"},"north":{"uv":[5.5,3.5,6,4],"texture":"#Voxel-AAAAAA"},"south":{"uv":[10,3.5,10.5,4],"texture":"#Voxel-AAAAAA"},"west":{"uv":[8,3.5,8.5,4],"texture":"#Voxel-AAAAAA"},"east":{"uv":[7.5,3.5,8,4],"texture":"#Voxel-AAAAAA"}}},{"__comment":"Voxel-AAAAAA","from":[10,12.5,7.5],"to":[10.5,13,8],"faces":{"down":{"uv":[10,8,10.5,8.5],"texture":"#Voxel-AAAAAA"},"up":{"uv":[10,7.5,10.5,8],"texture":"#Voxel-AAAAAA"},"north":{"uv":[5.5,3,6,3.5],"texture":"#Voxel-AAAAAA"},"south":{"uv":[10,3,10.5,3.5],"texture":"#Voxel-AAAAAA"},"west":{"uv":[7.5,3,8,3.5],"texture":"#Voxel-AAAAAA"},"east":{"uv":[8,3,8.5,3.5],"texture":"#Voxel-AAAAAA"}}},{"__comment":"Voxel-AAAAAA","from":[10,12.5,8],"to":[10.5,13,8.5],"faces":{"down":{"uv":[10,7.5,10.5,8],"texture":"#Voxel-AAAAAA"},"up":{"uv":[10,8,10.5,8.5],"texture":"#Voxel-AAAAAA"},"north":{"uv":[5.5,3,6,3.5],"texture":"#Voxel-AAAAAA"},"south":{"uv":[10,3,10.5,3.5],"texture":"#Voxel-AAAAAA"},"west":{"uv":[8,3,8.5,3.5],"texture":"#Voxel-AAAAAA"},"east":{"uv":[7.5,3,8,3.5],"texture":"#Voxel-AAAAAA"}}},{"__comment":"Voxel-AAAAAA","from":[10,13,7.5],"to":[10.5,13.5,8],"faces":{"down":{"uv":[10,8,10.5,8.5],"texture":"#Voxel-AAAAAA"},"up":{"uv":[10,7.5,10.5,8],"texture":"#Voxel-AAAAAA"},"north":{"uv":[5.5,2.5,6,3],"texture":"#Voxel-AAAAAA"},"south":{"uv":[10,2.5,10.5,3],"texture":"#Voxel-AAAAAA"},"west":{"uv":[7.5,2.5,8,3],"texture":"#Voxel-AAAAAA"},"east":{"uv":[8,2.5,8.5,3],"texture":"#Voxel-AAAAAA"}}},{"__comment":"Voxel-AAAAAA","from":[10,13,8],"to":[10.5,13.5,8.5],"faces":{"down":{"uv":[10,7.5,10.5,8],"texture":"#Voxel-AAAAAA"},"up":{"uv":[10,8,10.5,8.5],"texture":"#Voxel-AAAAAA"},"north":{"uv":[5.5,2.5,6,3],"texture":"#Voxel-AAAAAA"},"south":{"uv":[10,2.5,10.5,3],"texture":"#Voxel-AAAAAA"},"west":{"uv":[8,2.5,8.5,3],"texture":"#Voxel-AAAAAA"},"east":{"uv":[7.5,2.5,8,3],"texture":"#Voxel-AAAAAA"}}},{"__comment":"Voxel-AAAAAA","from":[10,13.5,7.5],"to":[10.5,14,8],"faces":{"down":{"uv":[10,8,10.5,8.5],"texture":"#Voxel-AAAAAA"},"up":{"uv":[10,7.5,10.5,8],"texture":"#Voxel-AAAAAA"},"north":{"uv":[5.5,2,6,2.5],"texture":"#Voxel-AAAAAA"},"south":{"uv":[10,2,10.5,2.5],"texture":"#Voxel-AAAAAA"},"west":{"uv":[7.5,2,8,2.5],"texture":"#Voxel-AAAAAA"},"east":{"uv":[8,2,8.5,2.5],"texture":"#Voxel-AAAAAA"}}},{"__comment":"Voxel-AAAAAA","from":[10,13.5,8],"to":[10.5,14,8.5],"faces":{"down":{"uv":[10,7.5,10.5,8],"texture":"#Voxel-AAAAAA"},"up":{"uv":[10,8,10.5,8.5],"texture":"#Voxel-AAAAAA"},"north":{"uv":[5.5,2,6,2.5],"texture":"#Voxel-AAAAAA"},"south":{"uv":[10,2,10.5,2.5],"texture":"#Voxel-AAAAAA"},"west":{"uv":[8,2,8.5,2.5],"texture":"#Voxel-AAAAAA"},"east":{"uv":[7.5,2,8,2.5],"texture":"#Voxel-AAAAAA"}}},{"__comment":"Voxel-AAAAAA","from":[10,14,8],"to":[10.5,14.5,8.5],"faces":{"down":{"uv":[10,7.5,10.5,8],"texture":"#Voxel-AAAAAA"},"up":{"uv":[10,8,10.5,8.5],"texture":"#Voxel-AAAAAA"},"north":{"uv":[5.5,1.5,6,2],"texture":"#Voxel-AAAAAA"},"south":{"uv":[10,1.5,10.5,2],"texture":"#Voxel-AAAAAA"},"west":{"uv":[8,1.5,8.5,2],"texture":"#Voxel-AAAAAA"},"east":{"uv":[7.5,1.5,8,2],"texture":"#Voxel-AAAAAA"}}},{"__comment":"Voxel-AAAAAA","from":[10,14.5,8],"to":[10.5,15,8.5],"faces":{"down":{"uv":[10,7.5,10.5,8],"texture":"#Voxel-AAAAAA"},"up":{"uv":[10,8,10.5,8.5],"texture":"#Voxel-AAAAAA"},"north":{"uv":[5.5,1,6,1.5],"texture":"#Voxel-AAAAAA"},"south":{"uv":[10,1,10.5,1.5],"texture":"#Voxel-AAAAAA"},"west":{"uv":[8,1,8.5,1.5],"texture":"#Voxel-AAAAAA"},"east":{"uv":[7.5,1,8,1.5],"texture":"#Voxel-AAAAAA"}}},{"__comment":"Voxel-AAAAAA","from":[10,15,8],"to":[10.5,15.5,8.5],"faces":{"down":{"uv":[10,7.5,10.5,8],"texture":"#Voxel-AAAAAA"},"up":{"uv":[10,8,10.5,8.5],"texture":"#Voxel-AAAAAA"},"north":{"uv":[5.5,0.5,6,1],"texture":"#Voxel-AAAAAA"},"south":{"uv":[10,0.5,10.5,1],"texture":"#Voxel-AAAAAA"},"west":{"uv":[8,0.5,8.5,1],"texture":"#Voxel-AAAAAA"},"east":{"uv":[7.5,0.5,8,1],"texture":"#Voxel-AAAAAA"}}}],"display":{"thirdperson_righthand":{"rotation":[0,-11,-1],"translation":[0,7.6521,0],"scale":[1.7,1.7,1.7]},"thirdperson_lefthand":{"rotation":[30,-11,1],"translation":[0,4.6521,5],"scale":[1.7,1.7,1.7]},"firstperson_righthand":{"rotation":[-5,3,-9],"translation":[0,5.5652,0]},"firstperson_lefthand":{"rotation":[-5,3,-9],"translation":[0,5.5652,0]},"gui":{"rotation":[8,157,-40],"translation":[0.6956,0.0016,7.6517]},"ground":{"translation":[0,2,0],"scale":[0.5,0.5,0.5]}}}