{"__comment":"Designed by Oberdiah - http://bdcraft.net","textures":{"texture":"block/hay_block_top","hay_block_side":"block/hay_block_side"},"elements":[{"from":[3,7,0],"to":[4,8,1],"faces":{"down":{"uv":[13,1,12,0],"texture":"#texture"},"up":{"uv":[3,0,4,1],"texture":"#texture"},"north":{"uv":[12,8,13,9],"texture":"#texture"},"south":{"uv":[3,8,4,9],"texture":"#texture"},"west":{"uv":[0,8,1,9],"texture":"#texture"},"east":{"uv":[15,8,16,9],"texture":"#texture"}}},{"from":[5,7,0],"to":[6,8,1],"faces":{"down":{"uv":[11,1,10,0],"texture":"#texture"},"up":{"uv":[5,0,6,1],"texture":"#texture"},"north":{"uv":[10,8,11,9],"texture":"#texture"},"south":{"uv":[5,8,6,9],"texture":"#texture"},"west":{"uv":[0,8,1,9],"texture":"#texture"},"east":{"uv":[15,8,16,9],"texture":"#texture"}}},{"from":[7,7,0],"to":[9,8,1],"faces":{"down":{"uv":[9,1,7,0],"texture":"#texture"},"up":{"uv":[7,0,9,1],"texture":"#texture"},"north":{"uv":[7,8,9,9],"texture":"#texture"},"south":{"uv":[7,8,9,9],"texture":"#texture"},"west":{"uv":[0,8,1,9],"texture":"#texture"},"east":{"uv":[15,8,16,9],"texture":"#texture"}}},{"from":[11,7,0],"to":[12,8,1],"faces":{"down":{"uv":[5,1,4,0],"texture":"#texture"},"up":{"uv":[11,0,12,1],"texture":"#texture"},"north":{"uv":[4,8,5,9],"texture":"#texture"},"south":{"uv":[11,8,12,9],"texture":"#texture"},"west":{"uv":[0,8,1,9],"texture":"#texture"},"east":{"uv":[15,8,16,9],"texture":"#texture"}}},{"from":[15,7,1],"to":[16,8,2],"faces":{"down":{"uv":[1,2,0,1],"texture":"#texture"},"up":{"uv":[15,1,16,2],"texture":"#texture"},"north":{"uv":[0,8,1,9],"texture":"#texture"},"south":{"uv":[15,8,16,9],"texture":"#texture"},"west":{"uv":[1,8,2,9],"texture":"#texture"},"east":{"uv":[14,8,15,9],"texture":"#texture"}}},{"from":[15,7,3],"to":[16,8,5],"faces":{"down":{"uv":[1,5,0,3],"texture":"#texture"},"up":{"uv":[15,3,16,5],"texture":"#texture"},"north":{"uv":[0,8,1,9],"texture":"#texture"},"south":{"uv":[15,8,16,9],"texture":"#texture"},"west":{"uv":[3,8,5,9],"texture":"#texture"},"east":{"uv":[11,8,13,9],"texture":"#texture"}}},{"from":[15,7,6],"to":[16,8,9],"faces":{"down":{"uv":[1,9,0,6],"texture":"#texture"},"up":{"uv":[15,6,16,9],"texture":"#texture"},"north":{"uv":[0,8,1,9],"texture":"#texture"},"south":{"uv":[15,8,16,9],"texture":"#texture"},"west":{"uv":[6,8,9,9],"texture":"#texture"},"east":{"uv":[7,8,10,9],"texture":"#texture"}}},{"from":[15,7,11],"to":[16,8,13],"faces":{"down":{"uv":[1,13,0,11],"texture":"#texture"},"up":{"uv":[15,11,16,13],"texture":"#texture"},"north":{"uv":[0,8,1,9],"texture":"#texture"},"south":{"uv":[15,8,16,9],"texture":"#texture"},"west":{"uv":[11,8,13,9],"texture":"#texture"},"east":{"uv":[3,8,5,9],"texture":"#texture"}}},{"from":[12,7,15],"to":[13,8,16],"faces":{"down":{"uv":[4,16,3,15],"texture":"#texture"},"up":{"uv":[12,15,13,16],"texture":"#texture"},"north":{"uv":[3,8,4,9],"texture":"#texture"},"south":{"uv":[12,8,13,9],"texture":"#texture"},"west":{"uv":[15,8,16,9],"texture":"#texture"},"east":{"uv":[0,8,1,9],"texture":"#texture"}}},{"from":[9,7,15],"to":[11,8,16],"faces":{"down":{"uv":[7,16,5,15],"texture":"#texture"},"up":{"uv":[9,15,11,16],"texture":"#texture"},"north":{"uv":[5,8,7,9],"texture":"#texture"},"south":{"uv":[9,8,11,9],"texture":"#texture"},"west":{"uv":[15,8,16,9],"texture":"#texture"},"east":{"uv":[0,8,1,9],"texture":"#texture"}}},{"from":[5,7,15],"to":[7,8,16],"faces":{"down":{"uv":[11,16,9,15],"texture":"#texture"},"up":{"uv":[5,15,7,16],"texture":"#texture"},"north":{"uv":[9,8,11,9],"texture":"#texture"},"south":{"uv":[5,8,7,9],"texture":"#texture"},"west":{"uv":[15,8,16,9],"texture":"#texture"},"east":{"uv":[0,8,1,9],"texture":"#texture"}}},{"from":[13,7,0],"to":[14,8,1],"faces":{"down":{"uv":[3,1,2,0],"texture":"#texture"},"up":{"uv":[13,0,14,1],"texture":"#texture"},"north":{"uv":[2,8,3,9],"texture":"#texture"},"south":{"uv":[13,8,14,9],"texture":"#texture"},"west":{"uv":[0,8,1,9],"texture":"#texture"},"east":{"uv":[15,8,16,9],"texture":"#texture"}}},{"from":[3,7,15],"to":[4,8,16],"faces":{"down":{"uv":[13,16,12,15],"texture":"#texture"},"up":{"uv":[3,15,4,16],"texture":"#texture"},"north":{"uv":[12,8,13,9],"texture":"#texture"},"south":{"uv":[3,8,4,9],"texture":"#texture"},"west":{"uv":[15,8,16,9],"texture":"#texture"},"east":{"uv":[0,8,1,9],"texture":"#texture"}}},{"from":[0,7,3],"to":[1,8,5],"faces":{"down":{"uv":[16,5,15,3],"texture":"#texture"},"up":{"uv":[0,3,1,5],"texture":"#texture"},"north":{"uv":[15,8,16,9],"texture":"#texture"},"south":{"uv":[0,8,1,9],"texture":"#texture"},"west":{"uv":[3,8,5,9],"texture":"#texture"},"east":{"uv":[11,8,13,9],"texture":"#texture"}}},{"from":[0,7,7],"to":[1,8,10],"faces":{"down":{"uv":[16,10,15,7],"texture":"#texture"},"up":{"uv":[0,7,1,10],"texture":"#texture"},"north":{"uv":[15,8,16,9],"texture":"#texture"},"south":{"uv":[0,8,1,9],"texture":"#texture"},"west":{"uv":[7,8,10,9],"texture":"#texture"},"east":{"uv":[6,8,9,9],"texture":"#texture"}}},{"from":[0,7,12],"to":[1,8,13],"faces":{"down":{"uv":[16,13,15,12],"texture":"#texture"},"up":{"uv":[0,12,1,13],"texture":"#texture"},"north":{"uv":[15,8,16,9],"texture":"#texture"},"south":{"uv":[0,8,1,9],"texture":"#texture"},"west":{"uv":[12,8,13,9],"texture":"#texture"},"east":{"uv":[3,8,4,9],"texture":"#texture"}}},{"from":[2,7,1],"to":[14,8,15],"faces":{"down":{"uv":[14,15,2,1],"texture":"#texture"},"up":{"uv":[2,1,14,15],"texture":"#texture"},"north":{"uv":[2,8,14,9],"texture":"#texture"},"south":{"uv":[2,8,14,9],"texture":"#texture"},"west":{"uv":[1,8,15,9],"texture":"#texture"},"east":{"uv":[1,8,15,9],"texture":"#texture"}}},{"from":[1,7,2],"to":[2,8,14],"faces":{"down":{"uv":[15,14,14,2],"texture":"#texture"},"up":{"uv":[1,2,2,14],"texture":"#texture"},"north":{"uv":[14,8,15,9],"texture":"#texture"},"south":{"uv":[1,8,2,9],"texture":"#texture"},"west":{"uv":[2,8,14,9],"texture":"#texture"},"east":{"uv":[2,8,14,9],"texture":"#texture"}}},{"from":[14,7,2],"to":[15,8,14],"faces":{"down":{"uv":[2,14,1,2],"texture":"#texture"},"up":{"uv":[14,2,15,14],"texture":"#texture"},"north":{"uv":[1,8,2,9],"texture":"#texture"},"south":{"uv":[14,8,15,9],"texture":"#texture"},"west":{"uv":[2,8,14,9],"texture":"#texture"},"east":{"uv":[2,8,14,9],"texture":"#texture"}}},{"from":[4,8,4],"to":[12,9,12],"faces":{"down":{"uv":[12,12,4,4],"texture":"#hay_block_side"},"up":{"uv":[4,4,12,12],"texture":"#hay_block_side"},"north":{"uv":[4,3,12,4],"texture":"#hay_block_side"},"south":{"uv":[4,3,12,4],"texture":"#hay_block_side"},"west":{"uv":[3,3,11,4],"texture":"#hay_block_side"},"east":{"uv":[3,3,11,4],"texture":"#hay_block_side"}}},{"from":[4,9,4],"to":[12,10,12],"faces":{"down":{"uv":[12,12,4,4],"texture":"#texture"},"up":{"uv":[4,4,12,12],"texture":"#texture"},"north":{"uv":[4,3,12,4],"texture":"#texture"},"south":{"uv":[4,3,12,4],"texture":"#texture"},"west":{"uv":[3,3,11,4],"texture":"#texture"},"east":{"uv":[3,3,11,4],"texture":"#texture"}}},{"from":[4,10,5],"to":[12,11,11],"faces":{"down":{"uv":[12,12,4,4],"texture":"#texture"},"up":{"uv":[4,4,12,12],"texture":"#texture"},"north":{"uv":[4,3,12,4],"texture":"#texture"},"south":{"uv":[4,3,12,4],"texture":"#texture"},"west":{"uv":[3,3,11,4],"texture":"#texture"},"east":{"uv":[3,3,11,4],"texture":"#texture"}}},{"from":[5,10,4],"to":[11,11,12],"faces":{"down":{"uv":[12,12,4,4],"texture":"#texture"},"up":{"uv":[4,4,12,12],"texture":"#texture"},"north":{"uv":[4,3,12,4],"texture":"#texture"},"south":{"uv":[4,3,12,4],"texture":"#texture"},"west":{"uv":[3,3,11,4],"texture":"#texture"},"east":{"uv":[3,3,11,4],"texture":"#texture"}}},{"from":[5,11,5],"to":[11,12,11],"faces":{"down":{"uv":[12,12,4,4],"texture":"#texture"},"up":{"uv":[4,4,12,12],"texture":"#texture"},"north":{"uv":[4,3,12,4],"texture":"#texture"},"south":{"uv":[4,3,12,4],"texture":"#texture"},"west":{"uv":[3,3,11,4],"texture":"#texture"},"east":{"uv":[3,3,11,4],"texture":"#texture"}}}],"display":{"gui":{"rotation":[21,50,0],"translation":[0,-2.085,8.3478]},"head":{"translation":[0,5.5913,0],"scale":[1.9,1.9,1.9]}}}