{
	"texture_size": [32, 32],
	"textures": {
		"0": "craftadia/tools/greensaber"
	},
	"elements": [
		{
			"from": [7, 0, 7],
			"to": [9, 1, 9],
			"rotation": {"angle": 0, "axis": "y", "origin": [8, 0, 8]},
			"faces": {
				"north": {"uv": [3, 6, 4, 6.5], "texture": "#0"},
				"east": {"uv": [2, 6, 3, 6.5], "texture": "#0"},
				"south": {"uv": [5, 6, 6, 6.5], "texture": "#0"},
				"west": {"uv": [4, 6, 5, 6.5], "texture": "#0"},
				"up": {"uv": [4, 6, 3, 5], "texture": "#0"},
				"down": {"uv": [5, 5, 4, 6], "texture": "#0"}
			}
		},
		{
			"from": [7.4, 0.9, 7.4],
			"to": [8.6, 9.1, 8.6],
			"rotation": {"angle": 0, "axis": "y", "origin": [7.5, 4, 8.5]},
			"faces": {
				"north": {"uv": [6, 6.5, 6.5, 10.5], "texture": "#0"},
				"east": {"uv": [5.5, 6.5, 6, 10.5], "texture": "#0"},
				"south": {"uv": [7, 6.5, 7.5, 10.5], "texture": "#0"},
				"west": {"uv": [6.5, 6.5, 7, 10.5], "texture": "#0"},
				"up": {"uv": [6.5, 6.5, 6, 6], "texture": "#0"},
				"down": {"uv": [7, 6, 6.5, 6.5], "texture": "#0"}
			}
		},
		{
			"from": [6.9, 5.15, 6.9],
			"to": [9.1, 7.35, 9.1],
			"rotation": {"angle": 0, "axis": "y", "origin": [8, 3.25, 9]},
			"faces": {
				"north": {"uv": [3, 3, 4, 4], "texture": "#0"},
				"east": {"uv": [2, 3, 3, 4], "texture": "#0"},
				"south": {"uv": [5, 3, 6, 4], "texture": "#0"},
				"west": {"uv": [4, 3, 5, 4], "texture": "#0"},
				"up": {"uv": [4, 3, 3, 2], "texture": "#0"},
				"down": {"uv": [5, 2, 4, 3], "texture": "#0"}
			}
		},
		{
			"from": [7.4, 9.925, 7.4],
			"to": [8.6, 28.125, 8.6],
			"rotation": {"angle": 0, "axis": "y", "origin": [7.5, 13.025, 8.5]},
			"faces": {
				"north": {"uv": [0.5, 0.5, 1, 9.5], "texture": "#0"},
				"east": {"uv": [0, 0.5, 0.5, 9.5], "texture": "#0"},
				"south": {"uv": [1.5, 0.5, 2, 9.5], "texture": "#0"},
				"west": {"uv": [1, 0.5, 1.5, 9.5], "texture": "#0"},
				"up": {"uv": [1, 0.5, 0.5, 0], "texture": "#0"},
				"down": {"uv": [1.5, 0, 1, 0.5], "texture": "#0"}
			}
		},
		{
			"from": [7, 9, 7],
			"to": [9, 10, 9],
			"rotation": {"angle": 0, "axis": "y", "origin": [8, 4, 9]},
			"faces": {
				"north": {"uv": [3, 1, 4, 1.5], "texture": "#0"},
				"east": {"uv": [2, 1, 3, 1.5], "texture": "#0"},
				"south": {"uv": [5, 1, 6, 1.5], "texture": "#0"},
				"west": {"uv": [4, 1, 5, 1.5], "texture": "#0"},
				"up": {"uv": [4, 1, 3, 0], "texture": "#0"},
				"down": {"uv": [5, 0, 4, 1], "texture": "#0"}
			}
		}
	],
	"display": {
		"thirdperson_righthand": {
			"translation": [0, 3, 2]
		},
		"firstperson_righthand": {
			"rotation": [0, -90, 25],
			"translation": [1.13, 3.2, 1.13]
		},
		"firstperson_lefthand": {
			"rotation": [0, 90, -25],
			"translation": [1.13, 3.2, 1.13]
		},
		"gui": {
			"rotation": [15, 160, 45],
			"translation": [-2.75, -2.75, 0],
			"scale": [0.75, 0.75, 0.75]
		}
	},
	"groups": [
		{
			"name": "Saber",
			"origin": [-0.5, 7.4, 0.5],
			"children": [0, 1, 2, 3, 4]
		}
	]
}