{
	"texture_size": [32, 32],
	"textures": {
		"0": "craftadia/tools/redsaber"
	},
	"elements": [
		{
			"from": [2.4, 7.3, 7.4],
			"to": [13.6, 8.5, 8.6],
			"rotation": {"angle": 0, "axis": "y", "origin": [8, 0, 8]},
			"faces": {
				"north": {"uv": [6, 5.5, 11.5, 6], "texture": "#0"},
				"east": {"uv": [5.5, 5.5, 6, 6], "texture": "#0"},
				"south": {"uv": [0, 5.5, 5.5, 6], "texture": "#0"},
				"west": {"uv": [11.5, 5.5, 12, 6], "texture": "#0"},
				"up": {"uv": [6, 5.5, 5.5, 0], "rotation": 90, "texture": "#0"},
				"down": {"uv": [6.5, 0, 6, 5.5], "rotation": 270, "texture": "#0"}
			}
		},
		{
			"from": [7, 0, 7],
			"to": [9, 1, 9],
			"rotation": {"angle": 0, "axis": "y", "origin": [8, 0, 8]},
			"faces": {
				"north": {"uv": [8.5, 1, 9.5, 1.5], "texture": "#0"},
				"east": {"uv": [7.5, 1, 8.5, 1.5], "texture": "#0"},
				"south": {"uv": [6.5, 1, 7.5, 1.5], "texture": "#0"},
				"west": {"uv": [9.5, 1, 10.5, 1.5], "texture": "#0"},
				"up": {"uv": [8.5, 1, 7.5, 0], "rotation": 90, "texture": "#0"},
				"down": {"uv": [9.5, 0, 8.5, 1], "rotation": 270, "texture": "#0"}
			}
		},
		{
			"from": [7.4, 0.9, 7.4],
			"to": [8.6, 6.1, 8.6],
			"rotation": {"angle": 0, "axis": "y", "origin": [8, 0, 8]},
			"faces": {
				"north": {"uv": [7.5, 2, 8, 4.5], "texture": "#0"},
				"east": {"uv": [7, 2, 7.5, 4.5], "texture": "#0"},
				"south": {"uv": [6.5, 2, 7, 4.5], "texture": "#0"},
				"west": {"uv": [8, 2, 8.5, 4.5], "texture": "#0"},
				"up": {"uv": [7.5, 2, 7, 1.5], "rotation": 90, "texture": "#0"},
				"down": {"uv": [8, 1.5, 7.5, 2], "rotation": 270, "texture": "#0"}
			}
		},
		{
			"from": [6.9, 5.9, 6.9],
			"to": [9.1, 9.1, 9.1],
			"rotation": {"angle": 0, "axis": "y", "origin": [8, 0, 8]},
			"faces": {
				"north": {"uv": [2, 3.5, 3, 5], "texture": "#0"},
				"east": {"uv": [1, 3.5, 2, 5], "texture": "#0"},
				"south": {"uv": [0, 3.5, 1, 5], "texture": "#0"},
				"west": {"uv": [3, 3.5, 4, 5], "texture": "#0"},
				"up": {"uv": [2, 3.5, 1, 2.5], "rotation": 90, "texture": "#0"},
				"down": {"uv": [3, 2.5, 2, 3.5], "rotation": 270, "texture": "#0"}
			}
		},
		{
			"from": [7.4, 9.9, 7.4],
			"to": [8.6, 28.1, 8.6],
			"rotation": {"angle": 0, "axis": "y", "origin": [8, 0, 8]},
			"faces": {
				"north": {"uv": [1, 6.5, 1.5, 15.5], "texture": "#0"},
				"east": {"uv": [0.5, 6.5, 1, 15.5], "texture": "#0"},
				"south": {"uv": [0, 6.5, 0.5, 15.5], "texture": "#0"},
				"west": {"uv": [1.5, 6.5, 2, 15.5], "texture": "#0"},
				"up": {"uv": [1, 6.5, 0.5, 6], "rotation": 90, "texture": "#0"},
				"down": {"uv": [1.5, 6, 1, 6.5], "rotation": 270, "texture": "#0"}
			}
		},
		{
			"from": [7, 9, 7],
			"to": [9, 10, 9],
			"rotation": {"angle": 0, "axis": "y", "origin": [8, 0, 8]},
			"faces": {
				"north": {"uv": [7.5, 7, 8.5, 7.5], "texture": "#0"},
				"east": {"uv": [6.5, 7, 7.5, 7.5], "texture": "#0"},
				"south": {"uv": [5.5, 7, 6.5, 7.5], "texture": "#0"},
				"west": {"uv": [8.5, 7, 9.5, 7.5], "texture": "#0"},
				"up": {"uv": [7.5, 7, 6.5, 6], "rotation": 90, "texture": "#0"},
				"down": {"uv": [8.5, 6, 7.5, 7], "rotation": 270, "texture": "#0"}
			}
		},
		{
			"from": [6.5, 6.9, 7],
			"to": [9.5, 8.9, 9],
			"rotation": {"angle": 0, "axis": "y", "origin": [8, 0, 8]},
			"faces": {
				"north": {"uv": [2.5, 1.5, 4, 2.5], "texture": "#0"},
				"east": {"uv": [1.5, 1.5, 2.5, 2.5], "texture": "#0"},
				"south": {"uv": [0, 1.5, 1.5, 2.5], "texture": "#0"},
				"west": {"uv": [4, 1.5, 5, 2.5], "texture": "#0"},
				"up": {"uv": [2.5, 1.5, 1.5, 0], "rotation": 90, "texture": "#0"},
				"down": {"uv": [3.5, 0, 2.5, 1.5], "rotation": 270, "texture": "#0"}
			}
		},
		{
			"from": [5.25, 7.15, 7.25],
			"to": [10.75, 8.65, 8.75],
			"rotation": {"angle": 0, "axis": "y", "origin": [8, 0, 8]},
			"faces": {
				"north": {"uv": [5, 8.5, 7.5, 9], "texture": "#0"},
				"east": {"uv": [4.5, 8.5, 5, 9], "texture": "#0"},
				"south": {"uv": [2, 8.5, 4.5, 9], "texture": "#0"},
				"west": {"uv": [7.5, 8.5, 8, 9], "texture": "#0"},
				"up": {"uv": [5, 8.5, 4.5, 6], "rotation": 90, "texture": "#0"},
				"down": {"uv": [5.5, 6, 5, 8.5], "rotation": 270, "texture": "#0"}
			}
		}
	],
	"display": {
		"thirdperson_righthand": {
			"rotation": [0, 90, 0],
			"translation": [0, 2.5, 1.75]
		},
		"thirdperson_lefthand": {
			"rotation": [0, 90, 0],
			"translation": [0, 2.5, 1.75]
		},
		"firstperson_righthand": {
			"rotation": [0, -90, 25],
			"translation": [1.13, 3.2, 1.13]
		},
		"firstperson_lefthand": {
			"rotation": [0, 90, -25],
			"translation": [1.13, 3.2, 1.13]
		},
		"gui": {
			"rotation": [15, 160, 45],
			"translation": [-2.75, -2.75, 0],
			"scale": [0.75, 0.75, 0.75]
		}
	},
	"groups": [
		{
			"name": "Saber",
			"origin": [-0.5, 7.4, 0.5],
			"children": [0, 1, 2, 3, 4, 5, 6, 7]
		}
	]
}