{
	"credit": "Made with Blockbench",
	"textures": {
		"2": "craftadia/tools/scythe"
	},
	"elements": [
		{
			"from": [7.496, 14.11898, 3.83212],
			"to": [8.504, 17.12698, 11.84012],
			"rotation": {"angle": 0, "axis": "x", "origin": [8, 11.26445, 6.21353]},
			"faces": {
				"north": {"uv": [4, 4, 4.5, 5.5], "texture": "#2"},
				"east": {"uv": [0, 4, 4, 5.5], "texture": "#2"},
				"south": {"uv": [8.5, 4, 9, 5.5], "texture": "#2"},
				"west": {"uv": [4.5, 4, 8.5, 5.5], "texture": "#2"},
				"up": {"uv": [4.5, 4, 4, 0], "texture": "#2"},
				"down": {"uv": [5, 0, 4.5, 4], "texture": "#2"}
			}
		},
		{
			"from": [7.5, 17.26551, 6.0507],
			"to": [8.5, 19.38448, 8.16968],
			"rotation": {"angle": 45, "axis": "x", "origin": [8, 11.26445, 6.21353]},
			"faces": {
				"north": {"uv": [1, 1, 1.5, 2], "texture": "#2"},
				"east": {"uv": [0, 1, 1, 2], "texture": "#2"},
				"south": {"uv": [2.5, 1, 3, 2], "texture": "#2"},
				"west": {"uv": [1.5, 1, 2.5, 2], "texture": "#2"},
				"up": {"uv": [1.5, 1, 1, 0], "texture": "#2"},
				"down": {"uv": [2, 0, 1.5, 1], "texture": "#2"}
			}
		},
		{
			"from": [7.5, -8.9891, 7.91328],
			"to": [8.5, 10.0109, 8.91328],
			"rotation": {"angle": 0, "axis": "x", "origin": [8, 11.26445, 6.21353]},
			"faces": {
				"north": {"uv": [0.5, 6, 1, 15.5], "texture": "#2"},
				"east": {"uv": [0, 6, 0.5, 15.5], "texture": "#2"},
				"south": {"uv": [1.5, 6, 2, 15.5], "texture": "#2"},
				"west": {"uv": [1, 6, 1.5, 15.5], "texture": "#2"},
				"up": {"uv": [1, 6, 0.5, 5.5], "texture": "#2"},
				"down": {"uv": [1.5, 5.5, 1, 6], "texture": "#2"}
			}
		},
		{
			"from": [7.5, -9.9891, 7.41328],
			"to": [8.5, -8.9891, 9.41328],
			"rotation": {"angle": 0, "axis": "x", "origin": [8, 11.26445, 6.21353]},
			"faces": {
				"north": {"uv": [1, 3, 1.5, 3.5], "texture": "#2"},
				"east": {"uv": [0, 3, 1, 3.5], "texture": "#2"},
				"south": {"uv": [2.5, 3, 3, 3.5], "texture": "#2"},
				"west": {"uv": [1.5, 3, 2.5, 3.5], "texture": "#2"},
				"up": {"uv": [1.5, 3, 1, 2], "texture": "#2"},
				"down": {"uv": [2, 2, 1.5, 3], "texture": "#2"}
			}
		},
		{
			"from": [7.504, 10.76078, 8.26761],
			"to": [8.496, 16.25278, 9.25961],
			"rotation": {"angle": 22.5, "axis": "x", "origin": [8, 11.26445, 6.21353]},
			"faces": {
				"north": {"uv": [5.5, 0.5, 6, 3], "texture": "#2"},
				"east": {"uv": [5, 0.5, 5.5, 3], "texture": "#2"},
				"south": {"uv": [6.5, 0.5, 7, 3], "texture": "#2"},
				"west": {"uv": [6, 0.5, 6.5, 3], "texture": "#2"},
				"up": {"uv": [6, 0.5, 5.5, 0], "texture": "#2"},
				"down": {"uv": [6.5, 0, 6, 0.5], "texture": "#2"}
			}
		},
		{
			"from": [7.25, 14.75678, 8.01361],
			"to": [8.75, 17.75678, 9.51361],
			"rotation": {"angle": 22.5, "axis": "x", "origin": [8, 11.26445, 6.21353]},
			"faces": {
				"north": {"uv": [2.5, 6, 3, 7.5], "texture": "#2"},
				"east": {"uv": [2, 6, 2.5, 7.5], "texture": "#2"},
				"south": {"uv": [3.5, 6, 4, 7.5], "texture": "#2"},
				"west": {"uv": [3, 6, 3.5, 7.5], "texture": "#2"},
				"up": {"uv": [3, 6, 2.5, 5.5], "texture": "#2"},
				"down": {"uv": [3.5, 5.5, 3, 6], "texture": "#2"}
			}
		},
		{
			"from": [7.5, 14.81519, 0.111],
			"to": [8.5, 15.31519, 6.611],
			"rotation": {"angle": -22.5, "axis": "x", "origin": [8, 11.26445, 6.21353]},
			"faces": {
				"north": {"uv": [14, 0, 14.5, 0.5], "texture": "#2"},
				"east": {"uv": [7.25, 1, 10.5, 1.25], "texture": "#2"},
				"south": {"uv": [14, 0, 14.5, 0.5], "texture": "#2"},
				"west": {"uv": [7.25, 1.75, 10.5, 2], "texture": "#2"},
				"up": {"uv": [7.25, 1, 10.5, 1.25], "rotation": 90, "texture": "#2"},
				"down": {"uv": [7.25, 1.25, 10.5, 1.75], "rotation": 90, "texture": "#2"}
			}
		},
		{
			"from": [7.5, 15.31519, 0.611],
			"to": [8.5, 15.81519, 6.611],
			"rotation": {"angle": -22.5, "axis": "x", "origin": [8, 11.26445, 6.21353]},
			"faces": {
				"north": {"uv": [14, 0, 14.5, 0.5], "texture": "#2"},
				"east": {"uv": [7.25, 0.75, 10.25, 1], "texture": "#2"},
				"south": {"uv": [14, 0, 14.5, 0.5], "texture": "#2"},
				"west": {"uv": [7.25, 2, 10.25, 2.25], "texture": "#2"},
				"up": {"uv": [7.25, 0.75, 10.25, 1], "rotation": 90, "texture": "#2"},
				"down": {"uv": [7.25, 0.75, 10.25, 1], "texture": "#2"}
			}
		},
		{
			"from": [7.5, 15.81519, 1.111],
			"to": [8.5, 16.31519, 6.611],
			"rotation": {"angle": -22.5, "axis": "x", "origin": [8, 11.26445, 6.21353]},
			"faces": {
				"north": {"uv": [14, 0, 14.5, 0.5], "texture": "#2"},
				"east": {"uv": [7.25, 0.5, 10, 0.75], "texture": "#2"},
				"south": {"uv": [14, 0, 14.5, 0.5], "texture": "#2"},
				"west": {"uv": [7.25, 2.25, 10, 2.5], "texture": "#2"},
				"up": {"uv": [7.25, 0.5, 10, 0.75], "rotation": 90, "texture": "#2"},
				"down": {"uv": [7.25, 0.5, 10, 0.75], "texture": "#2"}
			}
		},
		{
			"from": [7.5, 16.31519, 2.111],
			"to": [8.5, 16.81519, 6.611],
			"rotation": {"angle": -22.5, "axis": "x", "origin": [8, 11.26445, 6.21353]},
			"faces": {
				"north": {"uv": [14, 0, 14.5, 0.5], "texture": "#2"},
				"east": {"uv": [7.25, 0.25, 9.5, 0.5], "texture": "#2"},
				"south": {"uv": [14, 0, 14.5, 0.5], "texture": "#2"},
				"west": {"uv": [7.25, 2.5, 9.5, 2.75], "texture": "#2"},
				"up": {"uv": [7.25, 0.25, 9.5, 0.5], "rotation": 90, "texture": "#2"},
				"down": {"uv": [7.25, 0.25, 9.5, 0.5], "texture": "#2"}
			}
		},
		{
			"from": [7.5, 16.81519, 3.611],
			"to": [8.5, 17.31519, 6.611],
			"rotation": {"angle": -22.5, "axis": "x", "origin": [8, 11.26445, 6.21353]},
			"faces": {
				"north": {"uv": [14, 0, 14.5, 0.5], "texture": "#2"},
				"east": {"uv": [7.25, 0, 8.75, 0.25], "texture": "#2"},
				"south": {"uv": [14, 0, 14.5, 0.5], "texture": "#2"},
				"west": {"uv": [7.25, 2.75, 8.75, 3], "texture": "#2"},
				"up": {"uv": [7.25, 0, 8.75, 0.25], "rotation": 90, "texture": "#2"},
				"down": {"uv": [7.25, 0, 8.75, 0.25], "texture": "#2"}
			}
		}
	],
	"display": {
		"thirdperson_righthand": {
			"translation": [0, 5.75, 1]
		},
		"thirdperson_lefthand": {
			"translation": [0, 5.75, 1]
		},
		"firstperson_righthand": {
			"rotation": [0, 0, -12],
			"translation": [2, 8, 0]
		},
		"firstperson_lefthand": {
			"rotation": [0, 0, -12],
			"translation": [2, 8, 0]
		},
		"ground": {
			"rotation": [0, 0, 90]
		},
		"gui": {
			"rotation": [25, 135, 0],
			"translation": [0, 1.25, 0],
			"scale": [0.5, 0.5, 0.5]
		},
		"fixed": {
			"rotation": [0, 90, 0],
			"scale": [0.5, 0.5, 0.5]
		}
	},
	"groups": [
		{
			"name": "sycthe",
			"origin": [2, 7.92319, 1.08363],
			"children": [0, 1, 2, 3, 4, 5, 6, 7, 8, 9, 10]
		}
	]
}