{
	"parent": "item/handheld",
	"textures": {
		"layer0": "item/diamond_pickaxe"
	},
    "overrides": [
		{ "predicate": { "custom_model_data": 1}, "model": "craftadia/tools/ruby_pickaxe" },
		{ "predicate": { "custom_model_data": 2}, "model": "craftadia/tools/obsidian_pickaxe" },
		{ "predicate": { "custom_model_data": 3}, "model": "craftadia/tools/thanksgiving_pickaxe" },
		{ "predicate": { "custom_model_data": 4}, "model": "craftadia/tools/cyber_pickaxe" },
		{ "predicate": { "custom_model_data": 5}, "model": "craftadia/tools/christmas_pickaxe" },
		{ "predicate": { "custom_model_data": 6}, "model": "craftadia/tools/newyears_pickaxe" },
		{ "predicate": { "custom_model_data": 7}, "model": "craftadia/tools/valentine_pickaxe" },
		{ "predicate": { "custom_model_data": 8}, "model": "craftadia/tools/patricks_pickaxe" },
		{ "predicate": { "custom_model_data": 9}, "model": "craftadia/tools/50k_pickaxe" },
		{ "predicate": { "custom_model_data": 10}, "model": "craftadia/tools/easter_pickaxe" },
		{ "predicate": { "custom_model_data": 11}, "model": "craftadia/tools/vader_pickaxe" },
		{ "predicate": { "custom_model_data": 12}, "model": "craftadia/tools/birthday_pickaxe" }
  ]
}