{
	"parent": "item/handheld",
	"textures": {
		"layer0": "item/diamond_sword"
	},
    "overrides": [
		{ "predicate": { "custom_model_data": 1}, "model": "craftadia/tools/scythe" },
		{ "predicate": { "custom_model_data": 2}, "model": "craftadia/tools/ruby_sword" },
		{ "predicate": { "custom_model_data": 3}, "model": "craftadia/tools/obsidian_sword" },
		{ "predicate": { "custom_model_data": 4}, "model": "craftadia/tools/thanksgiving_sword" },
		{ "predicate": { "custom_model_data": 5}, "model": "craftadia/tools/christmas_sword" },
		{ "predicate": { "custom_model_data": 6}, "model": "craftadia/tools/candycane_sword" },
		{ "predicate": { "custom_model_data": 7}, "model": "craftadia/tools/valentine_sword" },
		{ "predicate": { "custom_model_data": 8}, "model": "craftadia/tools/patricks_sword" },
		{ "predicate": { "custom_model_data": 9}, "model": "craftadia/tools/easter_sword" },
		{ "predicate": { "custom_model_data": 10}, "model": "craftadia/tools/easter_greatsword" },
		{ "predicate": { "custom_model_data": 11}, "model": "craftadia/tools/vader_sword" },
		{ "predicate": { "custom_model_data": 12}, "model": "craftadia/tools/greensaber" },
		{ "predicate": { "custom_model_data": 13}, "model": "craftadia/tools/redsaber" },
		{ "predicate": { "custom_model_data": 14}, "model": "craftadia/tools/birthday_sword" }
  ]
}