{
	"parent": "item/handheld",
	"textures": {
		"layer0": "item/diamond_shovel"
	},
    "overrides": [
		{ "predicate": { "custom_model_data": 1}, "model": "craftadia/tools/ruby_shovel" },
		{ "predicate": { "custom_model_data": 2}, "model": "craftadia/tools/obsidian_shovel" },
		{ "predicate": { "custom_model_data": 3}, "model": "craftadia/tools/thanksgiving_shovel" },
		{ "predicate": { "custom_model_data": 4}, "model": "craftadia/tools/christmas_shovel" },
		{ "predicate": { "custom_model_data": 5}, "model": "craftadia/tools/newyears_shovel" },
		{ "predicate": { "custom_model_data": 6}, "model": "craftadia/tools/valentine_shovel" },
		{ "predicate": { "custom_model_data": 7}, "model": "craftadia/tools/patricks_shovel" },
		{ "predicate": { "custom_model_data": 8}, "model": "craftadia/tools/easter_shovel" },
		{ "predicate": { "custom_model_data": 9}, "model": "craftadia/tools/vader_shovel" },
		{ "predicate": { "custom_model_data": 10}, "model": "craftadia/tools/birthday_shovel" }
  ]
}