{
    "parent": "builtin/entity",
    "textures": {
        "particle": "block/soul_sand"
    },
    "gui_light": "front",
    "display": {
        "gui": {
            "rotation": [ 0, 0, 0 ],
            "translation": [ 0, 7, 0 ],
            "scale": [ 1.7, 1.7, 1.7 ]
        },
        "fixed": {
            "rotation": [ 0, 180, 0 ],
            "translation": [ 0, 4, 0],
            "scale":[ 1, 1, 1 ]
        },
        "ground": {
            "rotation": [ 0, 0, 0 ],
            "translation": [ 0, 3, 0 ],
            "scale": [ 0.5, 0.5, 0.5 ]
        },
		"thirdperson_lefthand": {
            "rotation": [ 70, 180, 0 ],
            "translation": [ -6, 3, 29.5 ],
			"scale": [2.7, 2.7, 2.7]
        },
		"firstperson_lefthand": {
            "rotation": [ 70, 180, 0 ],
            "translation": [ -6, 3, 29.5 ],
			"scale": [0, 0, 0]
		},
        "thirdperson_righthand": {
            "rotation": [ 45, 45, 0 ],
            "translation": [ 0, 3, 0 ],
            "scale": [ 0.5, 0.5, 0.5 ]
        }
    }
}