{
	"credit": "Made with Blockbench",
	"texture_size": [32, 32],
	"textures": {
		"0": "craftadia/pets/alien_pet",
		"particle": "craftadia/pets/alien_pet"
	},
	"elements": [
		{
			"from": [6, 3, 6],
			"to": [10, 8, 10],
			"rotation": {"angle": 0, "axis": "y", "origin": [14, 12, 15]},
			"faces": {
				"north": {"uv": [10, 13.5, 12, 16], "texture": "#0"},
				"east": {"uv": [8, 13.5, 10, 16], "texture": "#0"},
				"south": {"uv": [14, 13.5, 16, 16], "texture": "#0"},
				"west": {"uv": [12, 13.5, 14, 16], "texture": "#0"},
				"up": {"uv": [12, 13.5, 10, 11.5], "texture": "#0"},
				"down": {"uv": [14, 11.5, 12, 13.5], "texture": "#0"}
			}
		},
		{
			"from": [5.8, 3.8, 5.8],
			"to": [10.2, 5.2, 10.2],
			"rotation": {"angle": 0, "axis": "y", "origin": [14, 13, 15]},
			"faces": {
				"north": {"uv": [2, 15.5, 4, 16], "texture": "#0"},
				"east": {"uv": [0, 15.5, 2, 16], "texture": "#0"},
				"south": {"uv": [6, 15.5, 8, 16], "texture": "#0"},
				"west": {"uv": [4, 15.5, 6, 16], "texture": "#0"},
				"up": {"uv": [4, 15.5, 2, 13.5], "texture": "#0"},
				"down": {"uv": [6, 13.5, 4, 15.5], "texture": "#0"}
			}
		},
		{
			"from": [4, 8, 4.5],
			"to": [12, 15, 11.5],
			"rotation": {"angle": 0, "axis": "y", "origin": [12, 17, 13.5]},
			"faces": {
				"north": {"uv": [4, 4, 8, 7.5], "texture": "#0"},
				"east": {"uv": [0.5, 4, 4, 7.5], "texture": "#0"},
				"south": {"uv": [11.5, 4, 15.5, 7.5], "texture": "#0"},
				"west": {"uv": [8, 4, 11.5, 7.5], "texture": "#0"},
				"up": {"uv": [8, 4, 4, 0.5], "texture": "#0"},
				"down": {"uv": [12, 0.5, 8, 4], "texture": "#0"}
			}
		},
		{
			"from": [3, 10, 5.5],
			"to": [4, 14, 8.5],
			"rotation": {"angle": 45, "axis": "x", "origin": [3, 10, 7.5]},
			"faces": {
				"north": {"uv": [6, 9.5, 6.5, 11.5], "texture": "#0"},
				"east": {"uv": [4.5, 9.5, 6, 11.5], "texture": "#0"},
				"south": {"uv": [8, 9.5, 8.5, 11.5], "texture": "#0"},
				"west": {"uv": [6.5, 9.5, 8, 11.5], "texture": "#0"},
				"up": {"uv": [6.5, 9.5, 6, 8], "texture": "#0"},
				"down": {"uv": [7, 8, 6.5, 9.5], "texture": "#0"}
			}
		},
		{
			"from": [12, 10, 5.5],
			"to": [13, 14, 8.5],
			"shade": false,
			"rotation": {"angle": 45, "axis": "x", "origin": [13, 10, 7.5]},
			"faces": {
				"north": {"uv": [6.5, 9.5, 6, 11.5], "texture": "#0"},
				"east": {"uv": [8, 9.5, 6.5, 11.5], "texture": "#0"},
				"south": {"uv": [8.5, 9.5, 8, 11.5], "texture": "#0"},
				"west": {"uv": [6, 9.5, 4.5, 11.5], "texture": "#0"},
				"up": {"uv": [6, 9.5, 6.5, 8], "texture": "#0"},
				"down": {"uv": [6.5, 8, 7, 9.5], "texture": "#0"}
			}
		},
		{
			"from": [8, 15, 7.5],
			"to": [9, 17, 8.5],
			"rotation": {"angle": 0, "axis": "y", "origin": [12, 16, 12.5]},
			"faces": {
				"north": {"uv": [0.5, 10.5, 1, 11.5], "texture": "#0"},
				"east": {"uv": [0, 10.5, 0.5, 11.5], "texture": "#0"},
				"south": {"uv": [1.5, 10.5, 2, 11.5], "texture": "#0"},
				"west": {"uv": [1, 10.5, 1.5, 11.5], "texture": "#0"},
				"up": {"uv": [1, 10.5, 0.5, 10], "texture": "#0"},
				"down": {"uv": [1.5, 10, 1, 10.5], "texture": "#0"}
			}
		},
		{
			"from": [7.5, 17, 7],
			"to": [9.5, 19, 9],
			"rotation": {"angle": 0, "axis": "y", "origin": [12.5, 16, 12]},
			"faces": {
				"north": {"uv": [1, 9, 2, 10], "texture": "#0"},
				"east": {"uv": [0, 9, 1, 10], "texture": "#0"},
				"south": {"uv": [3, 9, 4, 10], "texture": "#0"},
				"west": {"uv": [2, 9, 3, 10], "texture": "#0"},
				"up": {"uv": [2, 9, 1, 8], "texture": "#0"},
				"down": {"uv": [3, 8, 2, 9], "texture": "#0"}
			}
		},
		{
			"from": [6.3, 0, 7],
			"to": [8.3, 3, 9],
			"rotation": {"angle": 22.5, "axis": "y", "origin": [7.3, 3, 8]},
			"faces": {
				"north": {"uv": [13, 9, 14, 10.5], "texture": "#0"},
				"east": {"uv": [12, 9, 13, 10.5], "texture": "#0"},
				"south": {"uv": [15, 9, 16, 10.5], "texture": "#0"},
				"west": {"uv": [14, 9, 15, 10.5], "texture": "#0"},
				"up": {"uv": [14, 9, 13, 8], "texture": "#0"},
				"down": {"uv": [15, 8, 14, 9], "texture": "#0"}
			}
		},
		{
			"from": [6.3, 0, 6],
			"to": [8.3, 2, 7],
			"rotation": {"angle": 22.5, "axis": "y", "origin": [7.3, 3, 8]},
			"faces": {
				"north": {"uv": [9.5, 8.5, 10.5, 9.5], "texture": "#0"},
				"east": {"uv": [9, 8.5, 9.5, 9.5], "texture": "#0"},
				"south": {"uv": [11, 8.5, 12, 9.5], "texture": "#0"},
				"west": {"uv": [10.5, 8.5, 11, 9.5], "texture": "#0"},
				"up": {"uv": [10.5, 8.5, 9.5, 8], "texture": "#0"},
				"down": {"uv": [11.5, 8, 10.5, 8.5], "texture": "#0"}
			}
		},
		{
			"from": [7.7, 0, 7],
			"to": [9.7, 3, 9],
			"shade": false,
			"rotation": {"angle": -22.5, "axis": "y", "origin": [8.7, 3, 8]},
			"faces": {
				"north": {"uv": [14, 9, 13, 10.5], "texture": "#0"},
				"east": {"uv": [15, 9, 14, 10.5], "texture": "#0"},
				"south": {"uv": [16, 9, 15, 10.5], "texture": "#0"},
				"west": {"uv": [13, 9, 12, 10.5], "texture": "#0"},
				"up": {"uv": [13, 9, 14, 8], "texture": "#0"},
				"down": {"uv": [14, 8, 15, 9], "texture": "#0"}
			}
		},
		{
			"from": [7.7, 0, 6],
			"to": [9.7, 2, 7],
			"shade": false,
			"rotation": {"angle": -22.5, "axis": "y", "origin": [8.7, 3, 8]},
			"faces": {
				"north": {"uv": [10.5, 8.5, 9.5, 9.5], "texture": "#0"},
				"east": {"uv": [11, 8.5, 10.5, 9.5], "texture": "#0"},
				"south": {"uv": [12, 8.5, 11, 9.5], "texture": "#0"},
				"west": {"uv": [9.5, 8.5, 9, 9.5], "texture": "#0"},
				"up": {"uv": [9.5, 8.5, 10.5, 8], "texture": "#0"},
				"down": {"uv": [10.5, 8, 11.5, 8.5], "texture": "#0"}
			}
		},
		{
			"from": [4, 3, 7],
			"to": [6, 8, 9],
			"rotation": {"angle": 0, "axis": "y", "origin": [5, 8, 8]},
			"faces": {
				"north": {"uv": [13, 1, 14, 3.5], "texture": "#0"},
				"east": {"uv": [12, 1, 13, 3.5], "texture": "#0"},
				"south": {"uv": [15, 1, 16, 3.5], "texture": "#0"},
				"west": {"uv": [14, 1, 15, 3.5], "texture": "#0"},
				"up": {"uv": [14, 1, 13, 0], "texture": "#0"},
				"down": {"uv": [15, 0, 14, 1], "texture": "#0"}
			}
		},
		{
			"from": [10, 3, 7],
			"to": [12, 8, 9],
			"shade": false,
			"rotation": {"angle": 0, "axis": "y", "origin": [11, 8, 8]},
			"faces": {
				"north": {"uv": [14, 1, 13, 3.5], "texture": "#0"},
				"east": {"uv": [15, 1, 14, 3.5], "texture": "#0"},
				"south": {"uv": [16, 1, 15, 3.5], "texture": "#0"},
				"west": {"uv": [13, 1, 12, 3.5], "texture": "#0"},
				"up": {"uv": [13, 1, 14, 0], "texture": "#0"},
				"down": {"uv": [14, 0, 15, 1], "texture": "#0"}
			}
		}
	],
	"display": {
		"thirdperson_righthand": {
			"rotation": [0, -180, 0],
			"translation": [0, 4, 0],
			"scale": [0.6, 0.6, 0.6]
		},
		"thirdperson_lefthand": {
			"rotation": [0, -180, 0],
			"translation": [0, 4, 0],
			"scale": [0.6, 0.6, 0.6]
		},
		"firstperson_righthand": {
			"rotation": [0, -180, 0],
			"translation": [2, 1.5, 0],
			"scale": [0.6, 0.6, 0.6]
		},
		"firstperson_lefthand": {
			"rotation": [0, -180, 0],
			"translation": [2, 1.5, 0],
			"scale": [0.6, 0.6, 0.6]
		},
		"ground": {
			"translation": [0, 1, 0],
			"scale": [0.6, 0.6, 0.6]
		},
		"gui": {
			"rotation": [30, 225, 0],
			"translation": [0, -0.5, 0],
			"scale": [0.625, 0.625, 0.625]
		},
		"head": {
			"translation": [0, -30, 0.25],
			"scale": [1.7, 1.7, 1.7]
		},
		"fixed": {
			"translation": [0, -1, -3.25],
			"scale": [0.8, 0.8, 0.8]
		}
	},
	"groups": [
		{
			"name": "Main",
			"origin": [8, 8, 8],
			"children": [
				{
					"name": "Body",
					"origin": [8, 8, 8],
					"children": [0, 1]
				},
				{
					"name": "Head",
					"origin": [8, 8, 8],
					"children": [2, 3, 4, 5, 6]
				},
				{
					"name": "Leg1",
					"origin": [8, 8, 8],
					"children": [7, 8]
				},
				{
					"name": "Leg2",
					"origin": [8, 8, 8],
					"children": [9, 10]
				},
				{
					"name": "Hand1",
					"origin": [8, 8, 8],
					"children": [11]
				},
				{
					"name": "Hand2",
					"origin": [8, 8, 8],
					"children": [12]
				}
			]
		}
	]
}