{
	"textures": {
		"0": "craftadia/pets/babyyoda"
	},
	"elements": [
		{
			"from": [6.5, 0, 7],
			"to": [9.5, 4, 9],
			"rotation": {"angle": 0, "axis": "y", "origin": [7.5, -1, 8.5]},
			"faces": {
				"north": {"uv": [2, 10, 5, 14], "texture": "#0"},
				"east": {"uv": [0, 10, 2, 14], "texture": "#0"},
				"south": {"uv": [7, 10, 10, 14], "texture": "#0"},
				"west": {"uv": [5, 10, 7, 14], "texture": "#0"},
				"up": {"uv": [5, 10, 2, 8], "texture": "#0"},
				"down": {"uv": [8, 8, 5, 10], "texture": "#0"}
			}
		},
		{
			"from": [6.4, 2.9, 6.4],
			"to": [9.6, 4.1, 9.6],
			"rotation": {"angle": 0, "axis": "y", "origin": [7.5, 0, 9]},
			"faces": {
				"north": {"uv": [3, 13, 6, 14], "texture": "#0"},
				"east": {"uv": [0, 13, 3, 14], "texture": "#0"},
				"south": {"uv": [9, 13, 12, 14], "texture": "#0"},
				"west": {"uv": [6, 13, 9, 14], "texture": "#0"},
				"up": {"uv": [6, 13, 3, 10], "texture": "#0"},
				"down": {"uv": [9, 10, 6, 13], "texture": "#0"}
			}
		},
		{
			"from": [6, 4.1, 6],
			"to": [10, 7.1, 10],
			"rotation": {"angle": 0, "axis": "y", "origin": [7.5, -1, 8.5]},
			"faces": {
				"north": {"uv": [4, 4, 8, 7], "texture": "#0"},
				"east": {"uv": [0, 4, 4, 7], "texture": "#0"},
				"south": {"uv": [12, 4, 16, 7], "texture": "#0"},
				"west": {"uv": [8, 4, 12, 7], "texture": "#0"},
				"up": {"uv": [8, 4, 4, 0], "texture": "#0"},
				"down": {"uv": [12, 0, 8, 4], "texture": "#0"}
			}
		},
		{
			"from": [3.00128, 3.57646, 6.9129],
			"to": [7.00128, 5.57646, 6.9129],
			"rotation": {"angle": 22.5, "axis": "x", "origin": [7.875, 4.8, 8.575]},
			"faces": {
				"north": {"uv": [8, 8, 12, 10], "texture": "#0"},
				"east": {"uv": [8, 8, 8, 10], "texture": "#0"},
				"south": {"uv": [12, 8, 16, 10], "texture": "#0"},
				"west": {"uv": [12, 8, 12, 10], "texture": "#0"},
				"up": {"uv": [12, 8, 8, 8], "texture": "#0"},
				"down": {"uv": [16, 8, 12, 8], "texture": "#0"}
			}
		},
		{
			"from": [8.96631, 3.64763, 6.76054],
			"to": [12.96631, 5.64763, 6.76054],
			"shade": false,
			"rotation": {"angle": 22.5, "axis": "x", "origin": [7.875, 4.8, 8.575]},
			"faces": {
				"north": {"uv": [12, 8, 8, 10], "texture": "#0"},
				"east": {"uv": [12, 8, 12, 10], "texture": "#0"},
				"south": {"uv": [16, 8, 12, 10], "texture": "#0"},
				"west": {"uv": [8, 8, 8, 10], "texture": "#0"},
				"up": {"uv": [8, 8, 12, 8], "texture": "#0"},
				"down": {"uv": [12, 8, 16, 8], "texture": "#0"}
			}
		},
		{
			"from": [5.55, 1.25, 7.5],
			"to": [6.55, 3.25, 8.5],
			"rotation": {"angle": 0, "axis": "y", "origin": [6, 3.75, 8.5]},
			"faces": {
				"north": {"uv": [1, 1, 2, 3], "texture": "#0"},
				"east": {"uv": [0, 1, 1, 3], "texture": "#0"},
				"south": {"uv": [3, 1, 4, 3], "texture": "#0"},
				"west": {"uv": [2, 1, 3, 3], "texture": "#0"},
				"up": {"uv": [2, 1, 1, 0], "texture": "#0"},
				"down": {"uv": [3, 0, 2, 1], "texture": "#0"}
			}
		},
		{
			"from": [5.45, 1.65, 7.4],
			"to": [6.65, 3.85, 8.6],
			"rotation": {"angle": 0, "axis": "y", "origin": [6, 4.25, 8.5]},
			"faces": {
				"north": {"uv": [12, 14, 13, 16], "texture": "#0"},
				"east": {"uv": [11, 14, 12, 16], "texture": "#0"},
				"south": {"uv": [14, 14, 15, 16], "texture": "#0"},
				"west": {"uv": [13, 14, 14, 16], "texture": "#0"},
				"up": {"uv": [13, 14, 12, 13], "texture": "#0"},
				"down": {"uv": [14, 13, 13, 14], "texture": "#0"}
			}
		},
		{
			"from": [9.45, 1.25, 7.5],
			"to": [10.45, 3.25, 8.5],
			"shade": false,
			"rotation": {"angle": 0, "axis": "y", "origin": [10, 3.75, 8.5]},
			"faces": {
				"north": {"uv": [2, 1, 1, 3], "texture": "#0"},
				"east": {"uv": [3, 1, 2, 3], "texture": "#0"},
				"south": {"uv": [4, 1, 3, 3], "texture": "#0"},
				"west": {"uv": [1, 1, 0, 3], "texture": "#0"},
				"up": {"uv": [1, 1, 2, 0], "texture": "#0"},
				"down": {"uv": [2, 0, 3, 1], "texture": "#0"}
			}
		},
		{
			"from": [9.35, 1.65, 7.4],
			"to": [10.55, 3.85, 8.6],
			"shade": false,
			"rotation": {"angle": 0, "axis": "y", "origin": [10, 4.25, 8.5]},
			"faces": {
				"north": {"uv": [13, 14, 12, 16], "texture": "#0"},
				"east": {"uv": [14, 14, 13, 16], "texture": "#0"},
				"south": {"uv": [15, 14, 14, 16], "texture": "#0"},
				"west": {"uv": [12, 14, 11, 16], "texture": "#0"},
				"up": {"uv": [12, 14, 13, 13], "texture": "#0"},
				"down": {"uv": [13, 13, 14, 14], "texture": "#0"}
			}
		}
	],
	"display": {
		"thirdperson_righthand": {
			"translation": [0, 5, -1]
		},
		"gui": {
			"rotation": [15, 160, 0],
			"translation": [0, 4, 0]
		},
		"head": {
			"translation": [0, -35.25, 0]
		}
	},
	"groups": [
		{
			"name": "body",
			"origin": [0.5, 0, -0.5],
			"children": [0, 1,
				{
					"name": "head",
					"origin": [0.5, 4.1, -0.475],
					"children": [2,
						{
							"name": "left_hear",
							"origin": [-2.65, 6.1, -0.95],
							"children": [3]
						},
						{
							"name": "right_hear",
							"origin": [3.65, 6.1, -0.95],
							"children": [4]
						}
					]
				},
				{
					"name": "right_arm",
					"origin": [2.5, 3.5, -0.5],
					"children": []
				},
				{
					"name": "left_arm",
					"origin": [-1.5, 3.5, -0.5],
					"children": [5, 6]
				},
				{
					"name": "right_arm",
					"origin": [2.5, 3.5, -0.5],
					"children": [7, 8]
				}
			]
		}
	]
}