{
	"credit": "Made with Blockbench",
	"texture_size": [32, 32],
	"textures": {
		"0": "craftadia/pets/baby_devil_pet",
		"particle": "craftadia/pets/baby_devil_pet"
	},
	"elements": [
		{
			"name": "Body",
			"from": [6.5, 4, 7],
			"to": [9.5, 4, 14],
			"rotation": {"angle": 45, "axis": "x", "origin": [7.5, 4, 9]},
			"faces": {
				"north": {"uv": [3.5, 11, 5, 11], "texture": "#0"},
				"east": {"uv": [0, 11, 3.5, 11], "texture": "#0"},
				"south": {"uv": [8.5, 11, 10, 11], "texture": "#0"},
				"west": {"uv": [5, 11, 8.5, 11], "texture": "#0"},
				"up": {"uv": [5, 11, 3.5, 7.5], "texture": "#0"},
				"down": {"uv": [6.5, 7.5, 5, 11], "texture": "#0"}
			}
		},
		{
			"name": "Body",
			"from": [6, 4, 7],
			"to": [10, 8, 9],
			"rotation": {"angle": 0, "axis": "y", "origin": [8, 0, 9]},
			"faces": {
				"north": {"uv": [1, 12, 3, 14], "texture": "#0"},
				"east": {"uv": [0, 12, 1, 14], "texture": "#0"},
				"south": {"uv": [4, 12, 6, 14], "texture": "#0"},
				"west": {"uv": [3, 12, 4, 14], "texture": "#0"},
				"up": {"uv": [3, 12, 1, 11], "texture": "#0"},
				"down": {"uv": [5, 11, 3, 12], "texture": "#0"}
			}
		},
		{
			"name": "Head",
			"from": [4, 8, 4],
			"to": [12, 15, 12],
			"rotation": {"angle": 0, "axis": "y", "origin": [8, 0, 9]},
			"faces": {
				"north": {"uv": [4, 4, 8, 7.5], "texture": "#0"},
				"east": {"uv": [0, 4, 4, 7.5], "texture": "#0"},
				"south": {"uv": [12, 4, 16, 7.5], "texture": "#0"},
				"west": {"uv": [8, 4, 12, 7.5], "texture": "#0"},
				"up": {"uv": [8, 4, 4, 0], "texture": "#0"},
				"down": {"uv": [12, 0, 8, 4], "texture": "#0"}
			}
		},
		{
			"name": "Leg2",
			"from": [6, 0, 7],
			"to": [8, 4, 9],
			"rotation": {"angle": 0, "axis": "y", "origin": [8, 0, 9]},
			"faces": {
				"north": {"uv": [13, 1, 14, 3], "texture": "#0"},
				"east": {"uv": [12, 1, 13, 3], "texture": "#0"},
				"south": {"uv": [15, 1, 16, 3], "texture": "#0"},
				"west": {"uv": [14, 1, 15, 3], "texture": "#0"},
				"up": {"uv": [14, 1, 13, 0], "texture": "#0"},
				"down": {"uv": [15, 0, 14, 1], "texture": "#0"}
			}
		},
		{
			"name": "Leg3",
			"from": [8, 0, 7],
			"to": [10, 4, 9],
			"shade": false,
			"rotation": {"angle": 0, "axis": "y", "origin": [8, 0, 9]},
			"faces": {
				"north": {"uv": [14, 1, 13, 3], "texture": "#0"},
				"east": {"uv": [15, 1, 14, 3], "texture": "#0"},
				"south": {"uv": [16, 1, 15, 3], "texture": "#0"},
				"west": {"uv": [13, 1, 12, 3], "texture": "#0"},
				"up": {"uv": [13, 1, 14, 0], "texture": "#0"},
				"down": {"uv": [14, 0, 15, 1], "texture": "#0"}
			}
		},
		{
			"name": "Hand2",
			"from": [4, 3, 7],
			"to": [6, 8, 9],
			"rotation": {"angle": 0, "axis": "y", "origin": [8, 0, 9]},
			"faces": {
				"north": {"uv": [1, 1, 2, 3.5], "texture": "#0"},
				"east": {"uv": [0, 1, 1, 3.5], "texture": "#0"},
				"south": {"uv": [3, 1, 4, 3.5], "texture": "#0"},
				"west": {"uv": [2, 1, 3, 3.5], "texture": "#0"},
				"up": {"uv": [2, 1, 1, 0], "texture": "#0"},
				"down": {"uv": [3, 0, 2, 1], "texture": "#0"}
			}
		},
		{
			"name": "Hand3",
			"from": [10, 3, 7],
			"to": [12, 8, 9],
			"shade": false,
			"rotation": {"angle": 0, "axis": "y", "origin": [8, 0, 9]},
			"faces": {
				"north": {"uv": [2, 1, 1, 3.5], "texture": "#0"},
				"east": {"uv": [3, 1, 2, 3.5], "texture": "#0"},
				"south": {"uv": [4, 1, 3, 3.5], "texture": "#0"},
				"west": {"uv": [1, 1, 0, 3.5], "texture": "#0"},
				"up": {"uv": [1, 1, 2, 0], "texture": "#0"},
				"down": {"uv": [2, 0, 3, 1], "texture": "#0"}
			}
		},
		{
			"name": "Head",
			"from": [1, 11, 7],
			"to": [4, 13, 9],
			"rotation": {"angle": 0, "axis": "y", "origin": [4, 13, 8]},
			"faces": {
				"north": {"uv": [7.5, 8.5, 9, 9.5], "texture": "#0"},
				"east": {"uv": [6.5, 8.5, 7.5, 9.5], "texture": "#0"},
				"south": {"uv": [10, 8.5, 11.5, 9.5], "texture": "#0"},
				"west": {"uv": [9, 8.5, 10, 9.5], "texture": "#0"},
				"up": {"uv": [9, 8.5, 7.5, 7.5], "texture": "#0"},
				"down": {"uv": [10.5, 7.5, 9, 8.5], "texture": "#0"}
			}
		},
		{
			"name": "Head",
			"from": [1, 13, 7],
			"to": [3, 16, 9],
			"rotation": {"angle": 0, "axis": "y", "origin": [4, 13, 8]},
			"faces": {
				"north": {"uv": [12.5, 8.5, 13.5, 10], "texture": "#0"},
				"east": {"uv": [11.5, 8.5, 12.5, 10], "texture": "#0"},
				"south": {"uv": [14.5, 8.5, 15.5, 10], "texture": "#0"},
				"west": {"uv": [13.5, 8.5, 14.5, 10], "texture": "#0"},
				"up": {"uv": [13.5, 8.5, 12.5, 7.5], "texture": "#0"},
				"down": {"uv": [14.5, 7.5, 13.5, 8.5], "texture": "#0"}
			}
		},
		{
			"name": "Head",
			"from": [12, 11, 7],
			"to": [15, 13, 9],
			"shade": false,
			"rotation": {"angle": 0, "axis": "y", "origin": [12, 13, 8]},
			"faces": {
				"north": {"uv": [9, 8.5, 7.5, 9.5], "texture": "#0"},
				"east": {"uv": [10, 8.5, 9, 9.5], "texture": "#0"},
				"south": {"uv": [11.5, 8.5, 10, 9.5], "texture": "#0"},
				"west": {"uv": [7.5, 8.5, 6.5, 9.5], "texture": "#0"},
				"up": {"uv": [7.5, 8.5, 9, 7.5], "texture": "#0"},
				"down": {"uv": [9, 7.5, 10.5, 8.5], "texture": "#0"}
			}
		},
		{
			"name": "Head",
			"from": [13, 13, 7],
			"to": [15, 16, 9],
			"shade": false,
			"rotation": {"angle": 0, "axis": "y", "origin": [12, 13, 8]},
			"faces": {
				"north": {"uv": [13.5, 8.5, 12.5, 10], "texture": "#0"},
				"east": {"uv": [14.5, 8.5, 13.5, 10], "texture": "#0"},
				"south": {"uv": [15.5, 8.5, 14.5, 10], "texture": "#0"},
				"west": {"uv": [12.5, 8.5, 11.5, 10], "texture": "#0"},
				"up": {"uv": [12.5, 8.5, 13.5, 7.5], "texture": "#0"},
				"down": {"uv": [13.5, 7.5, 14.5, 8.5], "texture": "#0"}
			}
		}
	],
	"display": {
		"thirdperson_righthand": {
			"rotation": [0, -180, 0],
			"translation": [0, 4, 0],
			"scale": [0.6, 0.6, 0.6]
		},
		"thirdperson_lefthand": {
			"rotation": [0, -180, 0],
			"translation": [0, 4, 0],
			"scale": [0.6, 0.6, 0.6]
		},
		"firstperson_righthand": {
			"rotation": [0, -180, 0],
			"translation": [2, 1.5, 0],
			"scale": [0.6, 0.6, 0.6]
		},
		"firstperson_lefthand": {
			"rotation": [0, -180, 0],
			"translation": [2, 1.5, 0],
			"scale": [0.6, 0.6, 0.6]
		},
		"ground": {
			"translation": [0, 1, 0],
			"scale": [0.6, 0.6, 0.6]
		},
		"gui": {
			"rotation": [30, 225, 0],
			"translation": [0.5, 0, 0],
			"scale": [0.625, 0.625, 0.625]
		},
		"head": {
			"translation": [0, -32, -1.25],
			"scale": [1.7, 1.7, 1.7]
		},
		"fixed": {
			"translation": [0, 1.25, -3.25],
			"scale": [0.8, 0.8, 0.8]
		}
	},
	"groups": [
		{
			"name": "Tail",
			"origin": [7.5, 0, 9],
			"children": [0]
		},
		{
			"name": "Main",
			"origin": [0, 0, 0],
			"children": [
				{
					"name": "Body",
					"origin": [0, 6, -1],
					"children": [1,
						{
							"name": "Belt",
							"origin": [0, 0, 0],
							"children": []
						}
					]
				},
				{
					"name": "Head",
					"origin": [0, 8, -1],
					"children": [2,
						{
							"name": "Nose",
							"origin": [0, 0, 0],
							"children": []
						},
						{
							"name": "Beard",
							"origin": [14, 1, 0],
							"children": []
						},
						{
							"name": "Ear2",
							"origin": [0, 0, -1],
							"children": []
						},
						{
							"name": "Ear1",
							"origin": [0, 0, -1],
							"children": []
						}
					]
				},
				{
					"name": "Leg2",
					"origin": [-1, 3, -1],
					"children": [3]
				},
				{
					"name": "Leg1",
					"origin": [-1, 3, -1],
					"children": [4]
				},
				{
					"name": "Hand2",
					"origin": [-3, 7, -1],
					"children": [5]
				},
				{
					"name": "Hand1",
					"origin": [-3, 7, -1],
					"children": [6]
				}
			]
		},
		{
			"name": "Horn1",
			"origin": [8, 8, 8],
			"children": [7, 8]
		},
		{
			"name": "Horn2",
			"origin": [8, 8, 8],
			"children": [9, 10]
		}
	]
}