{
	"credit": "Model by Samuel McLaughlin with Blockbench ",
	"texture_size": [64, 64],
	"textures": {
		"0": "craftadia/pets/balloon",
		"particle": "craftadia/pets/balloon"
	},
	"elements": [
		{
			"from": [4, 19, 4],
			"to": [12, 27, 12],
			"rotation": {"angle": 0, "axis": "y", "origin": [12, 27, 12]},
			"faces": {
				"north": {"uv": [7, 7, 9, 9], "texture": "#0"},
				"east": {"uv": [7, 7, 9, 9], "texture": "#0"},
				"south": {"uv": [7, 7, 9, 9], "texture": "#0"},
				"west": {"uv": [7, 7, 9, 9], "texture": "#0"},
				"up": {"uv": [9, 4, 7, 2], "texture": "#0"},
				"down": {"uv": [9, 4, 7, 6], "texture": "#0"}
			}
		},
		{
			"from": [5.625, 26.325, 5.45],
			"to": [10.625, 28.325, 10.45],
			"rotation": {"angle": 0, "axis": "y", "origin": [11.625, 26.325, 11.45]},
			"faces": {
				"north": {"uv": [9, 6.75, 10.25, 7.25], "texture": "#0"},
				"east": {"uv": [9, 7.25, 10.25, 7.75], "texture": "#0"},
				"south": {"uv": [9, 7.75, 10.25, 8.25], "texture": "#0"},
				"west": {"uv": [9, 8.25, 10.25, 8.75], "texture": "#0"},
				"up": {"uv": [4.75, 3.25, 3.5, 2], "texture": "#0"},
				"down": {"uv": [6, 2, 4.75, 3.25], "texture": "#0"}
			}
		},
		{
			"from": [5.525, 16.025, 5.45],
			"to": [10.525, 18.025, 10.45],
			"rotation": {"angle": 0, "axis": "y", "origin": [11.525, 16.025, 11.45]},
			"faces": {
				"north": {"uv": [4.75, 9.75, 6, 10.25], "texture": "#0"},
				"east": {"uv": [6, 9.75, 7.25, 10.25], "texture": "#0"},
				"south": {"uv": [7.25, 9.75, 8.5, 10.25], "texture": "#0"},
				"west": {"uv": [2.25, 10, 3.5, 10.5], "texture": "#0"},
				"up": {"uv": [3.25, 7.5, 2, 6.25], "texture": "#0"},
				"down": {"uv": [3.25, 7.5, 2, 8.75], "texture": "#0"}
			}
		},
		{
			"from": [7.525, 15.025, 7.45],
			"to": [8.525, 16.025, 8.45],
			"rotation": {"angle": 0, "axis": "y", "origin": [11.525, 16.025, 11.45]},
			"faces": {
				"north": {"uv": [3.5, 3.25, 3.75, 3.5], "texture": "#0"},
				"east": {"uv": [3.75, 3.25, 4, 3.5], "texture": "#0"},
				"south": {"uv": [4, 3.25, 4.25, 3.5], "texture": "#0"},
				"west": {"uv": [4.25, 3.25, 4.5, 3.5], "texture": "#0"},
				"up": {"uv": [4.75, 3.5, 4.5, 3.25], "texture": "#0"},
				"down": {"uv": [5, 3.25, 4.75, 3.5], "texture": "#0"}
			}
		},
		{
			"from": [0.525, -7.975, 7.95],
			"to": [14.525, 17.025, 7.95],
			"rotation": {"angle": 0, "axis": "y", "origin": [11.525, 16.025, 11.95]},
			"faces": {
				"north": {"uv": [0, 0, 3.5, 6.25], "texture": "#0"},
				"east": {"uv": [0, 0, 0, 6.25], "texture": "#0"},
				"west": {"uv": [0, 0, 0, 6.25], "texture": "#0"},
				"up": {"uv": [3.5, 0, 0, 0], "texture": "#0"},
				"down": {"uv": [3.5, 0, 0, 0], "texture": "#0"}
			}
		},
		{
			"from": [7.525, 15.04197, 8.45662],
			"to": [8.525, 15.04197, 9.45662],
			"rotation": {"angle": 45, "axis": "x", "origin": [8.025, 15.04197, 8.43162]},
			"faces": {
				"north": {"uv": [0, 0, 0.25, 0], "texture": "#0"},
				"east": {"uv": [0, 0, 0.25, 0], "texture": "#0"},
				"south": {"uv": [0, 0, 0.25, 0], "texture": "#0"},
				"west": {"uv": [0, 0, 0.25, 0], "texture": "#0"},
				"up": {"uv": [5.25, 3.5, 5, 3.25], "texture": "#0"}
			}
		},
		{
			"from": [6.51768, 15.04268, 7.45],
			"to": [7.51768, 15.04268, 8.45],
			"rotation": {"angle": 45, "axis": "z", "origin": [7.54268, 15.04268, 7.95]},
			"faces": {
				"north": {"uv": [0, 0, 0.25, 0], "texture": "#0"},
				"east": {"uv": [0, 0, 0.25, 0], "texture": "#0"},
				"south": {"uv": [0, 0, 0.25, 0], "texture": "#0"},
				"west": {"uv": [0, 0, 0.25, 0], "texture": "#0"},
				"up": {"uv": [6.25, 3.5, 6, 3.25], "texture": "#0"}
			}
		},
		{
			"from": [8.48232, 15.04268, 7.45],
			"to": [9.48232, 15.04268, 8.45],
			"rotation": {"angle": -45, "axis": "z", "origin": [8.45732, 15.04268, 7.95]},
			"faces": {
				"north": {"uv": [0, 0, 0.25, 0], "texture": "#0"},
				"east": {"uv": [0, 0, 0.25, 0], "texture": "#0"},
				"south": {"uv": [0, 0, 0.25, 0], "texture": "#0"},
				"west": {"uv": [0, 0, 0.25, 0], "texture": "#0"},
				"up": {"uv": [6.5, 3.5, 6.25, 3.25], "texture": "#0"}
			}
		},
		{
			"from": [7.525, 15.04268, 6.44268],
			"to": [8.525, 15.04268, 7.44268],
			"rotation": {"angle": -45, "axis": "x", "origin": [8.025, 15.04268, 7.46768]},
			"faces": {
				"north": {"uv": [0, 0, 0.25, 0], "texture": "#0"},
				"east": {"uv": [0, 0, 0.25, 0], "texture": "#0"},
				"south": {"uv": [0, 0, 0.25, 0], "texture": "#0"},
				"west": {"uv": [0, 0, 0.25, 0], "texture": "#0"},
				"up": {"uv": [5.75, 3.5, 5.5, 3.25], "texture": "#0"}
			}
		},
		{
			"from": [4.96777, 25.17855, 5.475],
			"to": [6.96777, 27.17855, 10.475],
			"rotation": {"angle": -45, "axis": "z", "origin": [5.96777, 26.67855, 8]},
			"faces": {
				"north": {"uv": [1.25, 8.25, 1.75, 8.75], "texture": "#0"},
				"east": {"uv": [9, 3.75, 10.25, 4.25], "texture": "#0"},
				"south": {"uv": [6, 10.25, 6.5, 10.75], "texture": "#0"},
				"west": {"uv": [9, 4.25, 10.25, 4.75], "texture": "#0"},
				"up": {"uv": [6.5, 3.25, 6, 2], "texture": "#0"},
				"down": {"uv": [7, 2, 6.5, 3.25], "texture": "#0"}
			}
		},
		{
			"from": [4.84277, 16.49645, 5.475],
			"to": [6.84277, 19.49645, 10.475],
			"rotation": {"angle": 22.5, "axis": "z", "origin": [5.84277, 17.99645, 8]},
			"faces": {
				"north": {"uv": [10, 0, 10.5, 0.75], "texture": "#0"},
				"east": {"uv": [8.25, 6, 9.5, 6.75], "texture": "#0"},
				"south": {"uv": [10, 0.75, 10.5, 1.5], "texture": "#0"},
				"west": {"uv": [1.25, 8.75, 2.5, 9.5], "texture": "#0"},
				"up": {"uv": [1.75, 10.75, 1.25, 9.5], "texture": "#0"},
				"down": {"uv": [2.25, 9.5, 1.75, 10.75], "texture": "#0"}
			}
		},
		{
			"from": [9.15723, 16.49645, 5.475],
			"to": [11.15723, 19.49645, 10.475],
			"rotation": {"angle": -22.5, "axis": "z", "origin": [10.15723, 17.99645, 8]},
			"faces": {
				"north": {"uv": [10, 9.25, 10.5, 10], "texture": "#0"},
				"east": {"uv": [8.75, 0, 10, 0.75], "texture": "#0"},
				"south": {"uv": [3.5, 10.25, 4, 11], "texture": "#0"},
				"west": {"uv": [8.75, 0.75, 10, 1.5], "texture": "#0"},
				"up": {"uv": [10, 10.75, 9.5, 9.5], "texture": "#0"},
				"down": {"uv": [0.5, 9.75, 0, 11], "texture": "#0"}
			}
		},
		{
			"from": [5.48223, 16.49645, 9.15],
			"to": [10.48223, 19.49645, 11.15],
			"rotation": {"angle": 22.5, "axis": "x", "origin": [7.95723, 17.99645, 10.15]},
			"faces": {
				"north": {"uv": [0, 9, 1.25, 9.75], "texture": "#0"},
				"east": {"uv": [4, 10.25, 4.5, 11], "texture": "#0"},
				"south": {"uv": [7, 9, 8.25, 9.75], "texture": "#0"},
				"west": {"uv": [4.5, 10.25, 5, 11], "texture": "#0"},
				"up": {"uv": [10.75, 6.25, 9.5, 5.75], "texture": "#0"},
				"down": {"uv": [10.75, 6.25, 9.5, 6.75], "texture": "#0"}
			}
		},
		{
			"from": [5.48223, 16.49645, 4.85],
			"to": [10.48223, 19.49645, 6.85],
			"rotation": {"angle": -22.5, "axis": "x", "origin": [7.95723, 17.99645, 5.85]},
			"faces": {
				"north": {"uv": [8.25, 9, 9.5, 9.75], "texture": "#0"},
				"east": {"uv": [5, 10.25, 5.5, 11], "texture": "#0"},
				"south": {"uv": [9, 1.5, 10.25, 2.25], "texture": "#0"},
				"west": {"uv": [5.5, 10.25, 6, 11], "texture": "#0"},
				"up": {"uv": [10.75, 9.25, 9.5, 8.75], "texture": "#0"},
				"down": {"uv": [4.75, 9.75, 3.5, 10.25], "texture": "#0"}
			}
		},
		{
			"from": [9.25723, 25.25355, 5.475],
			"to": [11.25723, 27.25355, 10.475],
			"rotation": {"angle": 45, "axis": "z", "origin": [10.25723, 26.75355, 8]},
			"faces": {
				"north": {"uv": [6.5, 10.25, 7, 10.75], "texture": "#0"},
				"east": {"uv": [9, 4.75, 10.25, 5.25], "texture": "#0"},
				"south": {"uv": [7, 10.25, 7.5, 10.75], "texture": "#0"},
				"west": {"uv": [9, 5.25, 10.25, 5.75], "texture": "#0"},
				"up": {"uv": [3, 10, 2.5, 8.75], "texture": "#0"},
				"down": {"uv": [3.5, 8.75, 3, 10], "texture": "#0"}
			}
		},
		{
			"from": [5.625, 24.47145, 4.76777],
			"to": [10.625, 27.47145, 6.76777],
			"rotation": {"angle": -45, "axis": "x", "origin": [8, 25.97145, 5.76777]},
			"faces": {
				"north": {"uv": [7, 6, 8.25, 6.75], "texture": "#0"},
				"east": {"uv": [0.5, 9.75, 1, 10.5], "texture": "#0"},
				"south": {"uv": [7.5, 0, 8.75, 0.75], "texture": "#0"},
				"west": {"uv": [8.5, 9.75, 9, 10.5], "texture": "#0"},
				"up": {"uv": [8.75, 2, 7.5, 1.5], "texture": "#0"},
				"down": {"uv": [10.25, 2.25, 9, 2.75], "texture": "#0"}
			}
		},
		{
			"from": [5.625, 24.47145, 9.10723],
			"to": [10.625, 27.47145, 11.10723],
			"rotation": {"angle": 45, "axis": "x", "origin": [8, 25.97145, 10.10723]},
			"faces": {
				"north": {"uv": [7.5, 0.75, 8.75, 1.5], "texture": "#0"},
				"east": {"uv": [9, 9.75, 9.5, 10.5], "texture": "#0"},
				"south": {"uv": [0, 8.25, 1.25, 9], "texture": "#0"},
				"west": {"uv": [10, 10, 10.5, 10.75], "texture": "#0"},
				"up": {"uv": [10.25, 3.25, 9, 2.75], "texture": "#0"},
				"down": {"uv": [10.25, 3.25, 9, 3.75], "texture": "#0"}
			}
		}
	],
	"display": {
		"thirdperson_righthand": {
			"rotation": [30, 19, 0],
			"scale": [0.5, 0.5, 0.5]
		},
		"thirdperson_lefthand": {
			"rotation": [30, 19, 0],
			"scale": [0.5, 0.5, 0.5]
		},
		"firstperson_righthand": {
			"scale": [0.75, 0.75, 0.75]
		},
		"firstperson_lefthand": {
			"scale": [0.75, 0.75, 0.75]
		},
		"gui": {
			"rotation": [30, 45, 0],
			"translation": [0, -5, 0],
			"scale": [0.625, 0.625, 0.625]
		},
		"head": {
			"translation": [0, -15, 0],
			"scale": [1.4, 1.4, 1.4]
		}
	}
}