{
	"texture_size": [64, 64],
	"textures": {
		"0": "craftadia/pets/bb9e"
	},
	"elements": [
		{
			"from": [6.4, 3.9, 5.4],
			"to": [9.6, 6.1, 8.6],
			"rotation": {"angle": 0, "axis": "y", "origin": [7.5, 5, 7.5]},
			"faces": {
				"north": {"uv": [0, 7.25, 0.75, 7.75], "texture": "#0"},
				"east": {"uv": [2.25, 7.25, 3, 7.75], "texture": "#0"},
				"south": {"uv": [1.5, 7.25, 2.25, 7.75], "texture": "#0"},
				"west": {"uv": [0.75, 7.25, 1.5, 7.75], "texture": "#0"},
				"up": {"uv": [1.5, 7.25, 0.75, 6.5], "rotation": 270, "texture": "#0"},
				"down": {"uv": [2.25, 6.5, 1.5, 7.25], "rotation": 90, "texture": "#0"}
			}
		},
		{
			"from": [6, 6, 5],
			"to": [10, 7, 9],
			"rotation": {"angle": 0, "axis": "y", "origin": [7.5, 5, 7.5]},
			"faces": {
				"north": {"uv": [4, 6.25, 5, 6.5], "texture": "#0"},
				"east": {"uv": [7, 6.25, 8, 6.5], "texture": "#0"},
				"south": {"uv": [6, 6.25, 7, 6.5], "texture": "#0"},
				"west": {"uv": [5, 6.25, 6, 6.5], "texture": "#0"},
				"up": {"uv": [6, 6.25, 5, 5.25], "rotation": 270, "texture": "#0"},
				"down": {"uv": [7, 5.25, 6, 6.25], "rotation": 90, "texture": "#0"}
			}
		},
		{
			"from": [7.4, 6.4, 4.9],
			"to": [8.6, 7.6, 6.1],
			"rotation": {"angle": 0, "axis": "y", "origin": [7.5, 5, 7.5]},
			"faces": {
				"north": {"uv": [0, 0.25, 0.25, 0.5], "texture": "#0"},
				"east": {"uv": [0.75, 0.25, 1, 0.5], "texture": "#0"},
				"south": {"uv": [0.5, 0.25, 0.75, 0.5], "texture": "#0"},
				"west": {"uv": [0.25, 0.25, 0.5, 0.5], "texture": "#0"},
				"up": {"uv": [0.5, 0.25, 0.25, 0], "rotation": 270, "texture": "#0"},
				"down": {"uv": [0.75, 0, 0.5, 0.25], "rotation": 90, "texture": "#0"}
			}
		},
		{
			"from": [6.5, 7, 5.5],
			"to": [9.5, 8, 8.5],
			"rotation": {"angle": 0, "axis": "y", "origin": [7.5, 5, 7.5]},
			"faces": {
				"north": {"uv": [3, 7.25, 3.75, 7.5], "texture": "#0"},
				"east": {"uv": [5.25, 7.25, 6, 7.5], "texture": "#0"},
				"south": {"uv": [4.5, 7.25, 5.25, 7.5], "texture": "#0"},
				"west": {"uv": [3.75, 7.25, 4.5, 7.5], "texture": "#0"},
				"up": {"uv": [4.5, 7.25, 3.75, 6.5], "rotation": 270, "texture": "#0"},
				"down": {"uv": [5.25, 6.5, 4.5, 7.25], "rotation": 90, "texture": "#0"}
			}
		},
		{
			"from": [8.5, 8, 6.75],
			"to": [8.5, 9, 7.75],
			"rotation": {"angle": 0, "axis": "y", "origin": [7.5, 5, 7.5]},
			"faces": {
				"north": {"uv": [0, 0.5, 0, 0.75], "texture": "#0"},
				"east": {"uv": [0, 0.5, 0.25, 0.75], "texture": "#0"},
				"south": {"uv": [0.25, 0.5, 0.25, 0.75], "texture": "#0"},
				"west": {"uv": [0, 0.5, 0.25, 0.75], "texture": "#0"},
				"up": {"uv": [0.25, 0.5, 0, 0.5], "rotation": 270, "texture": "#0"},
				"down": {"uv": [0.5, 0.5, 0.25, 0.5], "rotation": 90, "texture": "#0"}
			}
		},
		{
			"from": [6.75, 8, 7.5],
			"to": [7.75, 9, 7.5],
			"rotation": {"angle": 0, "axis": "y", "origin": [7.5, 5, 7.5]},
			"faces": {
				"north": {"uv": [4.25, 0, 4.5, 0.25], "texture": "#0"},
				"east": {"uv": [3.75, 0, 3.75, 0.25], "texture": "#0"},
				"south": {"uv": [4.25, 0, 4.5, 0.25], "texture": "#0"},
				"west": {"uv": [4, 0, 4, 0.25], "texture": "#0"},
				"up": {"uv": [4, 0, 3.75, 0], "texture": "#0"},
				"down": {"uv": [4.25, 0, 4, 0], "texture": "#0"}
			}
		},
		{
			"from": [7.25, 8, 7],
			"to": [7.25, 9, 8],
			"rotation": {"angle": 0, "axis": "y", "origin": [7.5, 5, 7.5]},
			"faces": {
				"north": {"uv": [4.25, 0, 4.25, 0.25], "texture": "#0"},
				"east": {"uv": [4.25, 0, 4.5, 0.25], "texture": "#0"},
				"south": {"uv": [4.5, 0, 4.5, 0.25], "texture": "#0"},
				"west": {"uv": [4.25, 0, 4.5, 0.25], "texture": "#0"},
				"up": {"uv": [4.5, 0, 4.25, 0], "rotation": 270, "texture": "#0"},
				"down": {"uv": [4.75, 0, 4.5, 0], "rotation": 90, "texture": "#0"}
			}
		},
		{
			"from": [5, 1, 5.5],
			"to": [11, 4, 8.5],
			"rotation": {"angle": 0, "axis": "y", "origin": [7.5, 5, 7.5]},
			"faces": {
				"north": {"uv": [0, 9.25, 1.5, 10], "texture": "#0"},
				"east": {"uv": [3.75, 9.25, 4.5, 10], "texture": "#0"},
				"south": {"uv": [2.25, 9.25, 3.75, 10], "texture": "#0"},
				"west": {"uv": [1.5, 9.25, 2.25, 10], "texture": "#0"},
				"up": {"uv": [2.25, 9.25, 1.5, 7.75], "rotation": 270, "texture": "#0"},
				"down": {"uv": [3, 7.75, 2.25, 9.25], "rotation": 90, "texture": "#0"}
			}
		},
		{
			"from": [6.5, 0, 5.5],
			"to": [9.5, 1, 8.5],
			"rotation": {"angle": 0, "axis": "y", "origin": [7.5, 5, 7.5]},
			"faces": {
				"north": {"uv": [6, 7.25, 6.75, 7.5], "texture": "#0"},
				"east": {"uv": [8.25, 7.25, 9, 7.5], "texture": "#0"},
				"south": {"uv": [7.5, 7.25, 8.25, 7.5], "texture": "#0"},
				"west": {"uv": [6.75, 7.25, 7.5, 7.5], "texture": "#0"},
				"up": {"uv": [7.5, 7.25, 6.75, 6.5], "rotation": 270, "texture": "#0"},
				"down": {"uv": [8.25, 6.5, 7.5, 7.25], "rotation": 90, "texture": "#0"}
			}
		},
		{
			"from": [6.5, 0.5, 4.5],
			"to": [9.5, 1.5, 9.5],
			"rotation": {"angle": 0, "axis": "y", "origin": [7.5, 5, 7.5]},
			"faces": {
				"north": {"uv": [0, 5.75, 0.75, 6], "texture": "#0"},
				"east": {"uv": [2.75, 5.75, 4, 6], "texture": "#0"},
				"south": {"uv": [2, 5.75, 2.75, 6], "texture": "#0"},
				"west": {"uv": [0.75, 5.75, 2, 6], "texture": "#0"},
				"up": {"uv": [2, 5.75, 0.75, 5], "rotation": 270, "texture": "#0"},
				"down": {"uv": [3.25, 5, 2, 5.75], "rotation": 90, "texture": "#0"}
			}
		},
		{
			"from": [6.5, 4, 4.5],
			"to": [9.5, 5, 9.5],
			"rotation": {"angle": 0, "axis": "y", "origin": [7.5, 5, 7.5]},
			"faces": {
				"north": {"uv": [4.25, 1.5, 5, 1.75], "texture": "#0"},
				"east": {"uv": [7, 1.5, 8.25, 1.75], "texture": "#0"},
				"south": {"uv": [6.25, 1.5, 7, 1.75], "texture": "#0"},
				"west": {"uv": [5, 1.5, 6.25, 1.75], "texture": "#0"},
				"up": {"uv": [6.25, 1.5, 5, 0.75], "rotation": 270, "texture": "#0"},
				"down": {"uv": [7.5, 0.75, 6.25, 1.5], "rotation": 90, "texture": "#0"}
			}
		},
		{
			"from": [5.5, 0.5, 5.5],
			"to": [10.5, 1.5, 8.5],
			"rotation": {"angle": 0, "axis": "y", "origin": [7.5, 5, 7.5]},
			"faces": {
				"north": {"uv": [4.25, 3.5, 5.5, 3.75], "texture": "#0"},
				"east": {"uv": [7.5, 3.5, 8.25, 3.75], "texture": "#0"},
				"south": {"uv": [6.25, 3.5, 7.5, 3.75], "texture": "#0"},
				"west": {"uv": [5.5, 3.5, 6.25, 3.75], "texture": "#0"},
				"up": {"uv": [6.25, 3.5, 5.5, 2.25], "rotation": 270, "texture": "#0"},
				"down": {"uv": [7, 2.25, 6.25, 3.5], "rotation": 90, "texture": "#0"}
			}
		},
		{
			"from": [5.5, 4, 5.5],
			"to": [10.5, 5, 8.5],
			"rotation": {"angle": 0, "axis": "y", "origin": [7.5, 5, 7.5]},
			"faces": {
				"north": {"uv": [3.75, 5, 5, 5.25], "texture": "#0"},
				"east": {"uv": [7, 5, 7.75, 5.25], "texture": "#0"},
				"south": {"uv": [5.75, 5, 7, 5.25], "texture": "#0"},
				"west": {"uv": [5, 5, 5.75, 5.25], "texture": "#0"},
				"up": {"uv": [5.75, 5, 5, 3.75], "rotation": 270, "texture": "#0"},
				"down": {"uv": [6.5, 3.75, 5.75, 5], "rotation": 90, "texture": "#0"}
			}
		},
		{
			"from": [5.5, 1, 4.5],
			"to": [10.5, 4, 9.5],
			"rotation": {"angle": 0, "axis": "y", "origin": [7.5, 5, 7.5]},
			"faces": {
				"north": {"uv": [0, 1.25, 1.25, 2], "texture": "#0"},
				"east": {"uv": [3.75, 1.25, 5, 2], "texture": "#0"},
				"south": {"uv": [2.5, 1.25, 3.75, 2], "texture": "#0"},
				"west": {"uv": [1.25, 1.25, 2.5, 2], "texture": "#0"},
				"up": {"uv": [2.5, 1.25, 1.25, 0], "rotation": 270, "texture": "#0"},
				"down": {"uv": [3.75, 0, 2.5, 1.25], "rotation": 90, "texture": "#0"}
			}
		},
		{
			"from": [6.5, 1, 4],
			"to": [9.5, 4, 10],
			"rotation": {"angle": 0, "axis": "y", "origin": [7.5, 5, 7.5]},
			"faces": {
				"north": {"uv": [0.25, 4.25, 1, 5], "texture": "#0"},
				"east": {"uv": [3.25, 4.25, 4.75, 5], "texture": "#0"},
				"south": {"uv": [2.5, 4.25, 3.25, 5], "texture": "#0"},
				"west": {"uv": [1, 4.25, 2.5, 5], "texture": "#0"},
				"up": {"uv": [2.5, 4.25, 1, 3.5], "rotation": 270, "texture": "#0"},
				"down": {"uv": [4, 3.5, 2.5, 4.25], "rotation": 90, "texture": "#0"}
			}
		}
	],
	"display": {
		"thirdperson_righthand": {
			"translation": [0, 5.5, -1],
			"scale": [1, 1, -1]
		},
		"thirdperson_lefthand": {
			"rotation": [0, 90, 0],
			"translation": [0, 7.75, 1.75],
			"scale": [1, 1, -1]
		},
		"firstperson_righthand": {
			"rotation": [-19.5, -111, 0],
			"translation": [0.75, 6, 0],
			"scale": [0.8, 0.8, -0.8]
		},
		"firstperson_lefthand": {
			"rotation": [-19.5, 46, 0],
			"translation": [0.75, 6, 0],
			"scale": [0.8, 0.8, -0.8]
		},
		"ground": {
			"translation": [0, 6, 0],
			"scale": [1.26, 1.26, 1.26]
		},
		"gui": {
			"rotation": [15, -21, 0],
			"translation": [0, 4, 0],
			"scale": [1, 1, -1]
		},
		"head": {
			"translation": [0, -25.25, 0],
			"scale": [2.5, 2.5, 2.5]
		},
		"fixed": {
			"rotation": [0, 90, 0],
			"translation": [0, 5.25, -2.75],
			"scale": [1.76, 1.76, 1.76]
		}
	},
	"groups": [
		{
			"name": "Main",
			"origin": [0.5, 1, -0.5],
			"children": [
				{
					"name": "Head",
					"origin": [0, 11, -1.25],
					"children": [0, 1, 2, 3, 4, 5, 6]
				},
				{
					"name": "Body",
					"origin": [0.5, 2.5, -0.5],
					"children": [7, 8, 9, 10, 11, 12, 13, 14]
				}
			]
		}
	]
}