{
	"credit": "Made with Blockbench",
	"texture_size": [64, 32],
	"textures": {
		"3_0": "craftadia/pets/beachball_pet"
	},
	"elements": [
		{
			"from": [-7, 3, -7],
			"to": [7, 17, 7],
			"rotation": {"angle": 0, "axis": "y", "origin": [0, 3, 1]},
			"faces": {
				"north": {"uv": [3.5, 9, 7, 16], "texture": "#3_0"},
				"east": {"uv": [0, 9, 3.5, 16], "texture": "#3_0"},
				"south": {"uv": [10.5, 9, 14, 16], "texture": "#3_0"},
				"west": {"uv": [7, 9, 10.5, 16], "texture": "#3_0"},
				"up": {"uv": [7, 9, 3.5, 2], "texture": "#3_0"},
				"down": {"uv": [10.5, 2, 7, 9], "texture": "#3_0"}
			}
		},
		{
			"from": [2, 0, 2],
			"to": [5, 3, 5],
			"rotation": {"angle": 0, "axis": "y", "origin": [7, 0, 8]},
			"faces": {
				"north": {"uv": [13.75, 1.5, 14.5, 3], "texture": "#3_0"},
				"east": {"uv": [13, 1.5, 13.75, 3], "texture": "#3_0"},
				"south": {"uv": [15.25, 1.5, 16, 3], "texture": "#3_0"},
				"west": {"uv": [14.5, 1.5, 15.25, 3], "texture": "#3_0"},
				"up": {"uv": [14.5, 1.5, 13.75, 0], "texture": "#3_0"},
				"down": {"uv": [15.25, 0, 14.5, 1.5], "texture": "#3_0"}
			}
		},
		{
			"from": [2, 0, -5],
			"to": [5, 3, -2],
			"rotation": {"angle": 0, "axis": "y", "origin": [7, 0, 1]},
			"faces": {
				"north": {"uv": [0.75, 1.5, 1.5, 3], "texture": "#3_0"},
				"east": {"uv": [0, 1.5, 0.75, 3], "texture": "#3_0"},
				"south": {"uv": [2.25, 1.5, 3, 3], "texture": "#3_0"},
				"west": {"uv": [1.5, 1.5, 2.25, 3], "texture": "#3_0"},
				"up": {"uv": [1.5, 1.5, 0.75, 0], "texture": "#3_0"},
				"down": {"uv": [2.25, 0, 1.5, 1.5], "texture": "#3_0"}
			}
		},
		{
			"from": [-5, 0, 2],
			"to": [-2, 3, 5],
			"shade": false,
			"rotation": {"angle": 0, "axis": "y", "origin": [0, 0, 8]},
			"faces": {
				"north": {"uv": [1.5, 1.5, 0.75, 3], "texture": "#3_0"},
				"east": {"uv": [2.25, 1.5, 1.5, 3], "texture": "#3_0"},
				"south": {"uv": [3, 1.5, 2.25, 3], "texture": "#3_0"},
				"west": {"uv": [0.75, 1.5, 0, 3], "texture": "#3_0"},
				"up": {"uv": [0.75, 1.5, 1.5, 0], "texture": "#3_0"},
				"down": {"uv": [1.5, 0, 2.25, 1.5], "texture": "#3_0"}
			}
		},
		{
			"from": [-5, 0, -5],
			"to": [-2, 3, -2],
			"shade": false,
			"rotation": {"angle": 0, "axis": "y", "origin": [0, 0, 1]},
			"faces": {
				"north": {"uv": [14.5, 1.5, 13.75, 3], "texture": "#3_0"},
				"east": {"uv": [15.25, 1.5, 14.5, 3], "texture": "#3_0"},
				"south": {"uv": [16, 1.5, 15.25, 3], "texture": "#3_0"},
				"west": {"uv": [13.75, 1.5, 13, 3], "texture": "#3_0"},
				"up": {"uv": [13.75, 1.5, 14.5, 0], "texture": "#3_0"},
				"down": {"uv": [14.5, 0, 15.25, 1.5], "texture": "#3_0"}
			}
		}
	],
	"gui_light": "front",
	"display": {
		"thirdperson_righthand": {
			"rotation": [0, 91, 89],
			"translation": [3.25, 2.75, -0.75],
			"scale": [0.4, 0.4, 0.4]
		},
		"thirdperson_lefthand": {
			"rotation": [0, 91, 89],
			"translation": [3, -2.5, -0.75],
			"scale": [0.4, 0.4, 0.4]
		},
		"firstperson_righthand": {
			"rotation": [0, 11, 0],
			"translation": [2.25, 2.5, 2],
			"scale": [0.4, 0.4, 0.4]
		},
		"firstperson_lefthand": {
			"rotation": [0, 6, 0],
			"translation": [0, 0.5, 0],
			"scale": [0.4, 0.4, 0.4]
		},
		"ground": {
			"translation": [3.5, 1.75, 3.5],
			"scale": [0.5, 0.5, 0.5]
		},
		"gui": {
			"rotation": [30, 225, 0],
			"translation": [-7, -0.75, 0],
			"scale": [0.6, 0.6, 0.6]
		},
		"head": {
			"translation": [7.75, -36.5, 8.25]
		}
	},
	"groups": [
		{
			"name": "beachball_pet",
			"origin": [8, 8, 8],
			"children": [
				{
					"name": "Main",
					"origin": [0, 0, 0],
					"children": [
						{
							"name": "Body",
							"origin": [0, 0, 0],
							"children": [0]
						},
						{
							"name": "Legs",
							"origin": [0, 0, 0],
							"children": [
								{
									"name": "Leg1",
									"origin": [3.5, 3, 3.5],
									"children": [1]
								},
								{
									"name": "Leg2",
									"origin": [3.5, 3, -3.5],
									"children": [2]
								},
								{
									"name": "Leg3",
									"origin": [-3.5, 3, 3.5],
									"children": [3]
								},
								{
									"name": "Leg4",
									"origin": [-3.5, 3, -3.5],
									"children": [4]
								}
							]
						}
					]
				}
			]
		}
	]
}