{
	"credit": "Made by CookiesNom with Blockbench",
	"textures": {
		"0": "craftadia/pets/christmas_tree_pet",
		"particle": "craftadia/pets/christmas_tree_pet"
	},
	"elements": [
		{
			"from": [9.5, 1.49242, 7.42992],
			"to": [11, 3.99242, 8.92992],
			"rotation": {"angle": 0, "axis": "y", "origin": [17.25, 9.49242, 13.67992]},
			"faces": {
				"north": {"uv": [4.75078, 13.50078, 5.24922, 14.49922], "texture": "#0"},
				"east": {"uv": [4.25078, 13.50078, 4.74922, 14.49922], "texture": "#0"},
				"south": {"uv": [5.75078, 13.50078, 6.24922, 14.49922], "texture": "#0"},
				"west": {"uv": [5.25078, 13.50078, 5.74922, 14.49922], "texture": "#0"},
				"up": {"uv": [4.75078, 13.00078, 5.24922, 13.49922], "texture": "#0"},
				"down": {"uv": [5.25078, 13.00078, 5.74922, 13.49922], "texture": "#0"}
			}
		},
		{
			"from": [5, 1.49242, 7.42992],
			"to": [6.5, 3.99242, 8.92992],
			"rotation": {"angle": 0, "axis": "y", "origin": [-1.25, 9.49242, 13.67992]},
			"faces": {
				"north": {"uv": [5.24922, 13.50078, 4.75078, 14.49922], "texture": "#0"},
				"east": {"uv": [5.74922, 13.50078, 5.25078, 14.49922], "texture": "#0"},
				"south": {"uv": [6.24922, 13.50078, 5.75078, 14.49922], "texture": "#0"},
				"west": {"uv": [4.74922, 13.50078, 4.25078, 14.49922], "texture": "#0"},
				"up": {"uv": [5.24922, 13.00078, 4.75078, 13.49922], "texture": "#0"},
				"down": {"uv": [5.74922, 13.00078, 5.25078, 13.49922], "texture": "#0"}
			}
		},
		{
			"from": [2, 7.99242, 4.92992],
			"to": [4, 9.99242, 6.92992],
			"rotation": {"angle": 45, "axis": "x", "origin": [3, 8.99242, 5.92992]},
			"faces": {
				"north": {"uv": [0.00078, 13.50078, 0.99922, 14.49922], "texture": "#0"},
				"east": {"uv": [0.00078, 13.50078, 0.99922, 14.49922], "texture": "#0"},
				"south": {"uv": [0.00078, 13.50078, 0.99922, 14.49922], "texture": "#0"},
				"west": {"uv": [0.00078, 13.50078, 0.99922, 14.49922], "texture": "#0"},
				"up": {"uv": [0.00078, 13.50078, 0.99922, 14.49922], "texture": "#0"},
				"down": {"uv": [0.00078, 13.50078, 0.99922, 14.49922], "texture": "#0"}
			}
		},
		{
			"from": [11.5, 11.49242, 8.42992],
			"to": [13.5, 13.49242, 10.42992],
			"rotation": {"angle": 45, "axis": "x", "origin": [12.5, 12.49242, 9.42992]},
			"faces": {
				"north": {"uv": [0.00078, 13.50078, 0.99922, 14.49922], "texture": "#0"},
				"east": {"uv": [0.00078, 13.50078, 0.99922, 14.49922], "texture": "#0"},
				"south": {"uv": [0.00078, 13.50078, 0.99922, 14.49922], "texture": "#0"},
				"west": {"uv": [0.00078, 13.50078, 0.99922, 14.49922], "texture": "#0"},
				"up": {"uv": [0.00078, 13.50078, 0.99922, 14.49922], "texture": "#0"},
				"down": {"uv": [0.00078, 13.50078, 0.99922, 14.49922], "texture": "#0"}
			}
		},
		{
			"from": [4, 4.49242, 13.42992],
			"to": [6, 6.49242, 15.42992],
			"rotation": {"angle": 45, "axis": "z", "origin": [5, 5.49242, 14.42992]},
			"faces": {
				"north": {"uv": [0.00078, 13.50078, 0.99922, 14.49922], "texture": "#0"},
				"east": {"uv": [0.00078, 13.50078, 0.99922, 14.49922], "texture": "#0"},
				"south": {"uv": [0.00078, 13.50078, 0.99922, 14.49922], "texture": "#0"},
				"west": {"uv": [0.00078, 13.50078, 0.99922, 14.49922], "texture": "#0"},
				"up": {"uv": [0.00078, 13.50078, 0.99922, 14.49922], "texture": "#0"},
				"down": {"uv": [0.00078, 13.50078, 0.99922, 14.49922], "texture": "#0"}
			}
		},
		{
			"from": [6, 14.99242, 3.92992],
			"to": [8, 16.99242, 5.92992],
			"rotation": {"angle": 45, "axis": "z", "origin": [7, 15.99242, 4.92992]},
			"faces": {
				"north": {"uv": [0.00078, 13.50078, 0.99922, 14.49922], "texture": "#0"},
				"east": {"uv": [0.00078, 13.50078, 0.99922, 14.49922], "texture": "#0"},
				"south": {"uv": [0.00078, 13.50078, 0.99922, 14.49922], "texture": "#0"},
				"west": {"uv": [0.00078, 13.50078, 0.99922, 14.49922], "texture": "#0"},
				"up": {"uv": [0.00078, 13.50078, 0.99922, 14.49922], "texture": "#0"},
				"down": {"uv": [0.00078, 13.50078, 0.99922, 14.49922], "texture": "#0"}
			}
		},
		{
			"from": [3.03553, 11.52795, 7.92992],
			"to": [5.03553, 13.52795, 9.92992],
			"rotation": {"angle": 45, "axis": "x", "origin": [4.03553, 12.52795, 8.92992]},
			"faces": {
				"north": {"uv": [2.00078, 13.50078, 2.99922, 14.49922], "texture": "#0"},
				"east": {"uv": [2.00078, 13.50078, 2.99922, 14.49922], "texture": "#0"},
				"south": {"uv": [2.00078, 13.50078, 2.99922, 14.49922], "texture": "#0"},
				"west": {"uv": [2.00078, 13.50078, 2.99922, 14.49922], "texture": "#0"},
				"up": {"uv": [2.00078, 13.50078, 2.99922, 14.49922], "texture": "#0"},
				"down": {"uv": [2.00078, 13.50078, 2.99922, 14.49922], "texture": "#0"}
			}
		},
		{
			"from": [13.53553, 4.52795, 9.42992],
			"to": [15.53553, 6.52795, 11.42992],
			"rotation": {"angle": 45, "axis": "x", "origin": [14.53553, 5.52795, 10.42992]},
			"faces": {
				"north": {"uv": [2.00078, 13.50078, 2.99922, 14.49922], "texture": "#0"},
				"east": {"uv": [2.00078, 13.50078, 2.99922, 14.49922], "texture": "#0"},
				"south": {"uv": [2.00078, 13.50078, 2.99922, 14.49922], "texture": "#0"},
				"west": {"uv": [2.00078, 13.50078, 2.99922, 14.49922], "texture": "#0"},
				"up": {"uv": [2.00078, 13.50078, 2.99922, 14.49922], "texture": "#0"},
				"down": {"uv": [2.00078, 13.50078, 2.99922, 14.49922], "texture": "#0"}
			}
		},
		{
			"from": [8.03553, 15.02795, 9.92992],
			"to": [10.03553, 17.02795, 11.92992],
			"rotation": {"angle": 45, "axis": "z", "origin": [9.03553, 16.02795, 10.92992]},
			"faces": {
				"north": {"uv": [2.00078, 13.50078, 2.99922, 14.49922], "texture": "#0"},
				"east": {"uv": [2.00078, 13.50078, 2.99922, 14.49922], "texture": "#0"},
				"south": {"uv": [2.00078, 13.50078, 2.99922, 14.49922], "texture": "#0"},
				"west": {"uv": [2.00078, 13.50078, 2.99922, 14.49922], "texture": "#0"},
				"up": {"uv": [2.00078, 13.50078, 2.99922, 14.49922], "texture": "#0"},
				"down": {"uv": [2.00078, 13.50078, 2.99922, 14.49922], "texture": "#0"}
			}
		},
		{
			"from": [9.53553, 8.02795, 1.92992],
			"to": [11.53553, 10.02795, 3.92992],
			"rotation": {"angle": 45, "axis": "z", "origin": [10.53553, 9.02795, 2.92992]},
			"faces": {
				"north": {"uv": [2.00078, 13.50078, 2.99922, 14.49922], "texture": "#0"},
				"east": {"uv": [2.00078, 13.50078, 2.99922, 14.49922], "texture": "#0"},
				"south": {"uv": [2.00078, 13.50078, 2.99922, 14.49922], "texture": "#0"},
				"west": {"uv": [2.00078, 13.50078, 2.99922, 14.49922], "texture": "#0"},
				"up": {"uv": [2.00078, 13.50078, 2.99922, 14.49922], "texture": "#0"},
				"down": {"uv": [2.00078, 13.50078, 2.99922, 14.49922], "texture": "#0"}
			}
		},
		{
			"from": [0.8033, 4.29572, 9.92992],
			"to": [2.8033, 6.29572, 11.92992],
			"rotation": {"angle": 45, "axis": "x", "origin": [1.8033, 5.29572, 10.92992]},
			"faces": {
				"north": {"uv": [3.00078, 13.50078, 3.99922, 14.49922], "texture": "#0"},
				"east": {"uv": [3.00078, 13.50078, 3.99922, 14.49922], "texture": "#0"},
				"south": {"uv": [3.00078, 13.50078, 3.99922, 14.49922], "texture": "#0"},
				"west": {"uv": [3.00078, 13.50078, 3.99922, 14.49922], "texture": "#0"},
				"up": {"uv": [3.00078, 13.50078, 3.99922, 14.49922], "texture": "#0"},
				"down": {"uv": [3.00078, 13.50078, 3.99922, 14.49922], "texture": "#0"}
			}
		},
		{
			"from": [12.3033, 7.79572, 5.42992],
			"to": [14.3033, 9.79572, 7.42992],
			"rotation": {"angle": 45, "axis": "x", "origin": [13.3033, 8.79572, 6.42992]},
			"faces": {
				"north": {"uv": [3.00078, 13.50078, 3.99922, 14.49922], "texture": "#0"},
				"east": {"uv": [3.00078, 13.50078, 3.99922, 14.49922], "texture": "#0"},
				"south": {"uv": [3.00078, 13.50078, 3.99922, 14.49922], "texture": "#0"},
				"west": {"uv": [3.00078, 13.50078, 3.99922, 14.49922], "texture": "#0"},
				"up": {"uv": [3.00078, 13.50078, 3.99922, 14.49922], "texture": "#0"},
				"down": {"uv": [3.00078, 13.50078, 3.99922, 14.49922], "texture": "#0"}
			}
		},
		{
			"from": [10.3033, 14.79572, 5.92992],
			"to": [12.3033, 16.79572, 7.92992],
			"rotation": {"angle": 45, "axis": "x", "origin": [11.3033, 15.79572, 6.92992]},
			"faces": {
				"north": {"uv": [3.00078, 13.50078, 3.99922, 14.49922], "texture": "#0"},
				"east": {"uv": [3.00078, 13.50078, 3.99922, 14.49922], "texture": "#0"},
				"south": {"uv": [3.00078, 13.50078, 3.99922, 14.49922], "texture": "#0"},
				"west": {"uv": [3.00078, 13.50078, 3.99922, 14.49922], "texture": "#0"},
				"up": {"uv": [3.00078, 13.50078, 3.99922, 14.49922], "texture": "#0"},
				"down": {"uv": [3.00078, 13.50078, 3.99922, 14.49922], "texture": "#0"}
			}
		},
		{
			"from": [5.3033, 11.79572, 10.92992],
			"to": [7.3033, 13.79572, 12.92992],
			"rotation": {"angle": 45, "axis": "z", "origin": [6.3033, 12.79572, 11.92992]},
			"faces": {
				"north": {"uv": [3.00078, 13.50078, 3.99922, 14.49922], "texture": "#0"},
				"east": {"uv": [3.00078, 13.50078, 3.99922, 14.49922], "texture": "#0"},
				"south": {"uv": [3.00078, 13.50078, 3.99922, 14.49922], "texture": "#0"},
				"west": {"uv": [3.00078, 13.50078, 3.99922, 14.49922], "texture": "#0"},
				"up": {"uv": [3.00078, 13.50078, 3.99922, 14.49922], "texture": "#0"},
				"down": {"uv": [3.00078, 13.50078, 3.99922, 14.49922], "texture": "#0"}
			}
		},
		{
			"from": [4.8033, 4.29572, 0.42992],
			"to": [6.8033, 6.29572, 2.42992],
			"rotation": {"angle": 45, "axis": "z", "origin": [5.8033, 5.29572, 1.42992]},
			"faces": {
				"north": {"uv": [3.00078, 13.50078, 3.99922, 14.49922], "texture": "#0"},
				"east": {"uv": [3.00078, 13.50078, 3.99922, 14.49922], "texture": "#0"},
				"south": {"uv": [3.00078, 13.50078, 3.99922, 14.49922], "texture": "#0"},
				"west": {"uv": [3.00078, 13.50078, 3.99922, 14.49922], "texture": "#0"},
				"up": {"uv": [3.00078, 13.50078, 3.99922, 14.49922], "texture": "#0"},
				"down": {"uv": [3.00078, 13.50078, 3.99922, 14.49922], "texture": "#0"}
			}
		},
		{
			"from": [3.76777, 14.76019, 6.42992],
			"to": [5.76777, 16.76019, 8.42992],
			"rotation": {"angle": 45, "axis": "x", "origin": [4.76777, 15.76019, 7.42992]},
			"faces": {
				"north": {"uv": [1.00078, 13.50078, 1.99922, 14.49922], "texture": "#0"},
				"east": {"uv": [1.00078, 13.50078, 1.99922, 14.49922], "texture": "#0"},
				"south": {"uv": [1.00078, 13.50078, 1.99922, 14.49922], "texture": "#0"},
				"west": {"uv": [1.00078, 13.50078, 1.99922, 14.49922], "texture": "#0"},
				"up": {"uv": [1.00078, 13.50078, 1.99922, 14.49922], "texture": "#0"},
				"down": {"uv": [1.00078, 13.50078, 1.99922, 14.49922], "texture": "#0"}
			}
		},
		{
			"from": [9.76777, 8.26019, 11.92992],
			"to": [11.76777, 10.26019, 13.92992],
			"rotation": {"angle": 45, "axis": "z", "origin": [10.76777, 9.26019, 12.92992]},
			"faces": {
				"north": {"uv": [1.00078, 13.50078, 1.99922, 14.49922], "texture": "#0"},
				"east": {"uv": [1.00078, 13.50078, 1.99922, 14.49922], "texture": "#0"},
				"south": {"uv": [1.00078, 13.50078, 1.99922, 14.49922], "texture": "#0"},
				"west": {"uv": [1.00078, 13.50078, 1.99922, 14.49922], "texture": "#0"},
				"up": {"uv": [1.00078, 13.50078, 1.99922, 14.49922], "texture": "#0"},
				"down": {"uv": [1.00078, 13.50078, 1.99922, 14.49922], "texture": "#0"}
			}
		},
		{
			"from": [5, 10.99242, 2.42992],
			"to": [7, 12.99242, 3.42992],
			"rotation": {"angle": 0, "axis": "y", "origin": [6, 11.99242, 2.42992]},
			"faces": {
				"north": {"uv": [4.00078, 10.50078, 4.99922, 11.49922], "texture": "#0"},
				"east": {"uv": [3.50078, 10.50078, 3.99922, 11.49922], "texture": "#0"},
				"south": {"uv": [5.50078, 10.50078, 6.49922, 11.49922], "texture": "#0"},
				"west": {"uv": [5.00078, 10.50078, 5.49922, 11.49922], "texture": "#0"},
				"up": {"uv": [4.99922, 10.49922, 4.00078, 10.00078], "texture": "#0"},
				"down": {"uv": [5.99922, 10.00078, 5.00078, 10.49922], "texture": "#0"}
			}
		},
		{
			"from": [8.5, 10.99242, 2.42992],
			"to": [10.5, 12.99242, 3.42992],
			"rotation": {"angle": 0, "axis": "y", "origin": [9.5, 11.99242, 2.42992]},
			"faces": {
				"north": {"uv": [4.00078, 10.50078, 4.99922, 11.49922], "texture": "#0"},
				"east": {"uv": [3.50078, 10.50078, 3.99922, 11.49922], "texture": "#0"},
				"south": {"uv": [5.50078, 10.50078, 6.49922, 11.49922], "texture": "#0"},
				"west": {"uv": [5.00078, 10.50078, 5.49922, 11.49922], "texture": "#0"},
				"up": {"uv": [4.99922, 10.49922, 4.00078, 10.00078], "texture": "#0"},
				"down": {"uv": [5.99922, 10.00078, 5.00078, 10.49922], "texture": "#0"}
			}
		},
		{
			"from": [9.25, 0.66919, 5.96025],
			"to": [11.25, 1.3763, 6.46025],
			"rotation": {"angle": 45, "axis": "x", "origin": [10.25, 1.16919, 6.21025]},
			"faces": {
				"north": {"uv": [12.99922, 13.25078, 12.00078, 13.62422], "texture": "#0"},
				"east": {"uv": [11.99922, 13.25078, 11.75078, 13.62422], "texture": "#0"},
				"south": {"uv": [3.00078, 12.00078, 3.99922, 12.49922], "texture": "#0"},
				"west": {"uv": [13.24922, 13.25078, 13.00078, 13.62422], "texture": "#0"},
				"up": {"uv": [3.00078, 12.00078, 3.99922, 12.49922], "texture": "#0"},
				"down": {"uv": [3.00078, 12.00078, 3.99922, 12.49922], "texture": "#0"}
			}
		},
		{
			"from": [4.75, 0.66919, 5.96025],
			"to": [6.75, 1.3763, 6.46025],
			"rotation": {"angle": 45, "axis": "x", "origin": [5.75, 1.16919, 6.21025]},
			"faces": {
				"north": {"uv": [12.00078, 13.25078, 12.99922, 13.62422], "texture": "#0"},
				"east": {"uv": [13.00078, 13.25078, 13.24922, 13.62422], "texture": "#0"},
				"south": {"uv": [3.99922, 12.00078, 3.00078, 12.49922], "texture": "#0"},
				"west": {"uv": [11.75078, 13.25078, 11.99922, 13.62422], "texture": "#0"},
				"up": {"uv": [3.99922, 12.00078, 3.00078, 12.49922], "texture": "#0"},
				"down": {"uv": [3.99922, 12.00078, 3.00078, 12.49922], "texture": "#0"}
			}
		},
		{
			"from": [9.25, -0.00758, 5.67992],
			"to": [11.25, 0.99242, 6.17992],
			"rotation": {"angle": 0, "axis": "y", "origin": [17.25, 7.99242, 13.17992]},
			"faces": {
				"north": {"uv": [12.00078, 14.00078, 12.99922, 14.49922], "texture": "#0"},
				"east": {"uv": [11.75078, 14.00078, 11.99922, 14.49922], "texture": "#0"},
				"south": {"uv": [4.00078, 12.00078, 4.99922, 12.49922], "texture": "#0"},
				"west": {"uv": [13.00078, 14.00078, 13.24922, 14.49922], "texture": "#0"},
				"up": {"uv": [12.99922, 13.75078, 12.00078, 13.99922], "texture": "#0"},
				"down": {"uv": [12.99922, 13.75078, 12.00078, 13.99922], "texture": "#0"}
			}
		},
		{
			"from": [4.75, -0.00758, 5.67992],
			"to": [6.75, 0.99242, 6.17992],
			"rotation": {"angle": 0, "axis": "y", "origin": [-1.25, 7.99242, 13.17992]},
			"faces": {
				"north": {"uv": [12.99922, 14.00078, 12.00078, 14.49922], "texture": "#0"},
				"east": {"uv": [13.24922, 14.00078, 13.00078, 14.49922], "texture": "#0"},
				"south": {"uv": [4.99922, 12.00078, 4.00078, 12.49922], "texture": "#0"},
				"west": {"uv": [11.99922, 14.00078, 11.75078, 14.49922], "texture": "#0"},
				"up": {"uv": [12.00078, 13.75078, 12.99922, 13.99922], "texture": "#0"},
				"down": {"uv": [12.00078, 13.75078, 12.99922, 13.99922], "texture": "#0"}
			}
		},
		{
			"from": [9.25, -0.00758, 6.17992],
			"to": [11.25, 1.49242, 9.17992],
			"rotation": {"angle": 0, "axis": "y", "origin": [17.25, 7.99242, 13.67992]},
			"faces": {
				"north": {"uv": [8.00078, 14.00078, 8.99922, 14.49922], "texture": "#0"},
				"east": {"uv": [6.50078, 14.00078, 7.99922, 14.49922], "texture": "#0"},
				"south": {"uv": [10.50078, 14.00078, 11.49922, 14.49922], "texture": "#0"},
				"west": {"uv": [9.00078, 14.00078, 10.49922, 14.49922], "texture": "#0"},
				"up": {"uv": [8.99922, 12.50078, 8.00078, 13.99922], "texture": "#0"},
				"down": {"uv": [9.99922, 12.50078, 9.00078, 13.99922], "texture": "#0"}
			}
		},
		{
			"from": [4.75, -0.00758, 6.17992],
			"to": [6.75, 1.49242, 9.17992],
			"rotation": {"angle": 0, "axis": "y", "origin": [-1.25, 7.99242, 13.67992]},
			"faces": {
				"north": {"uv": [8.99922, 14.00078, 8.00078, 14.49922], "texture": "#0"},
				"east": {"uv": [10.49922, 14.00078, 9.00078, 14.49922], "texture": "#0"},
				"south": {"uv": [11.49922, 14.00078, 10.50078, 14.49922], "texture": "#0"},
				"west": {"uv": [7.99922, 14.00078, 6.50078, 14.49922], "texture": "#0"},
				"up": {"uv": [8.00078, 12.50078, 8.99922, 13.99922], "texture": "#0"},
				"down": {"uv": [9.00078, 12.50078, 9.99922, 13.99922], "texture": "#0"}
			}
		},
		{
			"from": [1.75087, 3.1398, 1.72913],
			"to": [14.27087, 3.1598, 14.24913],
			"rotation": {"angle": 0, "axis": "x", "origin": [8.01087, 4.1498, 8.73913]},
			"faces": {
				"north": {"uv": [2.37422, 15.37422, 2.12578, 15.12578], "texture": "#0"},
				"east": {"uv": [2.37422, 15.37422, 2.12578, 15.12578], "texture": "#0"},
				"south": {"uv": [2.37422, 15.37422, 2.12578, 15.12578], "texture": "#0"},
				"west": {"uv": [2.37422, 15.37422, 2.12578, 15.12578], "texture": "#0"},
				"up": {"uv": [2.37422, 15.37422, 2.12578, 15.12578], "texture": "#0"},
				"down": {"uv": [2.37422, 15.37422, 2.12578, 15.12578], "texture": "#0"}
			}
		},
		{
			"from": [7.0215, 15.61769, 6.33804],
			"to": [9.37186, 17.96805, 9.63804],
			"rotation": {"angle": -45, "axis": "z", "origin": [8.6715, 17.26769, 7.98804]},
			"faces": {
				"north": {"uv": [10.00078, 10.00078, 10.99922, 10.99922], "rotation": 180, "texture": "#0"},
				"east": {"uv": [8.50078, 10.00078, 9.99922, 10.99922], "rotation": 270, "texture": "#0"},
				"south": {"uv": [12.50078, 10.00078, 13.49922, 10.99922], "texture": "#0"},
				"west": {"uv": [10.99922, 9.99922, 10.00078, 8.50078], "rotation": 270, "texture": "#0"},
				"up": {"uv": [10.99922, 9.99922, 10.00078, 8.50078], "rotation": 180, "texture": "#0"},
				"down": {"uv": [11.99922, 8.50078, 11.00078, 9.99922], "texture": "#0"}
			}
		},
		{
			"from": [6.334, 16.30519, 7.28768],
			"to": [9.634, 18.65555, 9.63804],
			"rotation": {"angle": 45, "axis": "x", "origin": [7.984, 17.95519, 7.98804]},
			"faces": {
				"north": {"uv": [10.99922, 9.99922, 10.00078, 8.50078], "rotation": 270, "texture": "#0"},
				"east": {"uv": [12.50078, 10.00078, 13.49922, 10.99922], "texture": "#0"},
				"south": {"uv": [11.00078, 10.00078, 12.49922, 10.99922], "rotation": 90, "texture": "#0"},
				"west": {"uv": [10.00078, 10.00078, 10.99922, 10.99922], "rotation": 180, "texture": "#0"},
				"up": {"uv": [10.99922, 9.99922, 10.00078, 8.50078], "rotation": 270, "texture": "#0"},
				"down": {"uv": [11.99922, 8.50078, 11.00078, 9.99922], "rotation": 90, "texture": "#0"}
			}
		},
		{
			"from": [0.26087, 1.51592, 1.23913],
			"to": [15.76087, 6.01592, 2.73913],
			"rotation": {"angle": 45, "axis": "x", "origin": [8.01087, 3.76592, 3.48913]},
			"faces": {
				"north": {"uv": [0.50078, 0.50078, 7.99922, 2.49922], "texture": "#0"},
				"east": {"uv": [0.00078, 0.50078, 0.49922, 2.49922], "texture": "#0"},
				"south": {"uv": [8.50078, 0.50078, 15.99922, 2.49922], "texture": "#0"},
				"west": {"uv": [8.00078, 0.50078, 8.49922, 2.49922], "texture": "#0"},
				"up": {"uv": [7.99922, 0.49922, 0.50078, 0.00078], "texture": "#0"},
				"down": {"uv": [15.49922, 0.00078, 8.00078, 0.49922], "texture": "#0"}
			}
		},
		{
			"from": [0.26087, 1.51592, 13.26087],
			"to": [15.76087, 6.01592, 14.76087],
			"rotation": {"angle": -45, "axis": "x", "origin": [8.01087, 3.76592, 12.51087]},
			"faces": {
				"north": {"uv": [15.99922, 0.50078, 8.50078, 2.49922], "texture": "#0"},
				"east": {"uv": [0.49922, 0.50078, 0.00078, 2.49922], "texture": "#0"},
				"south": {"uv": [7.99922, 0.50078, 0.50078, 2.49922], "texture": "#0"},
				"west": {"uv": [8.49922, 0.50078, 8.00078, 2.49922], "texture": "#0"},
				"up": {"uv": [7.99922, 0.00078, 0.50078, 0.49922], "texture": "#0"},
				"down": {"uv": [15.49922, 0.49922, 8.00078, 0.00078], "texture": "#0"}
			}
		},
		{
			"from": [13.26087, 1.51592, 0.23913],
			"to": [14.76087, 6.01592, 15.73913],
			"rotation": {"angle": 45, "axis": "z", "origin": [12.51087, 3.76592, 7.98913]},
			"faces": {
				"north": {"uv": [8.00078, 0.50078, 8.49922, 2.49922], "texture": "#0"},
				"east": {"uv": [0.50078, 0.50078, 7.99922, 2.49922], "texture": "#0"},
				"south": {"uv": [0.00078, 0.50078, 0.49922, 2.49922], "texture": "#0"},
				"west": {"uv": [8.50078, 0.50078, 15.99922, 2.49922], "texture": "#0"},
				"up": {"uv": [7.99922, 0.49922, 0.50078, 0.00078], "rotation": 90, "texture": "#0"},
				"down": {"uv": [15.49922, 0.00078, 8.00078, 0.49922], "rotation": 270, "texture": "#0"}
			}
		},
		{
			"from": [1.23913, 1.51592, 0.23913],
			"to": [2.73913, 6.01592, 15.73913],
			"rotation": {"angle": -45, "axis": "z", "origin": [3.48913, 3.76592, 7.98913]},
			"faces": {
				"north": {"uv": [8.49922, 0.50078, 8.00078, 2.49922], "texture": "#0"},
				"east": {"uv": [15.99922, 0.50078, 8.50078, 2.49922], "texture": "#0"},
				"south": {"uv": [0.49922, 0.50078, 0.00078, 2.49922], "texture": "#0"},
				"west": {"uv": [7.99922, 0.50078, 0.50078, 2.49922], "texture": "#0"},
				"up": {"uv": [7.99922, 0.00078, 0.50078, 0.49922], "rotation": 90, "texture": "#0"},
				"down": {"uv": [15.49922, 0.49922, 8.00078, 0.00078], "rotation": 270, "texture": "#0"}
			}
		},
		{
			"from": [1.26087, 5.01592, 2.23913],
			"to": [14.76087, 9.51592, 3.73913],
			"rotation": {"angle": 45, "axis": "x", "origin": [8.01087, 7.26592, 4.48913]},
			"faces": {
				"north": {"uv": [0.50078, 3.00078, 6.99922, 4.99922], "texture": "#0"},
				"east": {"uv": [0.00078, 3.00078, 0.49922, 4.99922], "texture": "#0"},
				"south": {"uv": [7.50078, 3.00078, 13.99922, 4.99922], "texture": "#0"},
				"west": {"uv": [7.00078, 3.00078, 7.49922, 4.99922], "texture": "#0"},
				"up": {"uv": [6.99922, 2.99922, 0.50078, 2.50078], "texture": "#0"},
				"down": {"uv": [13.49922, 2.50078, 7.00078, 2.99922], "texture": "#0"}
			}
		},
		{
			"from": [1.26087, 5.01592, 12.26087],
			"to": [14.76087, 9.51592, 13.76087],
			"rotation": {"angle": -45, "axis": "x", "origin": [8.01087, 7.26592, 11.51087]},
			"faces": {
				"north": {"uv": [13.99922, 3.00078, 7.50078, 4.99922], "texture": "#0"},
				"east": {"uv": [0.49922, 3.00078, 0.00078, 4.99922], "texture": "#0"},
				"south": {"uv": [6.99922, 3.00078, 0.50078, 4.99922], "texture": "#0"},
				"west": {"uv": [7.49922, 3.00078, 7.00078, 4.99922], "texture": "#0"},
				"up": {"uv": [6.99922, 2.50078, 0.50078, 2.99922], "texture": "#0"},
				"down": {"uv": [13.49922, 2.99922, 7.00078, 2.50078], "texture": "#0"}
			}
		},
		{
			"from": [12.26087, 5.01592, 1.23913],
			"to": [13.76087, 9.51592, 14.73913],
			"rotation": {"angle": 45, "axis": "z", "origin": [11.51087, 7.26592, 7.98913]},
			"faces": {
				"north": {"uv": [7.00078, 3.00078, 7.49922, 4.99922], "texture": "#0"},
				"east": {"uv": [0.50078, 3.00078, 6.99922, 4.99922], "texture": "#0"},
				"south": {"uv": [0.00078, 3.00078, 0.49922, 4.99922], "texture": "#0"},
				"west": {"uv": [7.50078, 3.00078, 13.99922, 4.99922], "texture": "#0"},
				"up": {"uv": [6.99922, 2.99922, 0.50078, 2.50078], "rotation": 90, "texture": "#0"},
				"down": {"uv": [13.49922, 2.50078, 7.00078, 2.99922], "rotation": 270, "texture": "#0"}
			}
		},
		{
			"from": [2.23913, 5.01592, 1.23913],
			"to": [3.73913, 9.51592, 14.73913],
			"rotation": {"angle": -45, "axis": "z", "origin": [4.48913, 7.26592, 7.98913]},
			"faces": {
				"north": {"uv": [7.49922, 3.00078, 7.00078, 4.99922], "texture": "#0"},
				"east": {"uv": [13.99922, 3.00078, 7.50078, 4.99922], "texture": "#0"},
				"south": {"uv": [0.49922, 3.00078, 0.00078, 4.99922], "texture": "#0"},
				"west": {"uv": [6.99922, 3.00078, 0.50078, 4.99922], "texture": "#0"},
				"up": {"uv": [6.99922, 2.50078, 0.50078, 2.99922], "rotation": 90, "texture": "#0"},
				"down": {"uv": [13.49922, 2.99922, 7.00078, 2.50078], "rotation": 270, "texture": "#0"}
			}
		},
		{
			"from": [2.26087, 8.51592, 3.23913],
			"to": [13.76087, 13.01592, 4.73913],
			"rotation": {"angle": 45, "axis": "x", "origin": [8.01087, 10.76592, 5.48913]},
			"faces": {
				"north": {"uv": [0.50078, 5.50078, 5.99922, 7.49922], "texture": "#0"},
				"east": {"uv": [0.00078, 5.50078, 0.49922, 7.49922], "texture": "#0"},
				"south": {"uv": [6.50078, 5.50078, 11.99922, 7.49922], "texture": "#0"},
				"west": {"uv": [6.00078, 5.50078, 6.49922, 7.49922], "texture": "#0"},
				"up": {"uv": [5.99922, 5.49922, 0.50078, 5.00078], "texture": "#0"},
				"down": {"uv": [11.49922, 5.00078, 6.00078, 5.49922], "texture": "#0"}
			}
		},
		{
			"from": [2.26087, 8.51592, 11.26087],
			"to": [13.76087, 13.01592, 12.76087],
			"rotation": {"angle": -45, "axis": "x", "origin": [8.01087, 10.76592, 10.51087]},
			"faces": {
				"north": {"uv": [11.99922, 5.50078, 6.50078, 7.49922], "texture": "#0"},
				"east": {"uv": [0.49922, 5.50078, 0.00078, 7.49922], "texture": "#0"},
				"south": {"uv": [5.99922, 5.50078, 0.50078, 7.49922], "texture": "#0"},
				"west": {"uv": [6.49922, 5.50078, 6.00078, 7.49922], "texture": "#0"},
				"up": {"uv": [5.99922, 5.00078, 0.50078, 5.49922], "texture": "#0"},
				"down": {"uv": [11.49922, 5.49922, 6.00078, 5.00078], "texture": "#0"}
			}
		},
		{
			"from": [11.26087, 8.51592, 2.23913],
			"to": [12.76087, 13.01592, 13.73913],
			"rotation": {"angle": 45, "axis": "z", "origin": [10.51087, 10.76592, 7.98913]},
			"faces": {
				"north": {"uv": [6.00078, 5.50078, 6.49922, 7.49922], "texture": "#0"},
				"east": {"uv": [0.50078, 5.50078, 5.99922, 7.49922], "texture": "#0"},
				"south": {"uv": [0.00078, 5.50078, 0.49922, 7.49922], "texture": "#0"},
				"west": {"uv": [6.50078, 5.50078, 11.99922, 7.49922], "texture": "#0"},
				"up": {"uv": [5.99922, 5.49922, 0.50078, 5.00078], "rotation": 90, "texture": "#0"},
				"down": {"uv": [11.49922, 5.00078, 6.00078, 5.49922], "rotation": 270, "texture": "#0"}
			}
		},
		{
			"from": [3.23913, 8.51592, 2.23913],
			"to": [4.73913, 13.01592, 13.73913],
			"rotation": {"angle": -45, "axis": "z", "origin": [5.48913, 10.76592, 7.98913]},
			"faces": {
				"north": {"uv": [6.49922, 5.50078, 6.00078, 7.49922], "texture": "#0"},
				"east": {"uv": [11.99922, 5.50078, 6.50078, 7.49922], "texture": "#0"},
				"south": {"uv": [0.49922, 5.50078, 0.00078, 7.49922], "texture": "#0"},
				"west": {"uv": [5.99922, 5.50078, 0.50078, 7.49922], "texture": "#0"},
				"up": {"uv": [5.99922, 5.00078, 0.50078, 5.49922], "rotation": 90, "texture": "#0"},
				"down": {"uv": [11.49922, 5.49922, 6.00078, 5.00078], "rotation": 270, "texture": "#0"}
			}
		},
		{
			"from": [3.26087, 12.01592, 4.23913],
			"to": [12.76087, 16.51592, 5.73913],
			"rotation": {"angle": 45, "axis": "x", "origin": [8.01087, 14.26592, 6.48913]},
			"faces": {
				"north": {"uv": [0.50078, 8.00078, 4.99922, 9.99922], "texture": "#0"},
				"east": {"uv": [0.00078, 8.00078, 0.49922, 9.99922], "texture": "#0"},
				"south": {"uv": [5.50078, 8.00078, 9.99922, 9.99922], "texture": "#0"},
				"west": {"uv": [5.00078, 8.00078, 5.49922, 9.99922], "texture": "#0"},
				"up": {"uv": [4.99922, 7.99922, 0.50078, 7.50078], "texture": "#0"},
				"down": {"uv": [9.49922, 7.50078, 5.00078, 7.99922], "texture": "#0"}
			}
		},
		{
			"from": [3.26087, 12.01592, 10.26087],
			"to": [12.76087, 16.51592, 11.76087],
			"rotation": {"angle": -45, "axis": "x", "origin": [8.01087, 14.26592, 9.51087]},
			"faces": {
				"north": {"uv": [9.99922, 8.00078, 5.50078, 9.99922], "texture": "#0"},
				"east": {"uv": [0.49922, 8.00078, 0.00078, 9.99922], "texture": "#0"},
				"south": {"uv": [4.99922, 8.00078, 0.50078, 9.99922], "texture": "#0"},
				"west": {"uv": [5.49922, 8.00078, 5.00078, 9.99922], "texture": "#0"},
				"up": {"uv": [4.99922, 7.50078, 0.50078, 7.99922], "texture": "#0"},
				"down": {"uv": [9.49922, 7.99922, 5.00078, 7.50078], "texture": "#0"}
			}
		},
		{
			"from": [10.26087, 12.01592, 3.23913],
			"to": [11.76087, 16.51592, 12.73913],
			"rotation": {"angle": 45, "axis": "z", "origin": [9.51087, 14.26592, 7.98913]},
			"faces": {
				"north": {"uv": [5.00078, 8.00078, 5.49922, 9.99922], "texture": "#0"},
				"east": {"uv": [0.50078, 8.00078, 4.99922, 9.99922], "texture": "#0"},
				"south": {"uv": [0.00078, 8.00078, 0.49922, 9.99922], "texture": "#0"},
				"west": {"uv": [5.50078, 8.00078, 9.99922, 9.99922], "texture": "#0"},
				"up": {"uv": [4.99922, 7.99922, 0.50078, 7.50078], "rotation": 90, "texture": "#0"},
				"down": {"uv": [9.49922, 7.50078, 5.00078, 7.99922], "rotation": 270, "texture": "#0"}
			}
		},
		{
			"from": [4.23913, 12.01592, 3.23913],
			"to": [5.73913, 16.51592, 12.73913],
			"rotation": {"angle": -45, "axis": "z", "origin": [6.48913, 14.26592, 7.98913]},
			"faces": {
				"north": {"uv": [5.49922, 8.00078, 5.00078, 9.99922], "texture": "#0"},
				"east": {"uv": [9.99922, 8.00078, 5.50078, 9.99922], "texture": "#0"},
				"south": {"uv": [0.49922, 8.00078, 0.00078, 9.99922], "texture": "#0"},
				"west": {"uv": [4.99922, 8.00078, 0.50078, 9.99922], "texture": "#0"},
				"up": {"uv": [4.99922, 7.50078, 0.50078, 7.99922], "rotation": 90, "texture": "#0"},
				"down": {"uv": [9.49922, 7.99922, 5.00078, 7.50078], "rotation": 270, "texture": "#0"}
			}
		}
	],
	"display": {
		"thirdperson_righthand": {
			"rotation": [75, 45, 0],
			"translation": [0, 2.5, 0],
			"scale": [0.375, 0.375, 0.375]
		},
		"thirdperson_lefthand": {
			"rotation": [75, 45, 0],
			"translation": [0, 2.5, 0],
			"scale": [0.375, 0.375, 0.375]
		},
		"firstperson_righthand": {
			"rotation": [0, 45, 0],
			"scale": [0.4, 0.4, 0.4]
		},
		"firstperson_lefthand": {
			"rotation": [0, 45, 0],
			"scale": [0.4, 0.4, 0.4]
		},
		"ground": {
			"translation": [0, 3, 0],
			"scale": [0.25, 0.25, 0.25]
		},
		"gui": {
			"rotation": [30, -135, 0],
			"scale": [0.7, 0.7, 0.7]
		},
		"head": {
			"translation": [0, -19, 0],
			"scale": [3, 3, 3]
		},
		"fixed": {
			"rotation": [0, 180, 0],
			"translation": [0, -7.5, 0]
		}
	}
}