{
	"credit": "Made with Blockbench",
	"texture_size": [32, 32],
	"textures": {
		"0": "craftadia/pets/crab_pet"
	},
	"elements": [
		{
			"from": [-3, 0.9, -3],
			"to": [3, 3.9, 3],
			"rotation": {"angle": 0, "axis": "y", "origin": [0, 0.9, 2]},
			"faces": {
				"north": {"uv": [7, 14.5, 10, 16], "texture": "#0"},
				"east": {"uv": [4, 14.5, 7, 16], "texture": "#0"},
				"south": {"uv": [13, 14.5, 16, 16], "texture": "#0"},
				"west": {"uv": [10, 14.5, 13, 16], "texture": "#0"},
				"up": {"uv": [10, 14.5, 7, 11.5], "texture": "#0"},
				"down": {"uv": [13, 11.5, 10, 14.5], "texture": "#0"}
			}
		},
		{
			"from": [1, 3.9, -3],
			"to": [2, 5.9, -2],
			"rotation": {"angle": 0, "axis": "y", "origin": [-1, 0.9, 2]},
			"faces": {
				"north": {"uv": [0.5, 15, 1, 16], "texture": "#0"},
				"east": {"uv": [0, 15, 0.5, 16], "texture": "#0"},
				"south": {"uv": [1.5, 15, 2, 16], "texture": "#0"},
				"west": {"uv": [1, 15, 1.5, 16], "texture": "#0"},
				"up": {"uv": [1, 15, 0.5, 14.5], "texture": "#0"},
				"down": {"uv": [1.5, 14.5, 1, 15], "texture": "#0"}
			}
		},
		{
			"from": [-2, 3.9, -3],
			"to": [-1, 5.9, -2],
			"rotation": {"angle": 0, "axis": "y", "origin": [-4, 0.9, 2]},
			"faces": {
				"north": {"uv": [0.5, 15, 1, 16], "texture": "#0"},
				"east": {"uv": [0, 15, 0.5, 16], "texture": "#0"},
				"south": {"uv": [1.5, 15, 2, 16], "texture": "#0"},
				"west": {"uv": [1, 15, 1.5, 16], "texture": "#0"},
				"up": {"uv": [1, 15, 0.5, 14.5], "texture": "#0"},
				"down": {"uv": [1.5, 14.5, 1, 15], "texture": "#0"}
			}
		},
		{
			"from": [-2, 3.9, -2],
			"to": [2, 4.9, 2],
			"rotation": {"angle": 0, "axis": "y", "origin": [0, 3.9, 2]},
			"faces": {
				"north": {"uv": [10, 11, 12, 11.5], "texture": "#0"},
				"east": {"uv": [8, 11, 10, 11.5], "texture": "#0"},
				"south": {"uv": [14, 11, 16, 11.5], "texture": "#0"},
				"west": {"uv": [12, 11, 14, 11.5], "texture": "#0"},
				"up": {"uv": [12, 11, 10, 9], "texture": "#0"},
				"down": {"uv": [14, 9, 12, 11], "texture": "#0"}
			}
		},
		{
			"from": [-3.1, 0.8, 1.9],
			"to": [3.1, 6, 7.1],
			"rotation": {"angle": 0, "axis": "y", "origin": [0, 0.9, 2]},
			"faces": {
				"north": {"uv": [2.5, 6, 5.5, 8.5], "texture": "#0"},
				"east": {"uv": [0, 6, 2.5, 8.5], "texture": "#0"},
				"south": {"uv": [8, 6, 11, 8.5], "texture": "#0"},
				"west": {"uv": [5.5, 6, 8, 8.5], "texture": "#0"},
				"up": {"uv": [5.5, 6, 2.5, 3.5], "texture": "#0"},
				"down": {"uv": [8.5, 3.5, 5.5, 6], "texture": "#0"}
			}
		},
		{
			"from": [-5.25, 0.82253, -2.5714],
			"to": [-2.25, 1.82253, -1.5714],
			"rotation": {"angle": 0, "axis": "y", "origin": [-2.8, 0.6, -2.9]},
			"faces": {
				"north": {"uv": [0.5, 13.5, 2, 14], "texture": "#0"},
				"east": {"uv": [0, 13.5, 0.5, 14], "texture": "#0"},
				"south": {"uv": [2.5, 13.5, 4, 14], "texture": "#0"},
				"west": {"uv": [2, 13.5, 2.5, 14], "texture": "#0"},
				"up": {"uv": [2, 13.5, 0.5, 13], "texture": "#0"},
				"down": {"uv": [3.5, 13, 2, 13.5], "texture": "#0"}
			}
		},
		{
			"from": [-5.4, 0.8, -0.5],
			"to": [-2.4, 1.8, 0.5],
			"rotation": {"angle": 0, "axis": "y", "origin": [-3.4, 0.8, -0.5]},
			"faces": {
				"north": {"uv": [0.5, 13.5, 2, 14], "texture": "#0"},
				"east": {"uv": [0, 13.5, 0.5, 14], "texture": "#0"},
				"south": {"uv": [2.5, 13.5, 4, 14], "texture": "#0"},
				"west": {"uv": [2, 13.5, 2.5, 14], "texture": "#0"},
				"up": {"uv": [2, 13.5, 0.5, 13], "texture": "#0"},
				"down": {"uv": [3.5, 13, 2, 13.5], "texture": "#0"}
			}
		},
		{
			"from": [-5.175, 0.78545, 1.62617],
			"to": [-2.175, 1.78545, 2.62617],
			"rotation": {"angle": 0, "axis": "y", "origin": [-2.8, 0.6, 2.9]},
			"faces": {
				"north": {"uv": [0.5, 13.5, 2, 14], "texture": "#0"},
				"east": {"uv": [0, 13.5, 0.5, 14], "texture": "#0"},
				"south": {"uv": [2.5, 13.5, 4, 14], "texture": "#0"},
				"west": {"uv": [2, 13.5, 2.5, 14], "texture": "#0"},
				"up": {"uv": [2, 13.5, 0.5, 13], "texture": "#0"},
				"down": {"uv": [3.5, 13, 2, 13.5], "texture": "#0"}
			}
		},
		{
			"from": [2.5, 0.6, -2.9],
			"to": [5.5, 1.6, -1.9],
			"shade": false,
			"rotation": {"angle": 0, "axis": "y", "origin": [3.5, 0.6, -2.9]},
			"faces": {
				"north": {"uv": [2, 13.5, 0.5, 14], "texture": "#0"},
				"east": {"uv": [2.5, 13.5, 2, 14], "texture": "#0"},
				"south": {"uv": [4, 13.5, 2.5, 14], "texture": "#0"},
				"west": {"uv": [0.5, 13.5, 0, 14], "texture": "#0"},
				"up": {"uv": [0.5, 13.5, 2, 13], "texture": "#0"},
				"down": {"uv": [2, 13, 3.5, 13.5], "texture": "#0"}
			}
		},
		{
			"from": [2.4, 0.8, -0.5],
			"to": [5.4, 1.8, 0.5],
			"shade": false,
			"rotation": {"angle": 0, "axis": "y", "origin": [3.4, 0.8, -0.5]},
			"faces": {
				"north": {"uv": [2, 13.5, 0.5, 14], "texture": "#0"},
				"east": {"uv": [2.5, 13.5, 2, 14], "texture": "#0"},
				"south": {"uv": [4, 13.5, 2.5, 14], "texture": "#0"},
				"west": {"uv": [0.5, 13.5, 0, 14], "texture": "#0"},
				"up": {"uv": [0.5, 13.5, 2, 13], "texture": "#0"},
				"down": {"uv": [2, 13, 3.5, 13.5], "texture": "#0"}
			}
		},
		{
			"from": [2.46747, 0.80913, 1.54272],
			"to": [5.46747, 1.80913, 2.54272],
			"shade": false,
			"rotation": {"angle": 0, "axis": "y", "origin": [4.55, -1.51327, 6.10426]},
			"faces": {
				"north": {"uv": [2, 13.5, 0.5, 14], "texture": "#0"},
				"east": {"uv": [2.5, 13.5, 2, 14], "texture": "#0"},
				"south": {"uv": [4, 13.5, 2.5, 14], "texture": "#0"},
				"west": {"uv": [0.5, 13.5, 0, 14], "texture": "#0"},
				"up": {"uv": [0.5, 13.5, 2, 13], "texture": "#0"},
				"down": {"uv": [2, 13, 3.5, 13.5], "texture": "#0"}
			}
		},
		{
			"from": [1.6, 0.9, -5.7],
			"to": [3.6, 3.9, -2.7],
			"shade": false,
			"rotation": {"angle": 0, "axis": "y", "origin": [1.6, 0.9, -3.7]},
			"faces": {
				"north": {"uv": [13.5, 4.5, 12.5, 6], "texture": "#0"},
				"east": {"uv": [15, 4.5, 13.5, 6], "texture": "#0"},
				"south": {"uv": [16, 4.5, 15, 6], "texture": "#0"},
				"west": {"uv": [12.5, 4.5, 11, 6], "texture": "#0"},
				"up": {"uv": [12.5, 4.5, 13.5, 3], "texture": "#0"},
				"down": {"uv": [13.5, 3, 14.5, 4.5], "texture": "#0"}
			}
		},
		{
			"from": [-3.7, 0.9, -5.7],
			"to": [-1.7, 3.9, -2.7],
			"rotation": {"angle": 0, "axis": "y", "origin": [-3.7, 0.9, -3.7]},
			"faces": {
				"north": {"uv": [12.5, 4.5, 13.5, 6], "texture": "#0"},
				"east": {"uv": [11, 4.5, 12.5, 6], "texture": "#0"},
				"south": {"uv": [15, 4.5, 16, 6], "texture": "#0"},
				"west": {"uv": [13.5, 4.5, 15, 6], "texture": "#0"},
				"up": {"uv": [13.5, 4.5, 12.5, 3], "texture": "#0"},
				"down": {"uv": [14.5, 3, 13.5, 4.5], "texture": "#0"}
			}
		}
	],
	"display": {
		"thirdperson_righthand": {
			"rotation": [0, 90, 90],
			"translation": [0, 0, -4],
			"scale": [1, 1, 1]
		}
	},
	"groups": [
		{
			"name": "Main",
			"origin": [0, 0.9, 0],
			"children": [
				{
					"name": "Body",
					"origin": [0, 0.9, 0],
					"children": [0, 1, 2, 3,
						{
							"name": "Shelve",
							"origin": [0, 2.9, 2],
							"children": [4]
						}
					]
				},
				{
					"name": "Legs",
					"origin": [0, 0.9, -0.5],
					"children": [
						{
							"name": "Leg1",
							"origin": [-2.9, 1.4, -2.3],
							"children": [5]
						},
						{
							"name": "Leg2",
							"origin": [-3.3, 1.4, 0.1],
							"children": [6]
						},
						{
							"name": "Leg3",
							"origin": [-3, 1.3, 2.4],
							"children": [7]
						},
						{
							"name": "Leg4",
							"origin": [3.4, 1.4, -2.2],
							"children": [8]
						},
						{
							"name": "Leg5",
							"origin": [3.3, 1.4, 0.1],
							"children": [9]
						},
						{
							"name": "Leg6",
							"origin": [3, 1.3, 1.9],
							"children": [10]
						}
					]
				},
				{
					"name": "Claws",
					"origin": [0, 0.9, 0],
					"children": [
						{
							"name": "Claw1",
							"origin": [2.6, 1.9, -2.7],
							"children": [11]
						},
						{
							"name": "Claw2",
							"origin": [-2.7, 1.9, -2.7],
							"children": [12]
						}
					]
				}
			]
		}
	]
}