{
	"credit": "Made with Blockbench",
	"textures": {
		"0": "craftadia/pets/cyberpet",
		"particle": "craftadia/pets/cyberpet"
	},
	"elements": [
		{
			"from": [2, 3, 2],
			"to": [14, 13, 14],
			"faces": {
				"north": {"uv": [1.5, 1.5, 3, 2.75], "texture": "#0"},
				"east": {"uv": [0, 1.5, 1.5, 2.75], "texture": "#0"},
				"south": {"uv": [4.5, 1.5, 6, 2.75], "texture": "#0"},
				"west": {"uv": [3, 1.5, 4.5, 2.75], "texture": "#0"},
				"up": {"uv": [3, 1.5, 1.5, 0], "texture": "#0"},
				"down": {"uv": [4.5, 0, 3, 1.5], "texture": "#0"}
			}
		},
		{
			"from": [12, 9.25, 6.5],
			"to": [17, 12.25, 9.5],
			"rotation": {"angle": 0, "axis": "y", "origin": [6, 8, 8]},
			"faces": {
				"north": {"uv": [0.375, 9.5, 1, 9.875], "texture": "#0"},
				"east": {"uv": [0, 9.5, 0.375, 9.875], "texture": "#0"},
				"south": {"uv": [1.375, 9.5, 2, 9.875], "texture": "#0"},
				"west": {"uv": [1, 9.5, 1.375, 9.875], "texture": "#0"},
				"up": {"uv": [1, 9.5, 0.375, 9.125], "texture": "#0"},
				"down": {"uv": [1.625, 9.125, 1, 9.5], "texture": "#0"}
			}
		},
		{
			"from": [-1, 9.25, 6.5],
			"to": [4, 12.25, 9.5],
			"rotation": {"angle": 0, "axis": "y", "origin": [10, 8, 8]},
			"faces": {
				"north": {"uv": [1, 9.5, 0.375, 9.875], "texture": "#0"},
				"east": {"uv": [1.375, 9.5, 1, 9.875], "texture": "#0"},
				"south": {"uv": [2, 9.5, 1.375, 9.875], "texture": "#0"},
				"west": {"uv": [0.375, 9.5, 0, 9.875], "texture": "#0"},
				"up": {"uv": [0.375, 9.5, 1, 9.125], "texture": "#0"},
				"down": {"uv": [1, 9.125, 1.625, 9.5], "texture": "#0"}
			}
		},
		{
			"from": [15, 9.5, 2.5],
			"to": [17.5, 12, 8.5],
			"rotation": {"angle": -22.5, "axis": "y", "origin": [14.5, 10.75, 8]},
			"faces": {
				"north": {"uv": [3, 7.25, 3.25, 7.5], "texture": "#0"},
				"east": {"uv": [2.25, 7.25, 3, 7.5], "texture": "#0"},
				"south": {"uv": [4, 7.25, 4.25, 7.5], "texture": "#0"},
				"west": {"uv": [3.25, 7.25, 4, 7.5], "texture": "#0"},
				"up": {"uv": [3.25, 7.25, 3, 6.5], "texture": "#0"},
				"down": {"uv": [3.5, 6.5, 3.25, 7.25], "texture": "#0"}
			}
		},
		{
			"from": [-1.5, 9.5, 2.5],
			"to": [1, 12, 8.5],
			"rotation": {"angle": 22.5, "axis": "y", "origin": [1.5, 10.75, 8]},
			"faces": {
				"north": {"uv": [3.25, 7.25, 3, 7.5], "texture": "#0"},
				"east": {"uv": [4, 7.25, 3.25, 7.5], "texture": "#0"},
				"south": {"uv": [4.25, 7.25, 4, 7.5], "texture": "#0"},
				"west": {"uv": [3, 7.25, 2.25, 7.5], "texture": "#0"},
				"up": {"uv": [3, 7.25, 3.25, 6.5], "texture": "#0"},
				"down": {"uv": [3.25, 6.5, 3.5, 7.25], "texture": "#0"}
			}
		},
		{
			"from": [15, 8, 1],
			"to": [17.5, 13.5, 2.5],
			"rotation": {"angle": -22.5, "axis": "y", "origin": [14.5, 10.75, 8]},
			"faces": {
				"north": {"uv": [3.75, 2.875, 4, 3.5], "texture": "#0"},
				"east": {"uv": [3.625, 2.875, 3.75, 3.5], "texture": "#0"},
				"south": {"uv": [4.125, 2.875, 4.375, 3.5], "texture": "#0"},
				"west": {"uv": [4, 2.875, 4.125, 3.5], "texture": "#0"},
				"up": {"uv": [4, 2.875, 3.75, 2.75], "texture": "#0"},
				"down": {"uv": [4.25, 2.75, 4, 2.875], "texture": "#0"}
			}
		},
		{
			"from": [-1.5, 8, 1],
			"to": [1, 13.5, 2.5],
			"rotation": {"angle": 22.5, "axis": "y", "origin": [1.5, 10.75, 8]},
			"faces": {
				"north": {"uv": [4, 2.875, 3.75, 3.5], "texture": "#0"},
				"east": {"uv": [4.125, 2.875, 4, 3.5], "texture": "#0"},
				"south": {"uv": [4.375, 2.875, 4.125, 3.5], "texture": "#0"},
				"west": {"uv": [3.75, 2.875, 3.625, 3.5], "texture": "#0"},
				"up": {"uv": [3.75, 2.875, 4, 2.75], "texture": "#0"},
				"down": {"uv": [4, 2.75, 4.25, 2.875], "texture": "#0"}
			}
		},
		{
			"from": [15, 12, -2.75],
			"to": [17.5, 13.5, 1],
			"rotation": {"angle": -22.5, "axis": "y", "origin": [14.5, 10.75, 8]},
			"faces": {
				"north": {"uv": [6.125, 3.75, 6.375, 3.875], "texture": "#0"},
				"east": {"uv": [5.75, 3.75, 6.125, 3.875], "texture": "#0"},
				"south": {"uv": [6.75, 3.75, 7, 3.875], "texture": "#0"},
				"west": {"uv": [6.375, 3.75, 6.75, 3.875], "texture": "#0"},
				"up": {"uv": [6.375, 3.75, 6.125, 3.375], "texture": "#0"},
				"down": {"uv": [6.625, 3.375, 6.375, 3.75], "texture": "#0"}
			}
		},
		{
			"from": [-1.5, 12, -2.75],
			"to": [1, 13.5, 1],
			"rotation": {"angle": 22.5, "axis": "y", "origin": [1.5, 10.75, 8]},
			"faces": {
				"north": {"uv": [6.375, 3.75, 6.125, 3.875], "texture": "#0"},
				"east": {"uv": [6.75, 3.75, 6.375, 3.875], "texture": "#0"},
				"south": {"uv": [7, 3.75, 6.75, 3.875], "texture": "#0"},
				"west": {"uv": [6.125, 3.75, 5.75, 3.875], "texture": "#0"},
				"up": {"uv": [6.125, 3.75, 6.375, 3.375], "texture": "#0"},
				"down": {"uv": [6.375, 3.375, 6.625, 3.75], "texture": "#0"}
			}
		},
		{
			"from": [15, 8, -2.75],
			"to": [17.5, 9.5, 1],
			"rotation": {"angle": -22.5, "axis": "y", "origin": [14.5, 10.75, 8]},
			"faces": {
				"north": {"uv": [6.125, 3.25, 6.375, 3.375], "texture": "#0"},
				"east": {"uv": [5.75, 3.25, 6.125, 3.375], "texture": "#0"},
				"south": {"uv": [6.75, 3.25, 7, 3.375], "texture": "#0"},
				"west": {"uv": [6.375, 3.25, 6.75, 3.375], "texture": "#0"},
				"up": {"uv": [6.375, 3.25, 6.125, 2.875], "texture": "#0"},
				"down": {"uv": [6.625, 2.875, 6.375, 3.25], "texture": "#0"}
			}
		},
		{
			"from": [-1.5, 8, -2.75],
			"to": [1, 9.5, 1],
			"rotation": {"angle": 22.5, "axis": "y", "origin": [1.5, 10.75, 8]},
			"faces": {
				"north": {"uv": [6.375, 3.25, 6.125, 3.375], "texture": "#0"},
				"east": {"uv": [6.75, 3.25, 6.375, 3.375], "texture": "#0"},
				"south": {"uv": [7, 3.25, 6.75, 3.375], "texture": "#0"},
				"west": {"uv": [6.125, 3.25, 5.75, 3.375], "texture": "#0"},
				"up": {"uv": [6.125, 3.25, 6.375, 2.875], "texture": "#0"},
				"down": {"uv": [6.375, 2.875, 6.625, 3.25], "texture": "#0"}
			}
		},
		{
			"from": [15, 9.5, -2.75],
			"to": [17.5, 10, -2],
			"rotation": {"angle": -22.5, "axis": "y", "origin": [14.5, 10.75, 8]},
			"faces": {
				"north": {"uv": [5.875, 4.375, 6.125, 4.5], "texture": "#0"},
				"east": {"uv": [5.75, 4.375, 5.875, 4.5], "texture": "#0"},
				"south": {"uv": [6.25, 4.375, 6.5, 4.5], "texture": "#0"},
				"west": {"uv": [6.125, 4.375, 6.25, 4.5], "texture": "#0"},
				"up": {"uv": [6.125, 4.375, 5.875, 4.25], "texture": "#0"},
				"down": {"uv": [6.375, 4.25, 6.125, 4.375], "texture": "#0"}
			}
		},
		{
			"from": [-1.5, 9.5, -2.75],
			"to": [1, 10, -2],
			"rotation": {"angle": 22.5, "axis": "y", "origin": [1.5, 10.75, 8]},
			"faces": {
				"north": {"uv": [6.125, 4.375, 5.875, 4.5], "texture": "#0"},
				"east": {"uv": [6.25, 4.375, 6.125, 4.5], "texture": "#0"},
				"south": {"uv": [6.5, 4.375, 6.25, 4.5], "texture": "#0"},
				"west": {"uv": [5.875, 4.375, 5.75, 4.5], "texture": "#0"},
				"up": {"uv": [5.875, 4.375, 6.125, 4.25], "texture": "#0"},
				"down": {"uv": [6.125, 4.25, 6.375, 4.375], "texture": "#0"}
			}
		},
		{
			"from": [15, 11.5, -2.75],
			"to": [17.5, 12, -2],
			"rotation": {"angle": -22.5, "axis": "y", "origin": [14.5, 10.75, 8]},
			"faces": {
				"north": {"uv": [5.875, 4, 6.125, 4.125], "texture": "#0"},
				"east": {"uv": [5.75, 4, 5.875, 4.125], "texture": "#0"},
				"south": {"uv": [6.25, 4, 6.5, 4.125], "texture": "#0"},
				"west": {"uv": [6.125, 4, 6.25, 4.125], "texture": "#0"},
				"up": {"uv": [6.125, 4, 5.875, 3.875], "texture": "#0"},
				"down": {"uv": [6.375, 3.875, 6.125, 4], "texture": "#0"}
			}
		},
		{
			"from": [-1.5, 11.5, -2.75],
			"to": [1, 12, -2],
			"rotation": {"angle": 22.5, "axis": "y", "origin": [1.5, 10.75, 8]},
			"faces": {
				"north": {"uv": [6.125, 4, 5.875, 4.125], "texture": "#0"},
				"east": {"uv": [6.25, 4, 6.125, 4.125], "texture": "#0"},
				"south": {"uv": [6.5, 4, 6.25, 4.125], "texture": "#0"},
				"west": {"uv": [5.875, 4, 5.75, 4.125], "texture": "#0"},
				"up": {"uv": [5.875, 4, 6.125, 3.875], "texture": "#0"},
				"down": {"uv": [6.125, 3.875, 6.375, 4], "texture": "#0"}
			}
		},
		{
			"from": [14, 0, 1],
			"to": [18, 1, 15],
			"faces": {
				"north": {"uv": [4.75, 4.75, 5.25, 4.875], "texture": "#0"},
				"east": {"uv": [3, 4.75, 4.75, 4.875], "texture": "#0"},
				"south": {"uv": [7, 4.75, 7.5, 4.875], "texture": "#0"},
				"west": {"uv": [5.25, 4.75, 7, 4.875], "texture": "#0"},
				"up": {"uv": [5.25, 4.75, 4.75, 3], "texture": "#0"},
				"down": {"uv": [5.75, 3, 5.25, 4.75], "texture": "#0"}
			}
		},
		{
			"from": [-2, 0, 1],
			"to": [2, 1, 15],
			"faces": {
				"north": {"uv": [5.25, 4.75, 4.75, 4.875], "texture": "#0"},
				"east": {"uv": [7, 4.75, 5.25, 4.875], "texture": "#0"},
				"south": {"uv": [7.5, 4.75, 7, 4.875], "texture": "#0"},
				"west": {"uv": [4.75, 4.75, 3, 4.875], "texture": "#0"},
				"up": {"uv": [4.75, 4.75, 5.25, 3], "texture": "#0"},
				"down": {"uv": [5.25, 3, 5.75, 4.75], "texture": "#0"}
			}
		},
		{
			"from": [14, 6, 1],
			"to": [18, 7, 15],
			"faces": {
				"north": {"uv": [6, 2.75, 6.5, 2.875], "texture": "#0"},
				"east": {"uv": [4.25, 2.75, 6, 2.875], "texture": "#0"},
				"south": {"uv": [8.25, 2.75, 8.75, 2.875], "texture": "#0"},
				"west": {"uv": [6.5, 2.75, 8.25, 2.875], "texture": "#0"},
				"up": {"uv": [6.5, 2.75, 6, 1], "texture": "#0"},
				"down": {"uv": [7, 1, 6.5, 2.75], "texture": "#0"}
			}
		},
		{
			"from": [-2, 6, 1],
			"to": [2, 7, 15],
			"faces": {
				"north": {"uv": [6.5, 2.75, 6, 2.875], "texture": "#0"},
				"east": {"uv": [8.25, 2.75, 6.5, 2.875], "texture": "#0"},
				"south": {"uv": [8.75, 2.75, 8.25, 2.875], "texture": "#0"},
				"west": {"uv": [6, 2.75, 4.25, 2.875], "texture": "#0"},
				"up": {"uv": [6, 2.75, 6.5, 1], "texture": "#0"},
				"down": {"uv": [6.5, 1, 7, 2.75], "texture": "#0"}
			}
		},
		{
			"from": [14, 1, 14],
			"to": [18, 6, 15],
			"faces": {
				"north": {"uv": [0.125, 0.125, 0.625, 0.75], "texture": "#0"},
				"east": {"uv": [0, 0.125, 0.125, 0.75], "texture": "#0"},
				"south": {"uv": [0.75, 0.125, 1.25, 0.75], "texture": "#0"},
				"west": {"uv": [0.625, 0.125, 0.75, 0.75], "texture": "#0"},
				"up": {"uv": [0.625, 0.125, 0.125, 0], "texture": "#0"},
				"down": {"uv": [1.125, 0, 0.625, 0.125], "texture": "#0"}
			}
		},
		{
			"from": [-2, 1, 14],
			"to": [2, 6, 15],
			"faces": {
				"north": {"uv": [0.625, 0.125, 0.125, 0.75], "texture": "#0"},
				"east": {"uv": [0.75, 0.125, 0.625, 0.75], "texture": "#0"},
				"south": {"uv": [1.25, 0.125, 0.75, 0.75], "texture": "#0"},
				"west": {"uv": [0.125, 0.125, 0, 0.75], "texture": "#0"},
				"up": {"uv": [0.125, 0.125, 0.625, 0], "texture": "#0"},
				"down": {"uv": [0.625, 0, 1.125, 0.125], "texture": "#0"}
			}
		},
		{
			"from": [14, 1, 1],
			"to": [18, 6, 2],
			"faces": {
				"north": {"uv": [0.125, 0.875, 0.625, 1.5], "texture": "#0"},
				"east": {"uv": [0, 0.875, 0.125, 1.5], "texture": "#0"},
				"south": {"uv": [0.75, 0.875, 1.25, 1.5], "texture": "#0"},
				"west": {"uv": [0.625, 0.875, 0.75, 1.5], "texture": "#0"},
				"up": {"uv": [0.625, 0.875, 0.125, 0.75], "texture": "#0"},
				"down": {"uv": [1.125, 0.75, 0.625, 0.875], "texture": "#0"}
			}
		},
		{
			"from": [-2, 1, 1],
			"to": [2, 6, 2],
			"faces": {
				"north": {"uv": [0.625, 0.875, 0.125, 1.5], "texture": "#0"},
				"east": {"uv": [0.75, 0.875, 0.625, 1.5], "texture": "#0"},
				"south": {"uv": [1.25, 0.875, 0.75, 1.5], "texture": "#0"},
				"west": {"uv": [0.125, 0.875, 0, 1.5], "texture": "#0"},
				"up": {"uv": [0.125, 0.875, 0.625, 0.75], "texture": "#0"},
				"down": {"uv": [0.625, 0.75, 1.125, 0.875], "texture": "#0"}
			}
		},
		{
			"from": [14, 1, 2],
			"to": [17, 6, 14],
			"faces": {
				"north": {"uv": [4.5, 7.875, 4.875, 8.5], "texture": "#0"},
				"east": {"uv": [3, 7.875, 4.5, 8.5], "texture": "#0"},
				"south": {"uv": [6.375, 7.875, 6.75, 8.5], "texture": "#0"},
				"west": {"uv": [4.875, 7.875, 6.375, 8.5], "texture": "#0"},
				"up": {"uv": [4.875, 7.875, 4.5, 6.375], "texture": "#0"},
				"down": {"uv": [5.25, 6.375, 4.875, 7.875], "texture": "#0"}
			}
		},
		{
			"from": [-1, 1, 2],
			"to": [2, 6, 14],
			"faces": {
				"north": {"uv": [4.875, 7.875, 4.5, 8.5], "texture": "#0"},
				"east": {"uv": [6.375, 7.875, 4.875, 8.5], "texture": "#0"},
				"south": {"uv": [6.75, 7.875, 6.375, 8.5], "texture": "#0"},
				"west": {"uv": [4.5, 7.875, 3, 8.5], "texture": "#0"},
				"up": {"uv": [4.5, 7.875, 4.875, 6.375], "texture": "#0"},
				"down": {"uv": [4.875, 6.375, 5.25, 7.875], "texture": "#0"}
			}
		},
		{
			"from": [15.25, 1.25, 9.25],
			"to": [18.25, 5.75, 13.75],
			"faces": {
				"north": {"uv": [4.25, 9, 4.625, 9.5], "texture": "#0"},
				"east": {"uv": [3.75, 9, 4.25, 9.5], "texture": "#0"},
				"south": {"uv": [5.125, 9, 5.5, 9.5], "texture": "#0"},
				"west": {"uv": [4.625, 9, 5.125, 9.5], "texture": "#0"},
				"up": {"uv": [4.625, 9, 4.25, 8.5], "texture": "#0"},
				"down": {"uv": [5, 8.5, 4.625, 9], "texture": "#0"}
			}
		},
		{
			"from": [-2.25, 1.25, 9.25],
			"to": [0.75, 5.75, 13.75],
			"faces": {
				"north": {"uv": [4.625, 9, 4.25, 9.5], "texture": "#0"},
				"east": {"uv": [5.125, 9, 4.625, 9.5], "texture": "#0"},
				"south": {"uv": [5.5, 9, 5.125, 9.5], "texture": "#0"},
				"west": {"uv": [4.25, 9, 3.75, 9.5], "texture": "#0"},
				"up": {"uv": [4.25, 9, 4.625, 8.5], "texture": "#0"},
				"down": {"uv": [4.625, 8.5, 5, 9], "texture": "#0"}
			}
		},
		{
			"from": [15.25, 1.25, 2.25],
			"to": [18.25, 5.75, 6.75],
			"faces": {
				"north": {"uv": [4.25, 9, 4.625, 9.5], "texture": "#0"},
				"east": {"uv": [3.75, 9, 4.25, 9.5], "texture": "#0"},
				"south": {"uv": [5.125, 9, 5.5, 9.5], "texture": "#0"},
				"west": {"uv": [4.625, 9, 5.125, 9.5], "texture": "#0"},
				"up": {"uv": [4.625, 9, 4.25, 8.5], "texture": "#0"},
				"down": {"uv": [5, 8.5, 4.625, 9], "texture": "#0"}
			}
		},
		{
			"from": [-2.25, 1.25, 2.25],
			"to": [0.75, 5.75, 6.75],
			"faces": {
				"north": {"uv": [4.625, 9, 4.25, 9.5], "texture": "#0"},
				"east": {"uv": [5.125, 9, 4.625, 9.5], "texture": "#0"},
				"south": {"uv": [5.5, 9, 5.125, 9.5], "texture": "#0"},
				"west": {"uv": [4.25, 9, 3.75, 9.5], "texture": "#0"},
				"up": {"uv": [4.25, 9, 4.625, 8.5], "texture": "#0"},
				"down": {"uv": [4.625, 8.5, 5, 9], "texture": "#0"}
			}
		},
		{
			"from": [5, 9, 5],
			"to": [11, 14, 11],
			"faces": {
				"north": {"uv": [9.5, 5.75, 10.25, 6.375], "texture": "#0"},
				"east": {"uv": [8.75, 5.75, 9.5, 6.375], "texture": "#0"},
				"south": {"uv": [11, 5.75, 11.75, 6.375], "texture": "#0"},
				"west": {"uv": [10.25, 5.75, 11, 6.375], "texture": "#0"},
				"up": {"uv": [10.25, 5.75, 9.5, 5], "texture": "#0"},
				"down": {"uv": [11, 5, 10.25, 5.75], "texture": "#0"}
			}
		},
		{
			"from": [13, 14, 3],
			"to": [14, 22, 13],
			"faces": {
				"north": {"uv": [6.75, 9.125, 6.875, 10.125], "texture": "#0"},
				"east": {"uv": [5.5, 9.125, 6.75, 10.125], "texture": "#0"},
				"south": {"uv": [8.125, 9.125, 8.25, 10.125], "texture": "#0"},
				"west": {"uv": [6.875, 9.125, 8.125, 10.125], "texture": "#0"},
				"up": {"uv": [6.875, 9.125, 6.75, 7.875], "texture": "#0"},
				"down": {"uv": [7, 7.875, 6.875, 9.125], "texture": "#0"}
			}
		},
		{
			"from": [2, 14, 3],
			"to": [3, 22, 13],
			"faces": {
				"north": {"uv": [9, 1.25, 9.125, 2.25], "texture": "#0"},
				"east": {"uv": [7.75, 1.25, 9, 2.25], "texture": "#0"},
				"south": {"uv": [10.375, 1.25, 10.5, 2.25], "texture": "#0"},
				"west": {"uv": [9.125, 1.25, 10.375, 2.25], "texture": "#0"},
				"up": {"uv": [9.125, 1.25, 9, 0], "texture": "#0"},
				"down": {"uv": [9.25, 0, 9.125, 1.25], "texture": "#0"}
			}
		},
		{
			"from": [3, 21, 3],
			"to": [13, 22, 13],
			"faces": {
				"north": {"uv": [7, 4.125, 8.25, 4.25], "texture": "#0"},
				"east": {"uv": [5.75, 4.125, 7, 4.25], "texture": "#0"},
				"south": {"uv": [9.5, 4.125, 10.75, 4.25], "texture": "#0"},
				"west": {"uv": [8.25, 4.125, 9.5, 4.25], "texture": "#0"},
				"up": {"uv": [8.25, 4.125, 7, 2.875], "texture": "#0"},
				"down": {"uv": [9.5, 2.875, 8.25, 4.125], "texture": "#0"}
			}
		},
		{
			"from": [3, 14, 3],
			"to": [13, 15, 13],
			"faces": {
				"north": {"uv": [4, 6.125, 5.25, 6.25], "texture": "#0"},
				"east": {"uv": [2.75, 6.125, 4, 6.25], "texture": "#0"},
				"south": {"uv": [6.5, 6.125, 7.75, 6.25], "texture": "#0"},
				"west": {"uv": [5.25, 6.125, 6.5, 6.25], "texture": "#0"},
				"up": {"uv": [5.25, 6.125, 4, 4.875], "texture": "#0"},
				"down": {"uv": [6.5, 4.875, 5.25, 6.125], "texture": "#0"}
			}
		},
		{
			"from": [3, 15, 4],
			"to": [13, 21, 13],
			"faces": {
				"north": {"uv": [1.125, 3.875, 2.375, 4.625], "texture": "#0"},
				"east": {"uv": [0, 3.875, 1.125, 4.625], "texture": "#0"},
				"south": {"uv": [3.5, 3.875, 4.75, 4.625], "texture": "#0"},
				"west": {"uv": [2.375, 3.875, 3.5, 4.625], "texture": "#0"},
				"up": {"uv": [2.375, 3.875, 1.125, 2.75], "texture": "#0"},
				"down": {"uv": [3.625, 2.75, 2.375, 3.875], "texture": "#0"}
			}
		},
		{
			"from": [9, 16.5, 3],
			"to": [12, 19.5, 12],
			"faces": {
				"north": {"uv": [9.375, 9.375, 9.75, 9.75], "texture": "#0"},
				"east": {"uv": [8.25, 9.375, 9.375, 9.75], "texture": "#0"},
				"south": {"uv": [10.875, 9.375, 11.25, 9.75], "texture": "#0"},
				"west": {"uv": [9.75, 9.375, 10.875, 9.75], "texture": "#0"},
				"up": {"uv": [9.75, 9.375, 9.375, 8.25], "texture": "#0"},
				"down": {"uv": [10.125, 8.25, 9.75, 9.375], "texture": "#0"}
			}
		},
		{
			"from": [4, 16.5, 3],
			"to": [7, 19.5, 12],
			"faces": {
				"north": {"uv": [7.625, 5.375, 8, 5.75], "texture": "#0"},
				"east": {"uv": [6.5, 5.375, 7.625, 5.75], "texture": "#0"},
				"south": {"uv": [9.125, 5.375, 9.5, 5.75], "texture": "#0"},
				"west": {"uv": [8, 5.375, 9.125, 5.75], "texture": "#0"},
				"up": {"uv": [8, 5.375, 7.625, 4.25], "texture": "#0"},
				"down": {"uv": [8.375, 4.25, 8, 5.375], "texture": "#0"}
			}
		},
		{
			"from": [1, 16, 6],
			"to": [15, 20, 10],
			"faces": {
				"north": {"uv": [5, 0.5, 6.75, 1], "texture": "#0"},
				"east": {"uv": [4.5, 0.5, 5, 1], "texture": "#0"},
				"south": {"uv": [7.25, 0.5, 9, 1], "texture": "#0"},
				"west": {"uv": [6.75, 0.5, 7.25, 1], "texture": "#0"},
				"up": {"uv": [6.75, 0.5, 5, 0], "texture": "#0"},
				"down": {"uv": [8.5, 0, 6.75, 0.5], "texture": "#0"}
			}
		}
	],
	"display": {
		"thirdperson_righthand": {
			"rotation": [75, 45, 0],
			"translation": [0, 2.5, 0],
			"scale": [0.375, 0.375, 0.375]
		},
		"thirdperson_lefthand": {
			"rotation": [75, 45, 0],
			"translation": [0, 2.5, 0],
			"scale": [0.375, 0.375, 0.375]
		},
		"firstperson_righthand": {
			"rotation": [0, 45, 0],
			"scale": [0.4, 0.4, 0.4]
		},
		"firstperson_lefthand": {
			"rotation": [0, 225, 0],
			"scale": [0.4, 0.4, 0.4]
		},
		"ground": {
			"translation": [0, 3, 0],
			"scale": [0.25, 0.25, 0.25]
		},
		"gui": {
			"rotation": [30, 225, 0],
			"translation": [0, -1, 0],
			"scale": [0.625, 0.625, 0.625]
		},
		"head": {
			"translation": [0, -31, 0],
			"scale": [1.2, 1.2, 1.2]
		}
	}
}