{
	"credit": "Made with Blockbench",
	"texture_size": [32, 32],
	"textures": {
		"0": "craftadia/pets/devil_bat_pet",
		"particle": "craftadia/pets/devil_bat_pet"
	},
	"elements": [
		{
			"from": [6, 9, 1],
			"to": [10, 13, 5],
			"rotation": {"angle": 0, "axis": "y", "origin": [8, 2, 3]},
			"faces": {
				"north": {"uv": [4.5, 2.5, 6.5, 4.5], "texture": "#0"},
				"east": {"uv": [6.5, 2.5, 8.5, 4.5], "texture": "#0"},
				"south": {"uv": [7.5, 0, 9.5, 2], "texture": "#0"},
				"west": {"uv": [7.5, 4.5, 9.5, 6.5], "texture": "#0"},
				"up": {"uv": [10, 10, 8, 8], "texture": "#0"},
				"down": {"uv": [10.5, 2, 8.5, 4], "texture": "#0"}
			}
		},
		{
			"from": [5, 12, 4.375],
			"to": [11, 17, 4.375],
			"rotation": {"angle": 22.5, "axis": "x", "origin": [8, 13.5, 2.9]},
			"faces": {
				"north": {"uv": [4.5, 4.5, 7.5, 7], "texture": "#0"},
				"east": {"uv": [0, 0, 0, 2.5], "texture": "#0"},
				"south": {"uv": [4.5, 0, 7.5, 2.5], "texture": "#0"},
				"west": {"uv": [0, 0, 0, 2.5], "texture": "#0"},
				"up": {"uv": [3, 0, 0, 0], "texture": "#0"},
				"down": {"uv": [3, 0, 0, 0], "texture": "#0"}
			}
		},
		{
			"from": [6.2, 3.525, 2.35],
			"to": [9.8, 10.125, 5.95],
			"rotation": {"angle": -45, "axis": "x", "origin": [8, 9, 3]},
			"faces": {
				"north": {"uv": [0, 7, 2, 10.5], "texture": "#0"},
				"east": {"uv": [2, 7, 4, 10.5], "texture": "#0"},
				"south": {"uv": [4, 7, 6, 10.5], "texture": "#0"},
				"west": {"uv": [6, 7, 8, 10.5], "texture": "#0"},
				"up": {"uv": [11.5, 2, 9.5, 0], "texture": "#0"},
				"down": {"uv": [11.5, 4, 9.5, 6], "texture": "#0"}
			}
		},
		{
			"from": [6.5, -0.35, 4.15],
			"to": [9.5, 3.65, 4.15],
			"rotation": {"angle": -45, "axis": "x", "origin": [8, 9, 3]},
			"faces": {
				"north": {"uv": [8, 10, 9.5, 12], "rotation": 180, "texture": "#0"},
				"east": {"uv": [0, 0, 0, 2], "texture": "#0"},
				"south": {"uv": [8, 10, 9.5, 12], "texture": "#0"},
				"west": {"uv": [0, 0, 0, 2], "texture": "#0"},
				"up": {"uv": [1.5, 0, 0, 0], "texture": "#0"},
				"down": {"uv": [1.5, 0, 0, 0], "texture": "#0"}
			}
		},
		{
			"from": [6.5, 3.20143, 10.42533],
			"to": [9.5, 3.20143, 14.42533],
			"rotation": {"angle": 22.5, "axis": "x", "origin": [6.5, 3.20243, 10.42533]},
			"faces": {
				"north": {"uv": [0, 0, 1.5, 0], "texture": "#0"},
				"east": {"uv": [0, 0, 2, 0], "texture": "#0"},
				"south": {"uv": [0, 0, 1.5, 0], "texture": "#0"},
				"west": {"uv": [0, 0, 2, 0], "texture": "#0"},
				"up": {"uv": [11, 12, 9.5, 10], "texture": "#0"},
				"down": {"uv": [11, 12, 9.5, 10], "rotation": 180, "texture": "#0"}
			}
		},
		{
			"from": [6.5, 1.6707, 14.12085],
			"to": [9.5, 1.6707, 18.12085],
			"rotation": {"angle": 0, "axis": "x", "origin": [9.5, 1.6717, 14.12085]},
			"faces": {
				"north": {"uv": [0, 0, 1.5, 0], "texture": "#0"},
				"east": {"uv": [0, 0, 2, 0], "texture": "#0"},
				"south": {"uv": [0, 0, 1.5, 0], "texture": "#0"},
				"west": {"uv": [0, 0, 2, 0], "texture": "#0"},
				"up": {"uv": [1.5, 12.5, 0, 10.5], "texture": "#0"},
				"down": {"uv": [1.5, 12.5, 0, 10.5], "rotation": 180, "texture": "#0"}
			}
		},
		{
			"from": [6.5, 3.8808, 5.90291],
			"to": [9.5, 5.8808, 5.90291],
			"rotation": {"angle": 22.5, "axis": "x", "origin": [8, 3.8558, 5.52791]},
			"faces": {
				"north": {"uv": [8, 6.5, 9.5, 7.5], "texture": "#0"},
				"east": {"uv": [0, 0, 0, 1], "texture": "#0"},
				"south": {"uv": [3, 10.5, 4.5, 11.5], "texture": "#0"},
				"west": {"uv": [0, 0, 0, 1], "texture": "#0"},
				"up": {"uv": [1.5, 0, 0, 0], "texture": "#0"},
				"down": {"uv": [1.5, 0, 0, 0], "texture": "#0"}
			}
		},
		{
			"from": [6.5, 3.8808, 5.90291],
			"to": [9.5, 3.8808, 7.90291],
			"rotation": {"angle": 22.5, "axis": "x", "origin": [8, 3.8558, 5.52791]},
			"faces": {
				"north": {"uv": [0, 0, 1.5, 0], "texture": "#0"},
				"east": {"uv": [0, 0, 1, 0], "texture": "#0"},
				"south": {"uv": [0, 0, 1.5, 0], "texture": "#0"},
				"west": {"uv": [0, 0, 1, 0], "texture": "#0"},
				"up": {"uv": [6, 11.5, 4.5, 10.5], "texture": "#0"},
				"down": {"uv": [7.5, 10.5, 6, 11.5], "texture": "#0"}
			}
		},
		{
			"from": [-2.6, 3.325, 4.4],
			"to": [6.4, 10.325, 4.4],
			"rotation": {"angle": -45, "axis": "x", "origin": [8, 9, 3]},
			"faces": {
				"north": {"uv": [0, 0, 4.5, 3.5], "texture": "#0"},
				"east": {"uv": [0, 0, 0, 3.5], "texture": "#0"},
				"south": {"uv": [0, 3.5, 4.5, 7], "texture": "#0"},
				"west": {"uv": [0, 0, 0, 3.5], "texture": "#0"},
				"up": {"uv": [4.5, 0, 0, 0], "texture": "#0"},
				"down": {"uv": [4.5, 0, 0, 0], "texture": "#0"}
			}
		},
		{
			"from": [9.6, 3.325, 4.4],
			"to": [18.6, 10.325, 4.4],
			"rotation": {"angle": -45, "axis": "x", "origin": [8, 9, 3]},
			"faces": {
				"north": {"uv": [4.5, 0, 0, 3.5], "texture": "#0"},
				"east": {"uv": [0, 0, 0, 3.5], "texture": "#0"},
				"south": {"uv": [4.5, 3.5, 0, 7], "texture": "#0"},
				"west": {"uv": [0, 0, 0, 3.5], "texture": "#0"},
				"up": {"uv": [0, 0, 4.5, 0], "texture": "#0"},
				"down": {"uv": [0, 0, 4.5, 0], "texture": "#0"}
			}
		}
	],
	"display": {
		"thirdperson_righthand": {
			"rotation": [86, 0, 0],
			"translation": [-18, 0, 4.5]
		},
		"head": {
			"rotation": [-8, 0, 0],
			"translation": [-20.25, 0, 0.25],
			"scale": [2.88, 2.88, 2.88]
		}
	},
	"groups": [
		{
			"name": "group",
			"origin": [8, 9, 7],
			"children": [0, 1, 2, 3, 4, 5, 6, 7, 8, 9]
		}
	]
}