{
	"credit": "Made with Blockbench",
	"texture_size": [32, 32],
	"textures": {
		"0": "craftadia/pets/frog_pet"
	},
	"elements": [
		{
			"name": "head",
			"from": [5.5, 5, 1],
			"to": [10.5, 8, 6],
			"rotation": {"angle": 0, "axis": "y", "origin": [8, -4, 7]},
			"faces": {
				"north": {"uv": [8.5, 14, 11, 15.5], "texture": "#0"},
				"east": {"uv": [6, 14, 8.5, 15.5], "texture": "#0"},
				"south": {"uv": [13.5, 14, 16, 15.5], "texture": "#0"},
				"west": {"uv": [11, 14, 13.5, 15.5], "texture": "#0"},
				"up": {"uv": [11, 14, 8.5, 11.5], "texture": "#0"},
				"down": {"uv": [13.5, 11.5, 11, 14], "texture": "#0"}
			}
		},
		{
			"name": "head",
			"from": [5.5, 8, 2],
			"to": [7.5, 9, 4],
			"rotation": {"angle": 0, "axis": "y", "origin": [8, -4, 6]},
			"faces": {
				"north": {"uv": [12.5, 1, 13.5, 1.5], "texture": "#0"},
				"east": {"uv": [11.5, 1, 12.5, 1.5], "texture": "#0"},
				"south": {"uv": [14.5, 1, 15.5, 1.5], "texture": "#0"},
				"west": {"uv": [13.5, 1, 14.5, 1.5], "texture": "#0"},
				"up": {"uv": [13.5, 1, 12.5, 0], "texture": "#0"},
				"down": {"uv": [14.5, 0, 13.5, 1], "texture": "#0"}
			}
		},
		{
			"name": "head",
			"from": [8.5, 8, 2],
			"to": [10.5, 9, 4],
			"shade": false,
			"rotation": {"angle": 0, "axis": "y", "origin": [11, -4, 6]},
			"faces": {
				"north": {"uv": [13.5, 1, 12.5, 1.5], "texture": "#0"},
				"east": {"uv": [14.5, 1, 13.5, 1.5], "texture": "#0"},
				"south": {"uv": [15.5, 1, 14.5, 1.5], "texture": "#0"},
				"west": {"uv": [12.5, 1, 11.5, 1.5], "texture": "#0"},
				"up": {"uv": [12.5, 1, 13.5, 0], "texture": "#0"},
				"down": {"uv": [13.5, 0, 14.5, 1], "texture": "#0"}
			}
		},
		{
			"name": "frontLegRight",
			"from": [4, 0, 4.96962],
			"to": [6, 5, 6.96962],
			"rotation": {"angle": 0, "axis": "y", "origin": [8, 0, 5]},
			"faces": {
				"north": {"uv": [1, 7, 2, 9.5], "texture": "#0"},
				"east": {"uv": [0, 7, 1, 9.5], "texture": "#0"},
				"south": {"uv": [3, 7, 4, 9.5], "texture": "#0"},
				"west": {"uv": [2, 7, 3, 9.5], "texture": "#0"},
				"up": {"uv": [2, 7, 1, 6], "texture": "#0"},
				"down": {"uv": [3, 6, 2, 7], "texture": "#0"}
			}
		},
		{
			"name": "frontLegLeft",
			"from": [10, 0, 4.96962],
			"to": [12, 5, 6.96962],
			"shade": false,
			"rotation": {"angle": 0, "axis": "y", "origin": [8, 0, 5]},
			"faces": {
				"north": {"uv": [2, 7, 1, 9.5], "texture": "#0"},
				"east": {"uv": [3, 7, 2, 9.5], "texture": "#0"},
				"south": {"uv": [4, 7, 3, 9.5], "texture": "#0"},
				"west": {"uv": [1, 7, 0, 9.5], "texture": "#0"},
				"up": {"uv": [1, 7, 2, 6], "texture": "#0"},
				"down": {"uv": [2, 6, 3, 7], "texture": "#0"}
			}
		},
		{
			"name": "body",
			"from": [5, 4.06031, 4.34202],
			"to": [11, 8.06031, 11.34202],
			"rotation": {"angle": 22.5, "axis": "x", "origin": [8, 3, 4]},
			"faces": {
				"north": {"uv": [3.5, 3.5, 6.5, 5.5], "texture": "#0"},
				"east": {"uv": [0, 3.5, 3.5, 5.5], "texture": "#0"},
				"south": {"uv": [10, 3.5, 13, 5.5], "texture": "#0"},
				"west": {"uv": [6.5, 3.5, 10, 5.5], "texture": "#0"},
				"up": {"uv": [6.5, 3.5, 3.5, 0], "texture": "#0"},
				"down": {"uv": [9.5, 0, 6.5, 3.5], "texture": "#0"}
			}
		},
		{
			"name": "haunchRight",
			"from": [4, 1, 9.76031],
			"to": [6, 4, 12.76031],
			"rotation": {"angle": 0, "axis": "y", "origin": [8, -1.3, 5]},
			"faces": {
				"north": {"uv": [8.5, 8.5, 9.5, 10], "texture": "#0"},
				"east": {"uv": [7, 8.5, 8.5, 10], "texture": "#0"},
				"south": {"uv": [11, 8.5, 12, 10], "texture": "#0"},
				"west": {"uv": [9.5, 8.5, 11, 10], "texture": "#0"},
				"up": {"uv": [9.5, 8.5, 8.5, 7], "texture": "#0"},
				"down": {"uv": [10.5, 7, 9.5, 8.5], "texture": "#0"}
			}
		},
		{
			"name": "haunchLeft",
			"from": [10, 1, 9.76031],
			"to": [12, 4, 12.76031],
			"shade": false,
			"rotation": {"angle": 0, "axis": "y", "origin": [8, -1.3, 5]},
			"faces": {
				"north": {"uv": [9.5, 8.5, 8.5, 10], "texture": "#0"},
				"east": {"uv": [11, 8.5, 9.5, 10], "texture": "#0"},
				"south": {"uv": [12, 8.5, 11, 10], "texture": "#0"},
				"west": {"uv": [8.5, 8.5, 7, 10], "texture": "#0"},
				"up": {"uv": [8.5, 8.5, 9.5, 7], "texture": "#0"},
				"down": {"uv": [9.5, 7, 10.5, 8.5], "texture": "#0"}
			}
		},
		{
			"name": "rearFootRight",
			"from": [4, 0, 8],
			"to": [6, 1, 12],
			"rotation": {"angle": 0, "axis": "y", "origin": [8, 0, 5]},
			"faces": {
				"north": {"uv": [2, 13.5, 3, 14], "texture": "#0"},
				"east": {"uv": [0, 13.5, 2, 14], "texture": "#0"},
				"south": {"uv": [5, 13.5, 6, 14], "texture": "#0"},
				"west": {"uv": [3, 13.5, 5, 14], "texture": "#0"},
				"up": {"uv": [3, 13.5, 2, 11.5], "texture": "#0"},
				"down": {"uv": [4, 11.5, 3, 13.5], "texture": "#0"}
			}
		},
		{
			"name": "rearFootLeft",
			"from": [10, 0, 8],
			"to": [12, 1, 12],
			"shade": false,
			"rotation": {"angle": 0, "axis": "y", "origin": [8, 0, 5]},
			"faces": {
				"north": {"uv": [3, 13.5, 2, 14], "texture": "#0"},
				"east": {"uv": [5, 13.5, 3, 14], "texture": "#0"},
				"south": {"uv": [6, 13.5, 5, 14], "texture": "#0"},
				"west": {"uv": [2, 13.5, 0, 14], "texture": "#0"},
				"up": {"uv": [2, 13.5, 3, 11.5], "texture": "#0"},
				"down": {"uv": [3, 11.5, 4, 13.5], "texture": "#0"}
			}
		}
	],
	"display": {
		"thirdperson_righthand": {
			"rotation": [0, -180, 0],
			"translation": [0, 4, 0],
			"scale": [0.6, 0.6, 0.6]
		},
		"thirdperson_lefthand": {
			"rotation": [0, -180, 0],
			"translation": [0, 4, 0],
			"scale": [0.6, 0.6, 0.6]
		},
		"firstperson_righthand": {
			"rotation": [0, -180, 0],
			"translation": [2, 1.5, 0],
			"scale": [0.6, 0.6, 0.6]
		},
		"firstperson_lefthand": {
			"rotation": [0, -180, 0],
			"translation": [2, 1.5, 0],
			"scale": [0.6, 0.6, 0.6]
		},
		"ground": {
			"translation": [0, 1, 0],
			"scale": [0.6, 0.6, 0.6]
		},
		"gui": {
			"rotation": [30, 225, 0],
			"translation": [0, 2.75, 0],
			"scale": [0.625, 0.625, 0.625]
		},
		"head": {
			"translation": [0, -30, -1.25],
			"scale": [1.75, 1.75, 1.75]
		},
		"fixed": {
			"translation": [0, 3.5, -3.25],
			"scale": [0.8, 0.8, 0.8]
		}
	},
	"groups": [
		{
			"name": "Main",
			"origin": [0, 0, -2],
			"children": [
				{
					"name": "head",
					"origin": [0, 8, -3],
					"shade": false,
					"children": [0, 1, 2]
				},
				{
					"name": "frontLegRight",
					"origin": [-3, 7, -3],
					"shade": false,
					"children": [3]
				},
				{
					"name": "frontLegLeft",
					"origin": [3, 7, -3],
					"shade": false,
					"children": [4]
				},
				{
					"name": "body",
					"origin": [0, 5, 6],
					"shade": false,
					"children": [5]
				},
				{
					"name": "haunchRight",
					"origin": [-3, 6.5, 1.7],
					"shade": false,
					"children": [6]
				},
				{
					"name": "haunchLeft",
					"origin": [3, 6.5, 1.7],
					"shade": false,
					"children": [7]
				},
				{
					"name": "rearFootRight",
					"origin": [-3, 6.5, 1.7],
					"shade": false,
					"children": [8]
				},
				{
					"name": "rearFootLeft",
					"origin": [3, 6.5, 1.7],
					"shade": false,
					"children": [9]
				}
			]
		}
	]
}