{
	"credit": "Made with Blockbench",
	"texture_size": [64, 64],
	"textures": {
		"0": "craftadia/pets/goblin_pet",
		"particle": "craftadia/pets/goblin_pet"
	},
	"elements": [
		{
			"from": [4.5, 2.82313, 8.29945],
			"to": [11.5, 10.82313, 15.29945],
			"rotation": {"angle": -22.5, "axis": "x", "origin": [8, 0, 8.525]},
			"faces": {
				"north": {"uv": [5.75, 5.75, 7.5, 7.75], "texture": "#0"},
				"east": {"uv": [5.75, 0, 7.5, 2], "texture": "#0"},
				"south": {"uv": [5.75, 2, 7.5, 4], "texture": "#0"},
				"west": {"uv": [0, 6, 1.75, 8], "texture": "#0"},
				"up": {"uv": [5.75, 4, 4, 2.25], "texture": "#0"},
				"down": {"uv": [7.5, 4, 5.75, 5.75], "texture": "#0"}
			}
		},
		{
			"from": [4.5, 1.82313, 15.29945],
			"to": [11.5, 10.82313, 21.29945],
			"rotation": {"angle": -22.5, "axis": "x", "origin": [8, 0, 8.525]},
			"faces": {
				"north": {"uv": [4, 4, 5.75, 6.25], "texture": "#0"},
				"east": {"uv": [1.75, 6, 3.25, 8.25], "texture": "#0"},
				"south": {"uv": [4, 0, 5.75, 2.25], "texture": "#0"},
				"west": {"uv": [3.25, 6.25, 4.75, 8.5], "texture": "#0"},
				"up": {"uv": [9.25, 9, 7.5, 7.5], "texture": "#0"},
				"down": {"uv": [9.25, 0, 7.5, 1.5], "texture": "#0"}
			}
		},
		{
			"from": [3.5, 8.82313, 17.29945],
			"to": [4.5, 10.82313, 19.29945],
			"rotation": {"angle": -22.5, "axis": "x", "origin": [8, 0, 8.525]},
			"faces": {
				"north": {"uv": [5.5, 6.25, 5.75, 6.75], "texture": "#0"},
				"east": {"uv": [8.75, 4.75, 9.25, 5.25], "texture": "#0"},
				"south": {"uv": [5.5, 6.75, 5.75, 7.25], "texture": "#0"},
				"west": {"uv": [7.25, 9, 7.75, 9.5], "texture": "#0"},
				"up": {"uv": [5.75, 7.75, 5.5, 7.25], "texture": "#0"},
				"down": {"uv": [7.5, 7.75, 7.25, 8.25], "texture": "#0"}
			}
		},
		{
			"from": [11.5, 8.82313, 17.29945],
			"to": [12.5, 10.82313, 19.29945],
			"rotation": {"angle": -22.5, "axis": "x", "origin": [8, 0, 8.525]},
			"faces": {
				"north": {"uv": [5.75, 6.25, 5.5, 6.75], "texture": "#0"},
				"east": {"uv": [7.75, 9, 7.25, 9.5], "texture": "#0"},
				"south": {"uv": [5.75, 6.75, 5.5, 7.25], "texture": "#0"},
				"west": {"uv": [9.25, 4.75, 8.75, 5.25], "texture": "#0"},
				"up": {"uv": [5.5, 7.75, 5.75, 7.25], "texture": "#0"},
				"down": {"uv": [7.25, 7.75, 7.5, 8.25], "texture": "#0"}
			}
		},
		{
			"from": [2.5, 0.375, 7.975],
			"to": [4.5, 5.375, 10.975],
			"rotation": {"angle": 0, "axis": "x", "origin": [8, 0, 8.525]},
			"faces": {
				"north": {"uv": [4.75, 8.25, 5.25, 9.5], "texture": "#0"},
				"east": {"uv": [7.5, 6, 8.25, 7.25], "texture": "#0"},
				"south": {"uv": [8.25, 4, 8.75, 5.25], "texture": "#0"},
				"west": {"uv": [5.5, 7.75, 6.25, 9], "texture": "#0"},
				"up": {"uv": [4.5, 9.25, 4, 8.5], "texture": "#0"},
				"down": {"uv": [9.25, 4, 8.75, 4.75], "texture": "#0"}
			}
		},
		{
			"from": [11.5, 0.375, 7.975],
			"to": [13.5, 5.375, 10.975],
			"rotation": {"angle": 0, "axis": "x", "origin": [8, 0, 8.525]},
			"faces": {
				"north": {"uv": [5.25, 8.25, 4.75, 9.5], "texture": "#0"},
				"east": {"uv": [6.25, 7.75, 5.5, 9], "texture": "#0"},
				"south": {"uv": [8.75, 4, 8.25, 5.25], "texture": "#0"},
				"west": {"uv": [8.25, 6, 7.5, 7.25], "texture": "#0"},
				"up": {"uv": [4, 9.25, 4.5, 8.5], "texture": "#0"},
				"down": {"uv": [8.75, 4, 9.25, 4.75], "texture": "#0"}
			}
		},
		{
			"from": [2.5, 1.54396, 2.52754],
			"to": [4.5, 7.54396, 4.52754],
			"rotation": {"angle": 22.5, "axis": "x", "origin": [8, 0, 8.525]},
			"faces": {
				"north": {"uv": [6.25, 7.75, 6.75, 9.25], "texture": "#0"},
				"east": {"uv": [6.75, 7.75, 7.25, 9.25], "texture": "#0"},
				"south": {"uv": [0, 8, 0.5, 9.5], "texture": "#0"},
				"west": {"uv": [0.5, 8, 1, 9.5], "texture": "#0"},
				"up": {"uv": [9.25, 9.5, 8.75, 9], "texture": "#0"},
				"down": {"uv": [9.5, 1.5, 9, 2], "texture": "#0"}
			}
		},
		{
			"from": [11.5, 1.54396, 2.52754],
			"to": [13.5, 7.54396, 4.52754],
			"rotation": {"angle": 22.5, "axis": "x", "origin": [8, 0, 8.525]},
			"faces": {
				"north": {"uv": [6.75, 7.75, 6.25, 9.25], "texture": "#0"},
				"east": {"uv": [1, 8, 0.5, 9.5], "texture": "#0"},
				"south": {"uv": [0.5, 8, 0, 9.5], "texture": "#0"},
				"west": {"uv": [7.25, 7.75, 6.75, 9.25], "texture": "#0"},
				"up": {"uv": [8.75, 9.5, 9.25, 9], "texture": "#0"},
				"down": {"uv": [9, 1.5, 9.5, 2], "texture": "#0"}
			}
		},
		{
			"from": [2.6, 4.66986, 6.03165],
			"to": [4.4, 7.46986, 8.83165],
			"rotation": {"angle": 22.5, "axis": "x", "origin": [8, 0, 8.525]},
			"faces": {
				"north": {"uv": [3, 9, 3.5, 9.75], "texture": "#0"},
				"east": {"uv": [8.25, 5.25, 9, 6], "texture": "#0"},
				"south": {"uv": [3.5, 9, 4, 9.75], "texture": "#0"},
				"west": {"uv": [8.25, 6, 9, 6.75], "texture": "#0"},
				"up": {"uv": [5.75, 9.75, 5.25, 9], "texture": "#0"},
				"down": {"uv": [6.25, 9, 5.75, 9.75], "texture": "#0"}
			}
		},
		{
			"from": [11.6, 4.66986, 6.03165],
			"to": [13.4, 7.46986, 8.83165],
			"rotation": {"angle": 22.5, "axis": "x", "origin": [8, 0, 8.525]},
			"faces": {
				"north": {"uv": [3.5, 9, 3, 9.75], "texture": "#0"},
				"east": {"uv": [9, 6, 8.25, 6.75], "texture": "#0"},
				"south": {"uv": [4, 9, 3.5, 9.75], "texture": "#0"},
				"west": {"uv": [9, 5.25, 8.25, 6], "texture": "#0"},
				"up": {"uv": [5.25, 9.75, 5.75, 9], "texture": "#0"},
				"down": {"uv": [5.75, 9, 6.25, 9.75], "texture": "#0"}
			}
		},
		{
			"from": [2.5, 0.375, 6.975],
			"to": [4.5, 0.375, 7.975],
			"rotation": {"angle": 0, "axis": "x", "origin": [8, 0, 8.525]},
			"faces": {
				"north": {"uv": [0, 0, 0.5, 0], "texture": "#0"},
				"east": {"uv": [0, 0, 0.25, 0], "texture": "#0"},
				"south": {"uv": [0, 0, 0.5, 0], "texture": "#0"},
				"west": {"uv": [0, 0, 0.25, 0], "texture": "#0"},
				"up": {"uv": [3.75, 6.25, 3.25, 6], "texture": "#0"},
				"down": {"uv": [8, 7.25, 7.5, 7.5], "texture": "#0"}
			}
		},
		{
			"from": [11.5, 0.375, 6.975],
			"to": [13.5, 0.375, 7.975],
			"rotation": {"angle": 0, "axis": "x", "origin": [8, 0, 8.525]},
			"faces": {
				"north": {"uv": [0.5, 0, 0, 0], "texture": "#0"},
				"east": {"uv": [0.25, 0, 0, 0], "texture": "#0"},
				"south": {"uv": [0.5, 0, 0, 0], "texture": "#0"},
				"west": {"uv": [0.25, 0, 0, 0], "texture": "#0"},
				"up": {"uv": [3.25, 6.25, 3.75, 6], "texture": "#0"},
				"down": {"uv": [7.5, 7.25, 8, 7.5], "texture": "#0"}
			}
		},
		{
			"from": [4, 11, 2],
			"to": [12, 19, 10],
			"rotation": {"angle": 0, "axis": "y", "origin": [8, 0, 8.525]},
			"faces": {
				"north": {"uv": [0, 0, 2, 2], "texture": "#0"},
				"east": {"uv": [0, 2, 2, 4], "texture": "#0"},
				"south": {"uv": [2, 2, 4, 4], "texture": "#0"},
				"west": {"uv": [2, 0, 4, 2], "texture": "#0"},
				"up": {"uv": [2, 6, 0, 4], "texture": "#0"},
				"down": {"uv": [4, 4, 2, 6], "texture": "#0"}
			}
		},
		{
			"from": [12.61387, 13, 9.56798],
			"to": [12.61387, 18, 15.56798],
			"rotation": {"angle": 45, "axis": "y", "origin": [8, 0, 8.525]},
			"faces": {
				"north": {"uv": [0, 0, 0, 1.25], "texture": "#0"},
				"east": {"uv": [7.5, 1.5, 9, 2.75], "texture": "#0"},
				"south": {"uv": [0, 0, 0, 1.25], "texture": "#0"},
				"west": {"uv": [9, 2.75, 7.5, 4], "texture": "#0"},
				"up": {"uv": [0, 1.5, 0, 0], "texture": "#0"},
				"down": {"uv": [0, 0, 0, 1.5], "texture": "#0"}
			}
		},
		{
			"from": [3.38613, 13, 9.56798],
			"to": [3.38613, 18, 15.56798],
			"rotation": {"angle": -45, "axis": "y", "origin": [8, 0, 8.525]},
			"faces": {
				"north": {"uv": [0, 0, 0, 1.25], "texture": "#0"},
				"east": {"uv": [7.5, 2.75, 9, 4], "texture": "#0"},
				"south": {"uv": [0, 0, 0, 1.25], "texture": "#0"},
				"west": {"uv": [9, 1.5, 7.5, 2.75], "texture": "#0"},
				"up": {"uv": [0, 1.5, 0, 0], "texture": "#0"},
				"down": {"uv": [0, 0, 0, 1.5], "texture": "#0"}
			}
		},
		{
			"from": [15.37293, 13.91387, 1.875],
			"to": [19.37293, 15.91387, 1.875],
			"rotation": {"angle": 22.5, "axis": "z", "origin": [8, 0, 8.525]},
			"faces": {
				"north": {"uv": [8.25, 6.75, 9.25, 7.25], "texture": "#0"},
				"east": {"uv": [0, 0, 0, 0.5], "texture": "#0"},
				"south": {"uv": [3, 8.5, 4, 9], "texture": "#0"},
				"west": {"uv": [0, 0, 0, 0.5], "texture": "#0"},
				"up": {"uv": [1, 0, 0, 0], "texture": "#0"},
				"down": {"uv": [1, 0, 0, 0], "texture": "#0"}
			}
		},
		{
			"from": [-3.37293, 13.91387, 1.875],
			"to": [0.62707, 15.91387, 1.875],
			"rotation": {"angle": -22.5, "axis": "z", "origin": [8, 0, 8.525]},
			"faces": {
				"north": {"uv": [9.25, 6.75, 8.25, 7.25], "texture": "#0"},
				"east": {"uv": [0, 0, 0, 0.5], "texture": "#0"},
				"south": {"uv": [4, 8.5, 3, 9], "texture": "#0"},
				"west": {"uv": [0, 0, 0, 0.5], "texture": "#0"},
				"up": {"uv": [0, 0, 1, 0], "texture": "#0"},
				"down": {"uv": [0, 0, 1, 0], "texture": "#0"}
			}
		},
		{
			"from": [18.91867, 16.03249, 2],
			"to": [21.91867, 16.03249, 10],
			"rotation": {"angle": 22.5, "axis": "z", "origin": [8, 0, 8.525]},
			"faces": {
				"north": {"uv": [0, 0, 0.75, 0], "texture": "#0"},
				"east": {"uv": [0, 0, 2, 0], "texture": "#0"},
				"south": {"uv": [0, 0, 0.75, 0], "texture": "#0"},
				"west": {"uv": [0, 0, 2, 0], "texture": "#0"},
				"up": {"uv": [5.5, 8.25, 4.75, 6.25], "texture": "#0"},
				"down": {"uv": [8.25, 4, 7.5, 6], "texture": "#0"}
			}
		},
		{
			"from": [-5.91867, 16.03249, 2],
			"to": [-2.91867, 16.03249, 10],
			"rotation": {"angle": -22.5, "axis": "z", "origin": [8, 0, 8.525]},
			"faces": {
				"north": {"uv": [0.75, 0, 0, 0], "texture": "#0"},
				"east": {"uv": [2, 0, 0, 0], "texture": "#0"},
				"south": {"uv": [0.75, 0, 0, 0], "texture": "#0"},
				"west": {"uv": [2, 0, 0, 0], "texture": "#0"},
				"up": {"uv": [4.75, 8.25, 5.5, 6.25], "texture": "#0"},
				"down": {"uv": [7.5, 4, 8.25, 6], "texture": "#0"}
			}
		},
		{
			"from": [7, 12, 0],
			"to": [9, 16, 2],
			"rotation": {"angle": 0, "axis": "y", "origin": [8, 0, 8.525]},
			"faces": {
				"north": {"uv": [1, 8, 1.5, 9.5], "texture": "#0"},
				"east": {"uv": [1.5, 8.25, 2, 9.75], "texture": "#0"},
				"south": {"uv": [2, 8.25, 2.5, 9.75], "texture": "#0"},
				"west": {"uv": [2.5, 8.25, 3, 9.75], "texture": "#0"},
				"up": {"uv": [9.5, 2.5, 9, 2], "texture": "#0"},
				"down": {"uv": [9.5, 2.5, 9, 3], "texture": "#0"}
			}
		}
	],
	"display": {
		"thirdperson_righthand": {
			"rotation": [90, 0, 0],
			"translation": [-21.5, 0, -4.75]
		},
		"ground": {
			"rotation": [0, 0, -1]
		},
		"head": {
			"translation": [-17, -32, 4],
			"scale": [1.5, 1.5, 1.5]
		}
	},
	"groups": [
		{
			"name": "group",
			"origin": [8, 15, 8],
			"children": [0, 1, 2, 3, 4, 5, 6, 7, 8, 9, 10, 11, 12, 13, 14, 15, 16, 17, 18, 19]
		}
	]
}