{
	"credit": "Made with Blockbench",
	"texture_size": [64, 64],
	"textures": {
		"0": "craftadia/pets/hellhound_pet",
		"particle": "craftadia/pets/hellhound_pet"
	},
	"elements": [
		{
			"name": "head",
			"from": [1, 4.5, 0],
			"to": [7, 11.5, 6],
			"rotation": {"angle": 45, "axis": "y", "origin": [4, 8, 6]},
			"faces": {
				"north": {"uv": [1.5, 1.5, 3, 3.25], "texture": "#0"},
				"east": {"uv": [0, 1.5, 1.5, 3.25], "texture": "#0"},
				"south": {"uv": [4.5, 1.5, 6, 3.25], "texture": "#0"},
				"west": {"uv": [3, 1.5, 4.5, 3.25], "texture": "#0"},
				"up": {"uv": [3, 1.5, 1.5, 0], "texture": "#0"},
				"down": {"uv": [4.5, 0, 3, 1.5], "texture": "#0"}
			}
		},
		{
			"name": "head",
			"from": [1, 11.5, 4],
			"to": [3, 13.5, 5],
			"rotation": {"angle": 45, "axis": "y", "origin": [4, 8, 6]},
			"faces": {
				"north": {"uv": [0.25, 0.25, 0.75, 0.75], "texture": "#0"},
				"east": {"uv": [0, 0.25, 0.25, 0.75], "texture": "#0"},
				"south": {"uv": [1, 0.25, 1.5, 0.75], "texture": "#0"},
				"west": {"uv": [0.75, 0.25, 1, 0.75], "texture": "#0"},
				"up": {"uv": [0.75, 0.25, 0.25, 0], "texture": "#0"},
				"down": {"uv": [1.25, 0, 0.75, 0.25], "texture": "#0"}
			}
		},
		{
			"name": "head",
			"from": [2, 13.5, 4],
			"to": [3, 14.5, 5],
			"rotation": {"angle": 45, "axis": "y", "origin": [4, 8, 6]},
			"faces": {
				"north": {"uv": [0.75, 5.25, 1, 5.5], "texture": "#0"},
				"east": {"uv": [0.5, 5.25, 0.75, 5.5], "texture": "#0"},
				"south": {"uv": [1.25, 5.25, 1.5, 5.5], "texture": "#0"},
				"west": {"uv": [1, 5.25, 1.25, 5.5], "texture": "#0"},
				"up": {"uv": [1, 5.25, 0.75, 5], "texture": "#0"},
				"down": {"uv": [1.25, 5, 1, 5.25], "texture": "#0"}
			}
		},
		{
			"name": "head",
			"from": [5, 11.5, 4],
			"to": [7, 13.5, 5],
			"shade": false,
			"rotation": {"angle": 45, "axis": "y", "origin": [4, 8, 6]},
			"faces": {
				"north": {"uv": [0.75, 0.25, 0.25, 0.75], "texture": "#0"},
				"east": {"uv": [1, 0.25, 0.75, 0.75], "texture": "#0"},
				"south": {"uv": [1.5, 0.25, 1, 0.75], "texture": "#0"},
				"west": {"uv": [0.25, 0.25, 0, 0.75], "texture": "#0"},
				"up": {"uv": [0.25, 0.25, 0.75, 0], "texture": "#0"},
				"down": {"uv": [0.75, 0, 1.25, 0.25], "texture": "#0"}
			}
		},
		{
			"name": "head",
			"from": [5, 13.5, 4],
			"to": [6, 14.5, 5],
			"shade": false,
			"rotation": {"angle": 45, "axis": "y", "origin": [4, 8, 6]},
			"faces": {
				"north": {"uv": [1, 5.25, 0.75, 5.5], "texture": "#0"},
				"east": {"uv": [1.25, 5.25, 1, 5.5], "texture": "#0"},
				"south": {"uv": [1.5, 5.25, 1.25, 5.5], "texture": "#0"},
				"west": {"uv": [0.75, 5.25, 0.5, 5.5], "texture": "#0"},
				"up": {"uv": [0.75, 5.25, 1, 5], "texture": "#0"},
				"down": {"uv": [1, 5, 1.25, 5.25], "texture": "#0"}
			}
		},
		{
			"name": "head",
			"from": [2.5, 4.52, -3],
			"to": [5.5, 7.52, 0],
			"rotation": {"angle": 45, "axis": "y", "origin": [4, 8, 6]},
			"faces": {
				"north": {"uv": [5.25, 0.75, 6, 1.5], "texture": "#0"},
				"east": {"uv": [4.5, 0.75, 5.25, 1.5], "texture": "#0"},
				"south": {"uv": [6.75, 0.75, 7.5, 1.5], "texture": "#0"},
				"west": {"uv": [6, 0.75, 6.75, 1.5], "texture": "#0"},
				"up": {"uv": [6, 0.75, 5.25, 0], "texture": "#0"},
				"down": {"uv": [6.75, 0, 6, 0.75], "texture": "#0"}
			}
		},
		{
			"name": "head",
			"from": [2.5, 3.52, -3],
			"to": [2.5, 4.52, 0],
			"rotation": {"angle": 45, "axis": "y", "origin": [4, 8, 6]},
			"faces": {
				"north": {"uv": [1.5, 8.75, 1.5, 9], "texture": "#0"},
				"east": {"uv": [0.75, 8.75, 1.5, 9], "texture": "#0"},
				"south": {"uv": [2.25, 8.75, 2.25, 9], "texture": "#0"},
				"west": {"uv": [1.5, 8.75, 2.25, 9], "texture": "#0"},
				"up": {"uv": [1.5, 8.75, 1.5, 8], "texture": "#0"},
				"down": {"uv": [1.5, 8, 1.5, 8.75], "texture": "#0"}
			}
		},
		{
			"name": "head",
			"from": [5.5, 3.52, -3],
			"to": [5.5, 4.52, 0],
			"rotation": {"angle": 45, "axis": "y", "origin": [4, 8, 6]},
			"faces": {
				"north": {"uv": [1.5, 8.75, 1.5, 9], "texture": "#0"},
				"east": {"uv": [0.75, 8.75, 1.5, 9], "texture": "#0"},
				"south": {"uv": [2.25, 8.75, 2.25, 9], "texture": "#0"},
				"west": {"uv": [1.5, 8.75, 2.25, 9], "texture": "#0"},
				"up": {"uv": [1.5, 8.75, 1.5, 8], "texture": "#0"},
				"down": {"uv": [1.5, 8, 1.5, 8.75], "texture": "#0"}
			}
		},
		{
			"name": "tail",
			"from": [7, 2.7594, 11.12924],
			"to": [9, 7.7594, 13.12924],
			"rotation": {"angle": -45, "axis": "x", "origin": [8, 8.22369, 11.56709]},
			"faces": {
				"north": {"uv": [4.5, 10.25, 5, 11.5], "texture": "#0"},
				"east": {"uv": [4, 10.25, 4.5, 11.5], "texture": "#0"},
				"south": {"uv": [5.5, 10.25, 6, 11.5], "texture": "#0"},
				"west": {"uv": [5, 10.25, 5.5, 11.5], "texture": "#0"},
				"up": {"uv": [5, 10.25, 4.5, 9.75], "texture": "#0"},
				"down": {"uv": [5.5, 9.75, 5, 10.25], "texture": "#0"}
			}
		},
		{
			"name": "body",
			"from": [5, 4, 3],
			"to": [11, 10, 13],
			"rotation": {"angle": 0, "axis": "y", "origin": [9, -2, 6]},
			"faces": {
				"north": {"uv": [8.5, 9, 10, 10.5], "texture": "#0"},
				"east": {"uv": [6, 9, 8.5, 10.5], "texture": "#0"},
				"south": {"uv": [12.5, 9, 14, 10.5], "texture": "#0"},
				"west": {"uv": [10, 9, 12.5, 10.5], "texture": "#0"},
				"up": {"uv": [10, 9, 8.5, 6.5], "texture": "#0"},
				"down": {"uv": [11.5, 6.5, 10, 9], "texture": "#0"}
			}
		},
		{
			"name": "body",
			"from": [3, 5, 3],
			"to": [12, 11, 7],
			"rotation": {"angle": 0, "axis": "y", "origin": [9, -2, 5]},
			"faces": {
				"north": {"uv": [6, 3.25, 8.25, 4.75], "texture": "#0"},
				"east": {"uv": [5, 3.25, 6, 4.75], "texture": "#0"},
				"south": {"uv": [9.25, 3.25, 11.5, 4.75], "texture": "#0"},
				"west": {"uv": [8.25, 3.25, 9.25, 4.75], "texture": "#0"},
				"up": {"uv": [8.25, 3.25, 6, 2.25], "texture": "#0"},
				"down": {"uv": [10.5, 2.25, 8.25, 3.25], "texture": "#0"}
			}
		},
		{
			"name": "leg3",
			"from": [8.5, 0, 4.1],
			"to": [10.5, 5, 6.1],
			"shade": false,
			"rotation": {"angle": 0, "axis": "y", "origin": [9, -3, 9.1]},
			"faces": {
				"north": {"uv": [10, 5.25, 9.5, 6.5], "texture": "#0"},
				"east": {"uv": [10.5, 5.25, 10, 6.5], "texture": "#0"},
				"south": {"uv": [11, 5.25, 10.5, 6.5], "texture": "#0"},
				"west": {"uv": [9.5, 5.25, 9, 6.5], "texture": "#0"},
				"up": {"uv": [9.5, 5.25, 10, 4.75], "texture": "#0"},
				"down": {"uv": [10, 4.75, 10.5, 5.25], "texture": "#0"}
			}
		},
		{
			"name": "leg2",
			"from": [5.5, 0, 4.1],
			"to": [7.5, 5, 6.1],
			"rotation": {"angle": 0, "axis": "y", "origin": [9, -3, 9.1]},
			"faces": {
				"north": {"uv": [9.5, 5.25, 10, 6.5], "texture": "#0"},
				"east": {"uv": [9, 5.25, 9.5, 6.5], "texture": "#0"},
				"south": {"uv": [10.5, 5.25, 11, 6.5], "texture": "#0"},
				"west": {"uv": [10, 5.25, 10.5, 6.5], "texture": "#0"},
				"up": {"uv": [10, 5.25, 9.5, 4.75], "texture": "#0"},
				"down": {"uv": [10.5, 4.75, 10, 5.25], "texture": "#0"}
			}
		},
		{
			"name": "leg1",
			"from": [8.5, 0, 10.9],
			"to": [10.5, 5, 12.9],
			"shade": false,
			"rotation": {"angle": 0, "axis": "y", "origin": [9, -3, 4.9]},
			"faces": {
				"north": {"uv": [10, 5.25, 9.5, 6.5], "texture": "#0"},
				"east": {"uv": [10.5, 5.25, 10, 6.5], "texture": "#0"},
				"south": {"uv": [11, 5.25, 10.5, 6.5], "texture": "#0"},
				"west": {"uv": [9.5, 5.25, 9, 6.5], "texture": "#0"},
				"up": {"uv": [9.5, 5.25, 10, 4.75], "texture": "#0"},
				"down": {"uv": [10, 4.75, 10.5, 5.25], "texture": "#0"}
			}
		},
		{
			"name": "leg1",
			"from": [5.5, 0, 10.9],
			"to": [7.5, 5, 12.9],
			"rotation": {"angle": 0, "axis": "y", "origin": [9, -3, 4.9]},
			"faces": {
				"north": {"uv": [9.5, 5.25, 10, 6.5], "texture": "#0"},
				"east": {"uv": [9, 5.25, 9.5, 6.5], "texture": "#0"},
				"south": {"uv": [10.5, 5.25, 11, 6.5], "texture": "#0"},
				"west": {"uv": [10, 5.25, 10.5, 6.5], "texture": "#0"},
				"up": {"uv": [10, 5.25, 9.5, 4.75], "texture": "#0"},
				"down": {"uv": [10.5, 4.75, 10, 5.25], "texture": "#0"}
			}
		},
		{
			"name": "head",
			"from": [5, 5.5, -1],
			"to": [11, 12.5, 5],
			"rotation": {"angle": 0, "axis": "y", "origin": [9, -2, 10]},
			"faces": {
				"north": {"uv": [1.5, 1.5, 3, 3.25], "texture": "#0"},
				"east": {"uv": [0, 1.5, 1.5, 3.25], "texture": "#0"},
				"south": {"uv": [4.5, 1.5, 6, 3.25], "texture": "#0"},
				"west": {"uv": [3, 1.5, 4.5, 3.25], "texture": "#0"},
				"up": {"uv": [3, 1.5, 1.5, 0], "texture": "#0"},
				"down": {"uv": [4.5, 0, 3, 1.5], "texture": "#0"}
			}
		},
		{
			"name": "head",
			"from": [5, 12.5, 3],
			"to": [7, 14.5, 4],
			"rotation": {"angle": 0, "axis": "y", "origin": [9, -1, 10]},
			"faces": {
				"north": {"uv": [0.25, 0.25, 0.75, 0.75], "texture": "#0"},
				"east": {"uv": [0, 0.25, 0.25, 0.75], "texture": "#0"},
				"south": {"uv": [1, 0.25, 1.5, 0.75], "texture": "#0"},
				"west": {"uv": [0.75, 0.25, 1, 0.75], "texture": "#0"},
				"up": {"uv": [0.75, 0.25, 0.25, 0], "texture": "#0"},
				"down": {"uv": [1.25, 0, 0.75, 0.25], "texture": "#0"}
			}
		},
		{
			"name": "head",
			"from": [6, 14.5, 3],
			"to": [7, 15.5, 4],
			"rotation": {"angle": 0, "axis": "y", "origin": [9, -1, 10]},
			"faces": {
				"north": {"uv": [0.75, 5.25, 1, 5.5], "texture": "#0"},
				"east": {"uv": [0.5, 5.25, 0.75, 5.5], "texture": "#0"},
				"south": {"uv": [1.25, 5.25, 1.5, 5.5], "texture": "#0"},
				"west": {"uv": [1, 5.25, 1.25, 5.5], "texture": "#0"},
				"up": {"uv": [1, 5.25, 0.75, 5], "texture": "#0"},
				"down": {"uv": [1.25, 5, 1, 5.25], "texture": "#0"}
			}
		},
		{
			"name": "head",
			"from": [9, 12.5, 3],
			"to": [11, 14.5, 4],
			"shade": false,
			"rotation": {"angle": 0, "axis": "y", "origin": [9, -1, 10]},
			"faces": {
				"north": {"uv": [0.75, 0.25, 0.25, 0.75], "texture": "#0"},
				"east": {"uv": [1, 0.25, 0.75, 0.75], "texture": "#0"},
				"south": {"uv": [1.5, 0.25, 1, 0.75], "texture": "#0"},
				"west": {"uv": [0.25, 0.25, 0, 0.75], "texture": "#0"},
				"up": {"uv": [0.25, 0.25, 0.75, 0], "texture": "#0"},
				"down": {"uv": [0.75, 0, 1.25, 0.25], "texture": "#0"}
			}
		},
		{
			"name": "head",
			"from": [9, 14.5, 3],
			"to": [10, 15.5, 4],
			"shade": false,
			"rotation": {"angle": 0, "axis": "y", "origin": [9, -1, 10]},
			"faces": {
				"north": {"uv": [1, 5.25, 0.75, 5.5], "texture": "#0"},
				"east": {"uv": [1.25, 5.25, 1, 5.5], "texture": "#0"},
				"south": {"uv": [1.5, 5.25, 1.25, 5.5], "texture": "#0"},
				"west": {"uv": [0.75, 5.25, 0.5, 5.5], "texture": "#0"},
				"up": {"uv": [0.75, 5.25, 1, 5], "texture": "#0"},
				"down": {"uv": [1, 5, 1.25, 5.25], "texture": "#0"}
			}
		},
		{
			"name": "head",
			"from": [6.5, 5.52, -4],
			"to": [9.5, 8.52, -1],
			"rotation": {"angle": 0, "axis": "y", "origin": [9, -2, 8]},
			"faces": {
				"north": {"uv": [5.25, 0.75, 6, 1.5], "texture": "#0"},
				"east": {"uv": [4.5, 0.75, 5.25, 1.5], "texture": "#0"},
				"south": {"uv": [6.75, 0.75, 7.5, 1.5], "texture": "#0"},
				"west": {"uv": [6, 0.75, 6.75, 1.5], "texture": "#0"},
				"up": {"uv": [6, 0.75, 5.25, 0], "texture": "#0"},
				"down": {"uv": [6.75, 0, 6, 0.75], "texture": "#0"}
			}
		},
		{
			"name": "head",
			"from": [6.5, 4.52, -4],
			"to": [6.5, 5.52, -1],
			"rotation": {"angle": 0, "axis": "y", "origin": [9, -3, 8]},
			"faces": {
				"north": {"uv": [1.5, 8.75, 1.5, 9], "texture": "#0"},
				"east": {"uv": [0.75, 8.75, 1.5, 9], "texture": "#0"},
				"south": {"uv": [2.25, 8.75, 2.25, 9], "texture": "#0"},
				"west": {"uv": [1.5, 8.75, 2.25, 9], "texture": "#0"},
				"up": {"uv": [1.5, 8.75, 1.5, 8], "texture": "#0"},
				"down": {"uv": [1.5, 8, 1.5, 8.75], "texture": "#0"}
			}
		},
		{
			"name": "head",
			"from": [9.5, 4.52, -4],
			"to": [9.5, 5.52, -1],
			"rotation": {"angle": 0, "axis": "y", "origin": [9, -3, 8]},
			"faces": {
				"north": {"uv": [1.5, 8.75, 1.5, 9], "texture": "#0"},
				"east": {"uv": [0.75, 8.75, 1.5, 9], "texture": "#0"},
				"south": {"uv": [2.25, 8.75, 2.25, 9], "texture": "#0"},
				"west": {"uv": [1.5, 8.75, 2.25, 9], "texture": "#0"},
				"up": {"uv": [1.5, 8.75, 1.5, 8], "texture": "#0"},
				"down": {"uv": [1.5, 8, 1.5, 8.75], "texture": "#0"}
			}
		},
		{
			"name": "head",
			"from": [9, 4.5, 0],
			"to": [15, 11.5, 6],
			"rotation": {"angle": -45, "axis": "y", "origin": [12, 8, 6]},
			"faces": {
				"north": {"uv": [1.5, 1.5, 3, 3.25], "texture": "#0"},
				"east": {"uv": [0, 1.5, 1.5, 3.25], "texture": "#0"},
				"south": {"uv": [4.5, 1.5, 6, 3.25], "texture": "#0"},
				"west": {"uv": [3, 1.5, 4.5, 3.25], "texture": "#0"},
				"up": {"uv": [3, 1.5, 1.5, 0], "texture": "#0"},
				"down": {"uv": [4.5, 0, 3, 1.5], "texture": "#0"}
			}
		},
		{
			"name": "head",
			"from": [13, 11.5, 4],
			"to": [15, 13.5, 5],
			"shade": false,
			"rotation": {"angle": -45, "axis": "y", "origin": [12, 8, 6]},
			"faces": {
				"north": {"uv": [0.75, 0.25, 0.25, 0.75], "texture": "#0"},
				"east": {"uv": [1, 0.25, 0.75, 0.75], "texture": "#0"},
				"south": {"uv": [1.5, 0.25, 1, 0.75], "texture": "#0"},
				"west": {"uv": [0.25, 0.25, 0, 0.75], "texture": "#0"},
				"up": {"uv": [0.25, 0.25, 0.75, 0], "texture": "#0"},
				"down": {"uv": [0.75, 0, 1.25, 0.25], "texture": "#0"}
			}
		},
		{
			"name": "head",
			"from": [13, 13.5, 4],
			"to": [14, 14.5, 5],
			"shade": false,
			"rotation": {"angle": -45, "axis": "y", "origin": [12, 9, 6]},
			"faces": {
				"north": {"uv": [1, 5.25, 0.75, 5.5], "texture": "#0"},
				"east": {"uv": [1.25, 5.25, 1, 5.5], "texture": "#0"},
				"south": {"uv": [1.5, 5.25, 1.25, 5.5], "texture": "#0"},
				"west": {"uv": [0.75, 5.25, 0.5, 5.5], "texture": "#0"},
				"up": {"uv": [0.75, 5.25, 1, 5], "texture": "#0"},
				"down": {"uv": [1, 5, 1.25, 5.25], "texture": "#0"}
			}
		},
		{
			"name": "head",
			"from": [9, 11.5, 4],
			"to": [11, 13.5, 5],
			"rotation": {"angle": -45, "axis": "y", "origin": [12, 8, 6]},
			"faces": {
				"north": {"uv": [0.25, 0.25, 0.75, 0.75], "texture": "#0"},
				"east": {"uv": [0, 0.25, 0.25, 0.75], "texture": "#0"},
				"south": {"uv": [1, 0.25, 1.5, 0.75], "texture": "#0"},
				"west": {"uv": [0.75, 0.25, 1, 0.75], "texture": "#0"},
				"up": {"uv": [0.75, 0.25, 0.25, 0], "texture": "#0"},
				"down": {"uv": [1.25, 0, 0.75, 0.25], "texture": "#0"}
			}
		},
		{
			"name": "head",
			"from": [10, 13.5, 4],
			"to": [11, 14.5, 5],
			"rotation": {"angle": -45, "axis": "y", "origin": [12, 8, 6]},
			"faces": {
				"north": {"uv": [0.75, 5.25, 1, 5.5], "texture": "#0"},
				"east": {"uv": [0.5, 5.25, 0.75, 5.5], "texture": "#0"},
				"south": {"uv": [1.25, 5.25, 1.5, 5.5], "texture": "#0"},
				"west": {"uv": [1, 5.25, 1.25, 5.5], "texture": "#0"},
				"up": {"uv": [1, 5.25, 0.75, 5], "texture": "#0"},
				"down": {"uv": [1.25, 5, 1, 5.25], "texture": "#0"}
			}
		},
		{
			"name": "head",
			"from": [10.5, 3.52, -3],
			"to": [10.5, 4.52, 0],
			"rotation": {"angle": -45, "axis": "y", "origin": [12, 7, 6]},
			"faces": {
				"north": {"uv": [1.5, 8.75, 1.5, 9], "texture": "#0"},
				"east": {"uv": [0.75, 8.75, 1.5, 9], "texture": "#0"},
				"south": {"uv": [2.25, 8.75, 2.25, 9], "texture": "#0"},
				"west": {"uv": [1.5, 8.75, 2.25, 9], "texture": "#0"},
				"up": {"uv": [1.5, 8.75, 1.5, 8], "texture": "#0"},
				"down": {"uv": [1.5, 8, 1.5, 8.75], "texture": "#0"}
			}
		},
		{
			"name": "head",
			"from": [13.5, 3.52, -3],
			"to": [13.5, 4.52, 0],
			"rotation": {"angle": -45, "axis": "y", "origin": [12, 7, 6]},
			"faces": {
				"north": {"uv": [1.5, 8.75, 1.5, 9], "texture": "#0"},
				"east": {"uv": [0.75, 8.75, 1.5, 9], "texture": "#0"},
				"south": {"uv": [2.25, 8.75, 2.25, 9], "texture": "#0"},
				"west": {"uv": [1.5, 8.75, 2.25, 9], "texture": "#0"},
				"up": {"uv": [1.5, 8.75, 1.5, 8], "texture": "#0"},
				"down": {"uv": [1.5, 8, 1.5, 8.75], "texture": "#0"}
			}
		},
		{
			"name": "head",
			"from": [10.5, 4.52, -3],
			"to": [13.5, 7.52, 0],
			"rotation": {"angle": -45, "axis": "y", "origin": [12, 8, 6]},
			"faces": {
				"north": {"uv": [5.25, 0.75, 6, 1.5], "texture": "#0"},
				"east": {"uv": [4.5, 0.75, 5.25, 1.5], "texture": "#0"},
				"south": {"uv": [6.75, 0.75, 7.5, 1.5], "texture": "#0"},
				"west": {"uv": [6, 0.75, 6.75, 1.5], "texture": "#0"},
				"up": {"uv": [6, 0.75, 5.25, 0], "texture": "#0"},
				"down": {"uv": [6.75, 0, 6, 0.75], "texture": "#0"}
			}
		}
	],
	"display": {
		"thirdperson_righthand": {
			"rotation": [0, -180, 0],
			"translation": [0, 4, 0],
			"scale": [0.6, 0.6, 0.6]
		},
		"thirdperson_lefthand": {
			"rotation": [0, -180, 0],
			"translation": [0, 4, 0],
			"scale": [0.6, 0.6, 0.6]
		},
		"firstperson_righthand": {
			"rotation": [0, -180, 0],
			"translation": [2, 1.5, 0],
			"scale": [0.6, 0.6, 0.6]
		},
		"firstperson_lefthand": {
			"rotation": [0, -180, 0],
			"translation": [2, 1.5, 0],
			"scale": [0.6, 0.6, 0.6]
		},
		"ground": {
			"translation": [0, 1, 0],
			"scale": [0.6, 0.6, 0.6]
		},
		"gui": {
			"rotation": [30, 225, 0],
			"translation": [-1.75, 1, 0],
			"scale": [0.625, 0.625, 0.625]
		},
		"head": {
			"translation": [0, -30, -1.25],
			"scale": [2, 2, 2]
		},
		"fixed": {
			"translation": [0, 1.25, -3.25],
			"scale": [0.8, 0.8, 0.8]
		}
	},
	"groups": [
		{
			"name": "head",
			"origin": [-1, 7.5, -5],
			"shade": false,
			"children": [0, 1, 2, 3, 4, 5, 6, 7]
		},
		{
			"name": "tail",
			"origin": [-1, 10, 9],
			"shade": false,
			"children": [8]
		},
		{
			"name": "Main",
			"origin": [0, -3, 2],
			"children": [
				{
					"name": "Body2",
					"origin": [-1, 7, 0],
					"children": [
						{
							"name": "upperBody",
							"origin": [-1, 7, 0],
							"shade": false,
							"children": []
						},
						{
							"name": "body",
							"origin": [0, 7, 0],
							"shade": false,
							"children": [9, 10]
						}
					]
				},
				{
					"name": "leg3",
					"origin": [0.5, 5, -2],
					"shade": false,
					"children": [11]
				},
				{
					"name": "leg2",
					"origin": [-2.5, 5, -2],
					"shade": false,
					"children": [12]
				},
				{
					"name": "leg1",
					"origin": [0.5, 5, 9],
					"shade": false,
					"children": [13]
				},
				{
					"name": "leg0",
					"origin": [-2.5, 5, 9],
					"shade": false,
					"children": [14]
				},
				{
					"name": "head",
					"origin": [-1, 7.5, -5],
					"shade": false,
					"children": [15, 16, 17, 18, 19, 20, 21, 22]
				}
			]
		},
		{
			"name": "head",
			"origin": [-1, 7.5, -5],
			"shade": false,
			"children": [23, 24, 25, 26, 27, 28, 29, 30]
		}
	]
}