{
	"credit": "Made with Blockbench",
	"texture_size": [64, 64],
	"textures": {
		"0": "craftadia/pets/horse_pet"
	},
	"elements": [
		{
			"name": "Body",
			"from": [4.5, 6, 3],
			"to": [11.5, 12, 13],
			"shade": false,
			"rotation": {"angle": 0, "axis": "y", "origin": [8.5, -5, 14]},
			"faces": {
				"north": {"uv": [8, 13.5, 6.25, 15], "texture": "#0"},
				"east": {"uv": [10.5, 13.5, 8, 15], "texture": "#0"},
				"south": {"uv": [12.25, 13.5, 10.5, 15], "texture": "#0"},
				"west": {"uv": [6.25, 13.5, 3.75, 15], "texture": "#0"},
				"up": {"uv": [6.25, 13.5, 8, 11], "texture": "#0"},
				"down": {"uv": [8, 11, 9.75, 13.5], "texture": "#0"}
			}
		},
		{
			"name": "Body",
			"from": [4.4, 12, 6],
			"to": [11.6, 13, 11],
			"shade": false,
			"rotation": {"angle": 0, "axis": "y", "origin": [8.5, -5, 13]},
			"faces": {
				"north": {"uv": [3, 13.25, 1.25, 13.5], "texture": "#0"},
				"east": {"uv": [4.25, 13.25, 3, 13.5], "texture": "#0"},
				"south": {"uv": [6, 13.25, 4.25, 13.5], "texture": "#0"},
				"west": {"uv": [1.25, 13.25, 0, 13.5], "texture": "#0"},
				"up": {"uv": [1.25, 13.25, 3, 12], "texture": "#0"},
				"down": {"uv": [3, 12, 4.75, 13.25], "texture": "#0"}
			}
		},
		{
			"name": "Body",
			"from": [4.4, 5, 6],
			"to": [4.4, 13, 11],
			"shade": false,
			"rotation": {"angle": 0, "axis": "y", "origin": [4.4, 13, 9]},
			"faces": {
				"north": {"uv": [14.5, 14, 14.5, 16], "texture": "#0"},
				"east": {"uv": [15.75, 14, 14.5, 16], "texture": "#0"},
				"south": {"uv": [15.75, 14, 15.75, 16], "texture": "#0"},
				"west": {"uv": [14.5, 14, 13.25, 16], "texture": "#0"},
				"up": {"uv": [14.5, 14, 14.5, 12.75], "texture": "#0"},
				"down": {"uv": [14.5, 12.75, 14.5, 14], "texture": "#0"}
			}
		},
		{
			"name": "Body",
			"from": [11.6, 5, 6],
			"to": [11.6, 13, 11],
			"rotation": {"angle": 0, "axis": "y", "origin": [11.6, 13, 9]},
			"faces": {
				"north": {"uv": [14.5, 14, 14.5, 16], "texture": "#0"},
				"east": {"uv": [13.25, 14, 14.5, 16], "texture": "#0"},
				"south": {"uv": [15.75, 14, 15.75, 16], "texture": "#0"},
				"west": {"uv": [14.5, 14, 15.75, 16], "texture": "#0"},
				"up": {"uv": [14.5, 14, 14.5, 12.75], "texture": "#0"},
				"down": {"uv": [14.5, 12.75, 14.5, 14], "texture": "#0"}
			}
		},
		{
			"name": "Body",
			"from": [5.5, 12, 11],
			"to": [10.5, 13, 12],
			"shade": false,
			"rotation": {"angle": 0, "axis": "y", "origin": [8.5, -5, 14]},
			"faces": {
				"north": {"uv": [1.5, 14.75, 0.25, 15], "texture": "#0"},
				"east": {"uv": [1.75, 14.75, 1.5, 15], "texture": "#0"},
				"south": {"uv": [3, 14.75, 1.75, 15], "texture": "#0"},
				"west": {"uv": [0.25, 14.75, 0, 15], "texture": "#0"},
				"up": {"uv": [0.25, 14.75, 1.5, 14.5], "texture": "#0"},
				"down": {"uv": [1.5, 14.5, 2.75, 14.75], "texture": "#0"}
			}
		},
		{
			"name": "Body",
			"from": [5.5, 13, 6],
			"to": [10.5, 14, 7],
			"shade": false,
			"rotation": {"angle": 0, "axis": "y", "origin": [8.5, -5, 13]},
			"faces": {
				"north": {"uv": [1.5, 14, 0.25, 14.25], "texture": "#0"},
				"east": {"uv": [1.75, 14, 1.5, 14.25], "texture": "#0"},
				"south": {"uv": [3, 14, 1.75, 14.25], "texture": "#0"},
				"west": {"uv": [0.25, 14, 0, 14.25], "texture": "#0"},
				"up": {"uv": [0.25, 14, 1.5, 13.75], "texture": "#0"},
				"down": {"uv": [1.5, 13.75, 2.75, 14], "texture": "#0"}
			}
		},
		{
			"name": "TailA",
			"from": [6.5, 9.57564, 12.00333],
			"to": [9.5, 12.57564, 18.00333],
			"shade": false,
			"rotation": {"angle": -22.5, "axis": "x", "origin": [8, 11.3, 11.5]},
			"faces": {
				"north": {"uv": [12.25, 4.5, 11.5, 5.25], "texture": "#0"},
				"east": {"uv": [13.75, 4.5, 12.25, 5.25], "texture": "#0"},
				"south": {"uv": [14.5, 4.5, 13.75, 5.25], "texture": "#0"},
				"west": {"uv": [11.5, 4.5, 10, 5.25], "texture": "#0"},
				"up": {"uv": [11.5, 4.5, 12.25, 3], "texture": "#0"},
				"down": {"uv": [12.25, 3, 13, 4.5], "texture": "#0"}
			}
		},
		{
			"name": "Leg1A",
			"from": [9.5, 0, 11],
			"to": [11.5, 6, 13],
			"rotation": {"angle": 0, "axis": "y", "origin": [7.5, -4, 4]},
			"faces": {
				"north": {"uv": [13.25, 6.5, 13.75, 8], "texture": "#0"},
				"east": {"uv": [12.75, 6.5, 13.25, 8], "texture": "#0"},
				"south": {"uv": [14.25, 6.5, 14.75, 8], "texture": "#0"},
				"west": {"uv": [13.75, 6.5, 14.25, 8], "texture": "#0"},
				"up": {"uv": [13.75, 6.5, 13.25, 6], "texture": "#0"},
				"down": {"uv": [14.25, 6, 13.75, 6.5], "texture": "#0"}
			}
		},
		{
			"name": "Leg2A",
			"from": [4.5, 0, 11],
			"to": [6.5, 6, 13],
			"shade": false,
			"rotation": {"angle": 0, "axis": "y", "origin": [8.5, -4, 4]},
			"faces": {
				"north": {"uv": [13.75, 6.5, 13.25, 8], "texture": "#0"},
				"east": {"uv": [14.25, 6.5, 13.75, 8], "texture": "#0"},
				"south": {"uv": [14.75, 6.5, 14.25, 8], "texture": "#0"},
				"west": {"uv": [13.25, 6.5, 12.75, 8], "texture": "#0"},
				"up": {"uv": [13.25, 6.5, 13.75, 6], "texture": "#0"},
				"down": {"uv": [13.75, 6, 14.25, 6.5], "texture": "#0"}
			}
		},
		{
			"name": "Leg3A",
			"from": [9.5, 0, 3],
			"to": [11.5, 6, 5],
			"rotation": {"angle": 0, "axis": "y", "origin": [7.5, -4, 14]},
			"faces": {
				"north": {"uv": [13.25, 6.5, 13.75, 8], "texture": "#0"},
				"east": {"uv": [12.75, 6.5, 13.25, 8], "texture": "#0"},
				"south": {"uv": [14.25, 6.5, 14.75, 8], "texture": "#0"},
				"west": {"uv": [13.75, 6.5, 14.25, 8], "texture": "#0"},
				"up": {"uv": [13.75, 6.5, 13.25, 6], "texture": "#0"},
				"down": {"uv": [14.25, 6, 13.75, 6.5], "texture": "#0"}
			}
		},
		{
			"name": "Leg4A",
			"from": [4.5, 0, 3],
			"to": [6.5, 6, 5],
			"shade": false,
			"rotation": {"angle": 0, "axis": "y", "origin": [8.5, -4, 14]},
			"faces": {
				"north": {"uv": [13.75, 6.5, 13.25, 8], "texture": "#0"},
				"east": {"uv": [14.25, 6.5, 13.75, 8], "texture": "#0"},
				"south": {"uv": [14.75, 6.5, 14.25, 8], "texture": "#0"},
				"west": {"uv": [13.25, 6.5, 12.75, 8], "texture": "#0"},
				"up": {"uv": [13.25, 6.5, 13.75, 6], "texture": "#0"},
				"down": {"uv": [13.75, 6, 14.25, 6.5], "texture": "#0"}
			}
		},
		{
			"name": "Head",
			"from": [5.5, 13.9577, 1.32968],
			"to": [10.5, 18.9577, 7.32968],
			"shade": false,
			"rotation": {"angle": -22.5, "axis": "x", "origin": [7.9, 8, 5.4]},
			"faces": {
				"north": {"uv": [3, 5, 1.75, 6.25], "texture": "#0"},
				"east": {"uv": [4.5, 5, 3, 6.25], "texture": "#0"},
				"south": {"uv": [5.75, 5, 4.5, 6.25], "texture": "#0"},
				"west": {"uv": [1.75, 5, 0.25, 6.25], "texture": "#0"},
				"up": {"uv": [1.75, 5, 3, 3.5], "texture": "#0"},
				"down": {"uv": [3, 3.5, 4.25, 5], "texture": "#0"}
			}
		},
		{
			"name": "UMouth",
			"from": [6, 14.9577, -2.6],
			"to": [10, 18.9577, 1.4],
			"shade": false,
			"rotation": {"angle": -22.5, "axis": "x", "origin": [7.9, 8, 5.4]},
			"faces": {
				"north": {"uv": [2.25, 7.5, 1.25, 8.5], "texture": "#0"},
				"east": {"uv": [3.25, 7.5, 2.25, 8.5], "texture": "#0"},
				"south": {"uv": [4.25, 7.5, 3.25, 8.5], "texture": "#0"},
				"west": {"uv": [1.25, 7.5, 0.25, 8.5], "texture": "#0"},
				"up": {"uv": [1.25, 7.5, 2.25, 6.5], "texture": "#0"},
				"down": {"uv": [2.25, 6.5, 3.25, 7.5], "texture": "#0"}
			}
		},
		{
			"name": "Ear1",
			"from": [5.71902, 18.15336, 6.20615],
			"to": [7.71902, 21.15336, 7.20615],
			"rotation": {"angle": -22.5, "axis": "x", "origin": [7.9, 8, 5.4]},
			"faces": {
				"north": {"uv": [5, 4.25, 5.5, 5], "texture": "#0"},
				"east": {"uv": [4.75, 4.25, 5, 5], "texture": "#0"},
				"south": {"uv": [5.75, 4.25, 6.25, 5], "texture": "#0"},
				"west": {"uv": [5.5, 4.25, 5.75, 5], "texture": "#0"},
				"up": {"uv": [5.5, 4.25, 5, 4], "texture": "#0"},
				"down": {"uv": [6, 4, 5.5, 4.25], "texture": "#0"}
			}
		},
		{
			"name": "Ear2",
			"from": [8.28022, 18.16846, 6.21487],
			"to": [10.28022, 21.16846, 7.21487],
			"shade": false,
			"rotation": {"angle": -22.5, "axis": "x", "origin": [7.9, 8, 5.4]},
			"faces": {
				"north": {"uv": [5.5, 4.25, 5, 5], "texture": "#0"},
				"east": {"uv": [5.75, 4.25, 5.5, 5], "texture": "#0"},
				"south": {"uv": [6.25, 4.25, 5.75, 5], "texture": "#0"},
				"west": {"uv": [5, 4.25, 4.75, 5], "texture": "#0"},
				"up": {"uv": [5, 4.25, 5.5, 4], "texture": "#0"},
				"down": {"uv": [5.5, 4, 6, 4.25], "texture": "#0"}
			}
		},
		{
			"name": "Neck",
			"from": [6, 8.40192, 3.16795],
			"to": [10, 14.40192, 7.16795],
			"shade": false,
			"rotation": {"angle": -22.5, "axis": "x", "origin": [7.9, 8, 5.4]},
			"faces": {
				"north": {"uv": [2.75, 10.5, 1.75, 12], "texture": "#0"},
				"east": {"uv": [3.75, 10.5, 2.75, 12], "texture": "#0"},
				"south": {"uv": [4.75, 10.5, 3.75, 12], "texture": "#0"},
				"west": {"uv": [1.75, 10.5, 0.75, 12], "texture": "#0"},
				"up": {"uv": [1.75, 10.5, 2.75, 9.5], "texture": "#0"},
				"down": {"uv": [2.75, 9.5, 3.75, 10.5], "texture": "#0"}
			}
		},
		{
			"name": "Mane",
			"from": [7, 8.05577, 5.15981],
			"to": [9, 20.05577, 8.15981],
			"shade": false,
			"rotation": {"angle": -22.5, "axis": "x", "origin": [7.9, 8, 5.4]},
			"faces": {
				"north": {"uv": [8, 7.5, 7.5, 10.5], "texture": "#0"},
				"east": {"uv": [8.75, 7.5, 8, 10.5], "texture": "#0"},
				"south": {"uv": [9.25, 7.5, 8.75, 10.5], "texture": "#0"},
				"west": {"uv": [7.5, 7.5, 6.75, 10.5], "texture": "#0"},
				"up": {"uv": [7.5, 7.5, 8, 6.75], "texture": "#0"},
				"down": {"uv": [8, 6.75, 8.5, 7.5], "texture": "#0"}
			}
		}
	],
	"display": {
		"thirdperson_righthand": {
			"rotation": [0, -180, 0],
			"translation": [0, 3.5, 0],
			"scale": [0.5, 0.5, 0.5]
		},
		"thirdperson_lefthand": {
			"rotation": [0, -180, 0],
			"translation": [0, 3.5, 0],
			"scale": [0.5, 0.5, 0.5]
		},
		"firstperson_righthand": {
			"rotation": [0, -180, 0],
			"translation": [2, 1.5, 0],
			"scale": [0.45, 0.45, 0.45]
		},
		"firstperson_lefthand": {
			"rotation": [0, -180, 0],
			"translation": [2, 1.5, 0],
			"scale": [0.45, 0.45, 0.45]
		},
		"ground": {
			"translation": [0, 1, 0],
			"scale": [0.45, 0.45, 0.45]
		},
		"gui": {
			"rotation": [30, 225, 0],
			"translation": [-0.75, -0.25, 0],
			"scale": [0.52, 0.52, 0.52]
		},
		"head": {
			"translation": [0, -25, -0.25],
			"scale": [2.5, 2.5, 2.5]
		},
		"fixed": {
			"rotation": [0, 90, 0],
			"translation": [1.75, -1.25, -1.75],
			"scale": [0.7, 0.7, 0.7]
		}
	},
	"groups": [
		{
			"name": "Main",
			"origin": [1, -4, 6],
			"children": [
				{
					"name": "Body",
					"origin": [1, 9, 15],
					"shade": false,
					"children": [0, 1,
						{
							"name": "group",
							"origin": [8.5, -5, 13],
							"children": [2]
						},
						{
							"name": "group",
							"origin": [8.5, -5, 13],
							"children": [3]
						}, 4, 5,
						{
							"name": "TailA",
							"origin": [1, 18.7, 16],
							"shade": false,
							"children": [6]
						}
					]
				},
				{
					"name": "Leg1A",
					"origin": [4, 7, 15],
					"shade": false,
					"children": [7]
				},
				{
					"name": "Leg2A",
					"origin": [-2, 7, 15],
					"shade": false,
					"children": [8]
				},
				{
					"name": "Leg3A",
					"origin": [4, 7, -3],
					"shade": false,
					"children": [9]
				},
				{
					"name": "Leg4A",
					"origin": [-2, 7, -3],
					"shade": false,
					"children": [10]
				},
				{
					"name": "Head",
					"origin": [1, 24, -5],
					"shade": false,
					"children": [11,
						{
							"name": "UMouth",
							"origin": [1, 24, -5],
							"shade": false,
							"children": [12]
						},
						{
							"name": "Ear1",
							"origin": [1, 13, -2],
							"shade": false,
							"children": [13]
						},
						{
							"name": "Ear2",
							"origin": [1, 13, -2],
							"shade": false,
							"children": [14]
						},
						{
							"name": "Neck",
							"origin": [1, 13, -2],
							"shade": false,
							"children": [15]
						},
						{
							"name": "Mane",
							"origin": [1, 13, -2],
							"shade": false,
							"children": [16]
						}
					]
				}
			]
		}
	]
}