{
	"credit": "Made with Blockbench",
	"texture_size": [64, 32],
	"textures": {
		"0": "craftadia/pets/penguin_pet"
	},
	"elements": [
		{
			"name": "wing1",
			"from": [11, 2, 5.1],
			"to": [12, 9, 10.1],
			"rotation": {"angle": 0, "axis": "y", "origin": [7.5, -3, 7.6]},
			"faces": {
				"north": {"uv": [7.25, 9, 7.5, 12.5], "texture": "#0"},
				"east": {"uv": [6, 9, 7.25, 12.5], "texture": "#0"},
				"south": {"uv": [8.75, 9, 9, 12.5], "texture": "#0"},
				"west": {"uv": [7.5, 9, 8.75, 12.5], "texture": "#0"},
				"up": {"uv": [7.5, 9, 7.25, 6.5], "texture": "#0"},
				"down": {"uv": [7.75, 6.5, 7.5, 9], "texture": "#0"}
			}
		},
		{
			"name": "wing0",
			"from": [4, 2.05221, 5.10342],
			"to": [5, 9.05221, 10.10342],
			"shade": false,
			"rotation": {"angle": 0, "axis": "y", "origin": [7.5, -3, 8]},
			"faces": {
				"north": {"uv": [7.5, 9, 7.25, 12.5], "texture": "#0"},
				"east": {"uv": [8.75, 9, 7.5, 12.5], "texture": "#0"},
				"south": {"uv": [9, 9, 8.75, 12.5], "texture": "#0"},
				"west": {"uv": [7.25, 9, 6, 12.5], "texture": "#0"},
				"up": {"uv": [7.25, 9, 7.5, 6.5], "texture": "#0"},
				"down": {"uv": [7.5, 6.5, 7.75, 9], "texture": "#0"}
			}
		},
		{
			"name": "leg2",
			"from": [8, 0, 6],
			"to": [11, 2, 9],
			"rotation": {"angle": 0, "axis": "y", "origin": [7.5, -2, 8]},
			"faces": {
				"north": {"uv": [7.5, 2, 8.25, 3], "texture": "#0"},
				"east": {"uv": [6.75, 2, 7.5, 3], "texture": "#0"},
				"south": {"uv": [9, 2, 9.75, 3], "texture": "#0"},
				"west": {"uv": [8.25, 2, 9, 3], "texture": "#0"},
				"up": {"uv": [8.25, 2, 7.5, 0.5], "texture": "#0"},
				"down": {"uv": [9, 0.5, 8.25, 2], "texture": "#0"}
			}
		},
		{
			"name": "leg1",
			"from": [5, 0, 6],
			"to": [8, 2, 9],
			"shade": false,
			"rotation": {"angle": 0, "axis": "y", "origin": [7.5, -2, 8]},
			"faces": {
				"north": {"uv": [8.25, 2, 7.5, 3], "texture": "#0"},
				"east": {"uv": [9, 2, 8.25, 3], "texture": "#0"},
				"south": {"uv": [9.75, 2, 9, 3], "texture": "#0"},
				"west": {"uv": [7.5, 2, 6.75, 3], "texture": "#0"},
				"up": {"uv": [7.5, 2, 8.25, 0.5], "texture": "#0"},
				"down": {"uv": [8.25, 0.5, 9, 2], "texture": "#0"}
			}
		},
		{
			"name": "body",
			"from": [5, 2, 5],
			"to": [11, 9, 11],
			"shade": false,
			"rotation": {"angle": 0, "axis": "y", "origin": [7.5, -3, 8]},
			"faces": {
				"north": {"uv": [3, 7.5, 1.5, 11], "texture": "#0"},
				"east": {"uv": [4.5, 7.5, 3, 11], "texture": "#0"},
				"south": {"uv": [6, 7.5, 4.5, 11], "texture": "#0"},
				"west": {"uv": [1.5, 7.5, 0, 11], "texture": "#0"},
				"up": {"uv": [1.5, 7.5, 3, 4.5], "texture": "#0"},
				"down": {"uv": [3, 4.5, 4.5, 7.5], "texture": "#0"}
			}
		},
		{
			"name": "body",
			"from": [6, 2, 11],
			"to": [10, 3, 12],
			"shade": false,
			"rotation": {"angle": 0, "axis": "y", "origin": [7.5, -3, 8]},
			"faces": {
				"north": {"uv": [8.75, 5.5, 7.75, 6], "texture": "#0"},
				"east": {"uv": [9, 5.5, 8.75, 6], "texture": "#0"},
				"south": {"uv": [10, 5.5, 9, 6], "texture": "#0"},
				"west": {"uv": [7.75, 5.5, 7.5, 6], "texture": "#0"},
				"up": {"uv": [7.75, 5.5, 8.75, 5], "texture": "#0"},
				"down": {"uv": [8.75, 5, 9.75, 5.5], "texture": "#0"}
			}
		},
		{
			"name": "beak",
			"from": [6.5, 10, 3.5],
			"to": [9.5, 12, 5.5],
			"shade": false,
			"rotation": {"angle": 0, "axis": "y", "origin": [7.5, 0, 11.5]},
			"faces": {
				"north": {"uv": [4.75, 1, 4, 2], "texture": "#0"},
				"east": {"uv": [5.25, 1, 4.75, 2], "texture": "#0"},
				"south": {"uv": [6, 1, 5.25, 2], "texture": "#0"},
				"west": {"uv": [4, 1, 3.5, 2], "texture": "#0"},
				"up": {"uv": [4, 1, 4.75, 0], "texture": "#0"},
				"down": {"uv": [4.75, 0, 5.5, 1], "texture": "#0"}
			}
		},
		{
			"name": "head",
			"from": [5.5, 9, 5.5],
			"to": [10.5, 14, 10.5],
			"shade": false,
			"rotation": {"angle": 0, "axis": "y", "origin": [8, 0, 11.5]},
			"faces": {
				"north": {"uv": [13.5, 13.5, 12.25, 16], "texture": "#0"},
				"east": {"uv": [14.75, 13.5, 13.5, 16], "texture": "#0"},
				"south": {"uv": [16, 13.5, 14.75, 16], "texture": "#0"},
				"west": {"uv": [12.25, 13.5, 11, 16], "texture": "#0"},
				"up": {"uv": [12.25, 13.5, 13.5, 11], "texture": "#0"},
				"down": {"uv": [13.5, 11, 14.75, 13.5], "texture": "#0"}
			}
		}
	],
	"display": {
		"thirdperson_righthand": {
			"rotation": [0, -180, 0],
			"translation": [0, 4, 0],
			"scale": [0.6, 0.6, 0.6]
		},
		"thirdperson_lefthand": {
			"rotation": [0, -180, 0],
			"translation": [0, 4, 0],
			"scale": [0.6, 0.6, 0.6]
		},
		"firstperson_righthand": {
			"rotation": [0, -180, 0],
			"translation": [2, 1.5, 0],
			"scale": [0.6, 0.6, 0.6]
		},
		"firstperson_lefthand": {
			"rotation": [0, -180, 0],
			"translation": [2, 1.5, 0],
			"scale": [0.6, 0.6, 0.6]
		},
		"ground": {
			"translation": [0, 1, 0],
			"scale": [0.6, 0.6, 0.6]
		},
		"gui": {
			"rotation": [30, 225, 0],
			"translation": [0, 0.25, 0],
			"scale": [0.625, 0.625, 0.625]
		},
		"head": {
			"translation": [0, -25, -1.25],
			"scale": [2.5, 2.5, 2.5]
		},
		"fixed": {
			"translation": [0, 1.25, -3.25],
			"scale": [0.8, 0.8, 0.8]
		}
	},
	"groups": [
		{
			"name": "Main",
			"origin": [-1, -3, 0],
			"children": [
				{
					"name": "wing1",
					"origin": [2.5, 9, 0],
					"shade": false,
					"children": [0]
				},
				{
					"name": "wing0",
					"origin": [-3.5, 9, 0],
					"shade": false,
					"children": [1]
				},
				{
					"name": "leg1",
					"origin": [0, 2, 1],
					"shade": false,
					"children": [2]
				},
				{
					"name": "leg0",
					"origin": [-3, 2, 1],
					"shade": false,
					"children": [3]
				},
				{
					"name": "body",
					"origin": [-1, 5, 0],
					"shade": false,
					"children": [4, 5]
				},
				{
					"name": "beak",
					"origin": [-1, 6, -4],
					"shade": false,
					"children": [6]
				},
				{
					"name": "head",
					"origin": [-1, 6, -4],
					"shade": false,
					"children": [7]
				}
			]
		}
	]
}