{
	"credit": "Made with Blockbench",
	"texture_size": [64, 32],
	"textures": {
		"0": "craftadia/pets/potato_pet",
		"particle": "craftadia/pets/potato_pet"
	},
	"elements": [
		{
			"from": [5, 2, 7],
			"to": [11, 11, 13],
			"rotation": {"angle": 0, "axis": "y", "origin": [15, 10, 17]},
			"faces": {
				"north": {"uv": [11.5, 3, 13, 7.5], "texture": "#0"},
				"east": {"uv": [10, 3, 11.5, 7.5], "texture": "#0"},
				"south": {"uv": [14.5, 3, 16, 7.5], "texture": "#0"},
				"west": {"uv": [13, 3, 14.5, 7.5], "texture": "#0"},
				"up": {"uv": [13, 3, 11.5, 0], "texture": "#0"},
				"down": {"uv": [14.5, 0, 13, 3], "texture": "#0"}
			}
		},
		{
			"from": [4.75, 1.75, 6.75],
			"to": [11.25, 11.25, 13.25],
			"rotation": {"angle": 0, "axis": "y", "origin": [15, 10, 17]},
			"faces": {
				"north": {"uv": [1.5, 7, 3, 11.5], "texture": "#0"},
				"east": {"uv": [0, 7, 1.5, 11.5], "texture": "#0"},
				"south": {"uv": [4.5, 7, 6, 11.5], "texture": "#0"},
				"west": {"uv": [3, 7, 4.5, 11.5], "texture": "#0"},
				"up": {"uv": [3, 7, 1.5, 4], "texture": "#0"},
				"down": {"uv": [4.5, 4, 3, 7], "texture": "#0"}
			}
		},
		{
			"from": [7, 7, 6],
			"to": [9, 9, 7],
			"rotation": {"angle": 0, "axis": "y", "origin": [8, 8, 7]},
			"faces": {
				"north": {"uv": [10.25, 0.5, 10.75, 1.5], "texture": "#0"},
				"east": {"uv": [10, 0.5, 10.25, 1.5], "texture": "#0"},
				"south": {"uv": [11, 0.5, 11.5, 1.5], "texture": "#0"},
				"west": {"uv": [10.75, 0.5, 11, 1.5], "texture": "#0"},
				"up": {"uv": [10.75, 0.5, 10.25, 0], "texture": "#0"},
				"down": {"uv": [11.25, 0, 10.75, 0.5], "texture": "#0"}
			}
		},
		{
			"from": [3.2, 7, 10],
			"to": [5.2, 9, 11],
			"rotation": {"angle": 22.5, "axis": "y", "origin": [5.2, 8, 10.5]},
			"faces": {
				"north": {"uv": [6.5, 10, 7, 11], "texture": "#0"},
				"east": {"uv": [6.25, 10, 6.5, 11], "texture": "#0"},
				"south": {"uv": [7.25, 10, 7.75, 11], "texture": "#0"},
				"west": {"uv": [7, 10, 7.25, 11], "texture": "#0"},
				"up": {"uv": [7, 10, 6.5, 9.5], "texture": "#0"},
				"down": {"uv": [7.5, 9.5, 7, 10], "texture": "#0"}
			}
		},
		{
			"from": [10.8, 7, 10],
			"to": [12.8, 9, 11],
			"shade": false,
			"rotation": {"angle": -22.5, "axis": "y", "origin": [10.8, 8, 10.5]},
			"faces": {
				"north": {"uv": [7, 10, 6.5, 11], "texture": "#0"},
				"east": {"uv": [7.25, 10, 7, 11], "texture": "#0"},
				"south": {"uv": [7.75, 10, 7.25, 11], "texture": "#0"},
				"west": {"uv": [6.5, 10, 6.25, 11], "texture": "#0"},
				"up": {"uv": [6.5, 10, 7, 9.5], "texture": "#0"},
				"down": {"uv": [7, 9.5, 7.5, 10], "texture": "#0"}
			}
		},
		{
			"from": [4.5, 11, 6.5],
			"to": [11.5, 12, 13.5],
			"rotation": {"angle": 0, "axis": "y", "origin": [14.5, 9, 17.5]},
			"faces": {
				"north": {"uv": [10.75, 11, 12.5, 11.5], "texture": "#0"},
				"east": {"uv": [9, 11, 10.75, 11.5], "texture": "#0"},
				"south": {"uv": [14.25, 11, 16, 11.5], "texture": "#0"},
				"west": {"uv": [12.5, 11, 14.25, 11.5], "texture": "#0"},
				"up": {"uv": [12.5, 11, 10.75, 7.5], "texture": "#0"},
				"down": {"uv": [14.25, 7.5, 12.5, 11], "texture": "#0"}
			}
		},
		{
			"from": [5.5, 12, 7.5],
			"to": [10.5, 14, 12.5],
			"rotation": {"angle": 0, "axis": "y", "origin": [14.5, 10, 17.5]},
			"faces": {
				"north": {"uv": [6.25, 2.5, 7.5, 3.5], "texture": "#0"},
				"east": {"uv": [5, 2.5, 6.25, 3.5], "texture": "#0"},
				"south": {"uv": [8.75, 2.5, 10, 3.5], "texture": "#0"},
				"west": {"uv": [7.5, 2.5, 8.75, 3.5], "texture": "#0"},
				"up": {"uv": [7.5, 2.5, 6.25, 0], "texture": "#0"},
				"down": {"uv": [8.75, 0, 7.5, 2.5], "texture": "#0"}
			}
		},
		{
			"from": [4.7, 0, 6],
			"to": [7.7, 2, 12],
			"rotation": {"angle": 0, "axis": "y", "origin": [6.2, 1, 12]},
			"faces": {
				"north": {"uv": [1.5, 3, 2.25, 4], "texture": "#0"},
				"east": {"uv": [0, 3, 1.5, 4], "texture": "#0"},
				"south": {"uv": [3.75, 3, 4.5, 4], "texture": "#0"},
				"west": {"uv": [2.25, 3, 3.75, 4], "texture": "#0"},
				"up": {"uv": [2.25, 3, 1.5, 0], "texture": "#0"},
				"down": {"uv": [3, 0, 2.25, 3], "texture": "#0"}
			}
		},
		{
			"from": [8.3, 0, 6],
			"to": [11.3, 2, 12],
			"shade": false,
			"rotation": {"angle": 0, "axis": "y", "origin": [9.8, 1, 12]},
			"faces": {
				"north": {"uv": [2.25, 3, 1.5, 4], "texture": "#0"},
				"east": {"uv": [3.75, 3, 2.25, 4], "texture": "#0"},
				"south": {"uv": [4.5, 3, 3.75, 4], "texture": "#0"},
				"west": {"uv": [1.5, 3, 0, 4], "texture": "#0"},
				"up": {"uv": [1.5, 3, 2.25, 0], "texture": "#0"},
				"down": {"uv": [2.25, 0, 3, 3], "texture": "#0"}
			}
		},
		{
			"from": [5, 2.8, 10],
			"to": [6, 7.8, 11],
			"rotation": {"angle": -45, "axis": "z", "origin": [5.5, 6.8, 10.5]},
			"faces": {
				"north": {"uv": [15.25, 8.5, 15.5, 11], "texture": "#0"},
				"east": {"uv": [15, 8.5, 15.25, 11], "texture": "#0"},
				"south": {"uv": [15.75, 8.5, 16, 11], "texture": "#0"},
				"west": {"uv": [15.5, 8.5, 15.75, 11], "texture": "#0"},
				"up": {"uv": [15.5, 8.5, 15.25, 8], "texture": "#0"},
				"down": {"uv": [15.75, 8, 15.5, 8.5], "texture": "#0"}
			}
		},
		{
			"from": [4.5, 1.8, 9.5],
			"to": [6.5, 3.8, 11.5],
			"rotation": {"angle": -45, "axis": "z", "origin": [5.5, 6.8, 10.5]},
			"faces": {
				"north": {"uv": [8.5, 4.5, 9, 5.5], "texture": "#0"},
				"east": {"uv": [8, 4.5, 8.5, 5.5], "texture": "#0"},
				"south": {"uv": [9.5, 4.5, 10, 5.5], "texture": "#0"},
				"west": {"uv": [9, 4.5, 9.5, 5.5], "texture": "#0"},
				"up": {"uv": [9, 4.5, 8.5, 3.5], "texture": "#0"},
				"down": {"uv": [9.5, 3.5, 9, 4.5], "texture": "#0"}
			}
		},
		{
			"from": [10, 2.8, 10],
			"to": [11, 7.8, 11],
			"shade": false,
			"rotation": {"angle": 45, "axis": "z", "origin": [10.5, 6.8, 10.5]},
			"faces": {
				"north": {"uv": [15.5, 8.5, 15.25, 11], "texture": "#0"},
				"east": {"uv": [15.75, 8.5, 15.5, 11], "texture": "#0"},
				"south": {"uv": [16, 8.5, 15.75, 11], "texture": "#0"},
				"west": {"uv": [15.25, 8.5, 15, 11], "texture": "#0"},
				"up": {"uv": [15.25, 8.5, 15.5, 8], "texture": "#0"},
				"down": {"uv": [15.5, 8, 15.75, 8.5], "texture": "#0"}
			}
		},
		{
			"from": [9.5, 1.8, 9.5],
			"to": [11.5, 3.8, 11.5],
			"shade": false,
			"rotation": {"angle": 45, "axis": "z", "origin": [10.5, 6.8, 10.5]},
			"faces": {
				"north": {"uv": [9, 4.5, 8.5, 5.5], "texture": "#0"},
				"east": {"uv": [9.5, 4.5, 9, 5.5], "texture": "#0"},
				"south": {"uv": [10, 4.5, 9.5, 5.5], "texture": "#0"},
				"west": {"uv": [8.5, 4.5, 8, 5.5], "texture": "#0"},
				"up": {"uv": [8.5, 4.5, 9, 3.5], "texture": "#0"},
				"down": {"uv": [9, 3.5, 9.5, 4.5], "texture": "#0"}
			}
		}
	],
	"display": {
		"thirdperson_righthand": {
			"rotation": [0, -180, 0],
			"translation": [0, 4, 0],
			"scale": [0.6, 0.6, 0.6]
		},
		"thirdperson_lefthand": {
			"rotation": [0, -180, 0],
			"translation": [0, 4, 0],
			"scale": [0.6, 0.6, 0.6]
		},
		"firstperson_righthand": {
			"rotation": [0, -180, 0],
			"translation": [2, 1.5, 0],
			"scale": [0.6, 0.6, 0.6]
		},
		"firstperson_lefthand": {
			"rotation": [0, -180, 0],
			"translation": [2, 1.5, 0],
			"scale": [0.6, 0.6, 0.6]
		},
		"ground": {
			"translation": [0, 1, 0],
			"scale": [0.6, 0.6, 0.6]
		},
		"gui": {
			"rotation": [30, 225, 0],
			"translation": [1.25, 0.5, 0],
			"scale": [0.625, 0.625, 0.625]
		},
		"head": {
			"translation": [0, -30, -1.25],
			"scale": [2, 2, 2]
		},
		"fixed": {
			"translation": [0, 1.25, -3.25],
			"scale": [0.8, 0.8, 0.8]
		}
	},
	"groups": [
		{
			"name": "Main",
			"origin": [8, 8, 8],
			"children": [
				{
					"name": "Body",
					"origin": [8, 8, 8],
					"children": [0, 1, 2, 3, 4, 5, 6]
				},
				{
					"name": "Leg1",
					"origin": [8, 8, 8],
					"children": [7]
				},
				{
					"name": "Leg2",
					"origin": [8, 8, 8],
					"children": [8]
				},
				{
					"name": "Hand1",
					"origin": [8, 8, 8],
					"children": [9, 10]
				},
				{
					"name": "Hand2",
					"origin": [8, 8, 8],
					"children": [11, 12]
				}
			]
		}
	]
}