{
	"credit": "Made with Blockbench",
	"texture_size": [32, 32],
	"textures": {
		"0": "craftadia/pets/present_pet",
		"particle": "craftadia/pets/present_pet"
	},
	"elements": [
		{
			"from": [4, 0, 4],
			"to": [12, 8, 12],
			"rotation": {"angle": 0, "axis": "y", "origin": [12, 8, 12]},
			"faces": {
				"north": {"uv": [0, 4, 4, 8], "texture": "#0"},
				"east": {"uv": [0, 4, 4, 0], "texture": "#0"},
				"south": {"uv": [0, 4, 4, 0], "texture": "#0"},
				"west": {"uv": [0, 4, 4, 0], "texture": "#0"},
				"up": {"uv": [0, 4, 4, 0], "texture": "#0"},
				"down": {"uv": [0, 4, 4, 0], "texture": "#0"}
			}
		},
		{
			"from": [5, 8.1, 5],
			"to": [11, 14.1, 11],
			"rotation": {"angle": 0, "axis": "y", "origin": [12, 16.1, 12]},
			"faces": {
				"north": {"uv": [4, 0, 8, 4], "texture": "#0"},
				"east": {"uv": [8, 4, 12, 0], "texture": "#0"},
				"south": {"uv": [8, 4, 12, 0], "texture": "#0"},
				"west": {"uv": [8, 4, 12, 0], "texture": "#0"},
				"up": {"uv": [4, 4, 8, 8], "texture": "#0"},
				"down": {"uv": [0, 0, 4, 4], "texture": "#0"}
			}
		},
		{
			"from": [6, 14.1, 6],
			"to": [10, 18.1, 10],
			"rotation": {"angle": 0, "axis": "y", "origin": [12, 22.1, 12]},
			"faces": {
				"north": {"uv": [12, 0, 16, 4], "texture": "#0"},
				"east": {"uv": [12, 8, 16, 4], "texture": "#0"},
				"south": {"uv": [12, 8, 16, 4], "texture": "#0"},
				"west": {"uv": [12, 8, 16, 4], "texture": "#0"},
				"up": {"uv": [12, 8, 16, 4], "texture": "#0"},
				"down": {"uv": [12, 8, 16, 4], "texture": "#0"}
			}
		},
		{
			"from": [3, 6.1, 3],
			"to": [13, 8.1, 13],
			"rotation": {"angle": 0, "axis": "y", "origin": [13, 8.1, 12]},
			"faces": {
				"north": {"uv": [11, 14, 16, 15], "texture": "#0"},
				"east": {"uv": [11, 14, 16, 15], "texture": "#0"},
				"south": {"uv": [11, 14, 16, 15], "texture": "#0"},
				"west": {"uv": [11, 14, 16, 15], "texture": "#0"},
				"up": {"uv": [0, 11, 5, 16], "texture": "#0"},
				"down": {"uv": [0, 11, 5, 16], "texture": "#0"}
			}
		},
		{
			"from": [4, 12.2, 4],
			"to": [12, 14.2, 12],
			"rotation": {"angle": 0, "axis": "y", "origin": [13, 14.2, 12]},
			"faces": {
				"north": {"uv": [11, 12, 16, 13], "texture": "#0"},
				"east": {"uv": [11, 12, 16, 13], "texture": "#0"},
				"south": {"uv": [11, 12, 16, 13], "texture": "#0"},
				"west": {"uv": [11, 12, 16, 13], "texture": "#0"},
				"up": {"uv": [5, 6, 10, 11], "texture": "#0"},
				"down": {"uv": [5, 6, 10, 11], "texture": "#0"}
			}
		},
		{
			"from": [5.5, 17.2, 5.5],
			"to": [10.5, 18.2, 10.5],
			"rotation": {"angle": 0, "axis": "y", "origin": [12.5, 18.2, 11.5]},
			"faces": {
				"north": {"uv": [11, 13, 16, 14], "texture": "#0"},
				"east": {"uv": [11, 13, 16, 14], "texture": "#0"},
				"south": {"uv": [11, 13, 16, 14], "texture": "#0"},
				"west": {"uv": [11, 13, 16, 14], "texture": "#0"},
				"up": {"uv": [5, 11, 10, 16], "texture": "#0"},
				"down": {"uv": [5, 11, 10, 16], "texture": "#0"}
			}
		}
	],
	"display": {
		"thirdperson_righthand": {
			"rotation": [0, -180, 0],
			"translation": [0, 4, 0],
			"scale": [0.6, 0.6, 0.6]
		},
		"thirdperson_lefthand": {
			"rotation": [0, -180, 0],
			"translation": [0, 4, 0],
			"scale": [0.6, 0.6, 0.6]
		},
		"firstperson_righthand": {
			"rotation": [0, -180, 0],
			"translation": [2, 1.5, 0],
			"scale": [0.6, 0.6, 0.6]
		},
		"firstperson_lefthand": {
			"rotation": [0, -180, 0],
			"translation": [2, 1.5, 0],
			"scale": [0.6, 0.6, 0.6]
		},
		"ground": {
			"translation": [0, 1, 0],
			"scale": [0.6, 0.6, 0.6]
		},
		"gui": {
			"rotation": [30, 225, 0],
			"translation": [0.5, 0, 0],
			"scale": [0.625, 0.625, 0.625]
		},
		"head": {
			"translation": [0, -30, -1.25],
			"scale": [2, 2, 2]
		},
		"fixed": {
			"translation": [0, -1, -3.25],
			"scale": [0.8, 0.8, 0.8]
		}
	},
	"groups": [
		{
			"name": "Main",
			"origin": [8, 8, 8],
			"children": [0, 1, 2, 3, 4, 5]
		}
	]
}