{
	"credit": "Made with Blockbench",
	"texture_size": [64, 64],
	"textures": {
		"0": "craftadia/pets/rex_pet",
		"particle": "craftadia/pets/rex_pet"
	},
	"elements": [
		{
			"from": [5.49, 4.99, 2.99],
			"to": [10.51, 12.01, 11.01],
			"rotation": {"angle": 0, "axis": "y", "origin": [15.5, 17, 13]},
			"faces": {
				"north": {"uv": [2, 2, 3.25, 3.75], "texture": "#0"},
				"east": {"uv": [0, 2, 2, 3.75], "texture": "#0"},
				"south": {"uv": [5.25, 2, 6.5, 3.75], "texture": "#0"},
				"west": {"uv": [3.25, 2, 5.25, 3.75], "texture": "#0"},
				"up": {"uv": [3.25, 2, 2, 0], "texture": "#0"},
				"down": {"uv": [4.5, 0, 3.25, 2], "texture": "#0"}
			}
		},
		{
			"from": [6, 7.5, 11],
			"to": [10, 11.5, 17],
			"rotation": {"angle": 0, "axis": "y", "origin": [15, 16.5, 13]},
			"faces": {
				"north": {"uv": [5, 6.5, 6, 7.5], "texture": "#0"},
				"east": {"uv": [3.5, 6.5, 5, 7.5], "texture": "#0"},
				"south": {"uv": [7.5, 6.5, 8.5, 7.5], "texture": "#0"},
				"west": {"uv": [6, 6.5, 7.5, 7.5], "texture": "#0"},
				"up": {"uv": [6, 6.5, 5, 5], "texture": "#0"},
				"down": {"uv": [7, 5, 6, 6.5], "texture": "#0"}
			}
		},
		{
			"from": [7, 9, 17],
			"to": [9, 11, 23],
			"rotation": {"angle": 0, "axis": "y", "origin": [15, 16, 19]},
			"faces": {
				"north": {"uv": [6, 1.5, 6.5, 2], "texture": "#0"},
				"east": {"uv": [4.5, 1.5, 6, 2], "texture": "#0"},
				"south": {"uv": [8, 1.5, 8.5, 2], "texture": "#0"},
				"west": {"uv": [6.5, 1.5, 8, 2], "texture": "#0"},
				"up": {"uv": [6.5, 1.5, 6, 0], "texture": "#0"},
				"down": {"uv": [7, 0, 6.5, 1.5], "texture": "#0"}
			}
		},
		{
			"from": [6, 6.17941, 2.20741],
			"to": [10, 12.17941, 5.20741],
			"rotation": {"angle": -45, "axis": "x", "origin": [16, 7, 3]},
			"faces": {
				"north": {"uv": [4.75, 8.25, 5.75, 9.75], "texture": "#0"},
				"east": {"uv": [4, 8.25, 4.75, 9.75], "texture": "#0"},
				"south": {"uv": [6.5, 8.25, 7.5, 9.75], "texture": "#0"},
				"west": {"uv": [5.75, 8.25, 6.5, 9.75], "texture": "#0"},
				"up": {"uv": [5.75, 8.25, 4.75, 7.5], "texture": "#0"},
				"down": {"uv": [6.75, 7.5, 5.75, 8.25], "texture": "#0"}
			}
		},
		{
			"from": [5.5, 9.5, -2],
			"to": [10.5, 15.5, 3],
			"rotation": {"angle": 0, "axis": "y", "origin": [7.5, 9.5, 3]},
			"faces": {
				"north": {"uv": [1.25, 5, 2.5, 6.5], "texture": "#0"},
				"east": {"uv": [0, 5, 1.25, 6.5], "texture": "#0"},
				"south": {"uv": [3.75, 5, 5, 6.5], "texture": "#0"},
				"west": {"uv": [2.5, 5, 3.75, 6.5], "texture": "#0"},
				"up": {"uv": [2.5, 5, 1.25, 3.75], "texture": "#0"},
				"down": {"uv": [3.75, 3.75, 2.5, 5], "texture": "#0"}
			}
		},
		{
			"from": [6.5, 10.5, -6],
			"to": [9.5, 13.5, -2],
			"rotation": {"angle": 0, "axis": "y", "origin": [7.5, 9.5, 3]},
			"faces": {
				"north": {"uv": [8.5, 8.5, 9.25, 9.25], "texture": "#0"},
				"east": {"uv": [7.5, 8.5, 8.5, 9.25], "texture": "#0"},
				"south": {"uv": [10.25, 8.5, 11, 9.25], "texture": "#0"},
				"west": {"uv": [9.25, 8.5, 10.25, 9.25], "texture": "#0"},
				"up": {"uv": [9.25, 8.5, 8.5, 7.5], "texture": "#0"},
				"down": {"uv": [10, 7.5, 9.25, 8.5], "texture": "#0"}
			}
		},
		{
			"from": [7, 9.5, -5],
			"to": [9, 10.5, -2],
			"rotation": {"angle": 0, "axis": "y", "origin": [7.5, 9.5, 3]},
			"faces": {
				"north": {"uv": [7.75, 0.75, 8.25, 1], "texture": "#0"},
				"east": {"uv": [7, 0.75, 7.75, 1], "texture": "#0"},
				"south": {"uv": [9, 0.75, 9.5, 1], "texture": "#0"},
				"west": {"uv": [8.25, 0.75, 9, 1], "texture": "#0"},
				"up": {"uv": [8.25, 0.75, 7.75, 0], "texture": "#0"},
				"down": {"uv": [8.75, 0, 8.25, 0.75], "texture": "#0"}
			}
		},
		{
			"from": [4.5, 4, 6],
			"to": [7.5, 9, 11],
			"rotation": {"angle": 0, "axis": "y", "origin": [15.5, 16, 13]},
			"faces": {
				"north": {"uv": [6.5, 3.75, 7.25, 5], "texture": "#0"},
				"east": {"uv": [5.25, 3.75, 6.5, 5], "texture": "#0"},
				"south": {"uv": [8.5, 3.75, 9.25, 5], "texture": "#0"},
				"west": {"uv": [7.25, 3.75, 8.5, 5], "texture": "#0"},
				"up": {"uv": [7.25, 3.75, 6.5, 2.5], "texture": "#0"},
				"down": {"uv": [8, 2.5, 7.25, 3.75], "texture": "#0"}
			}
		},
		{
			"from": [4.5, 0, 8],
			"to": [6.5, 4, 11],
			"rotation": {"angle": 0, "axis": "y", "origin": [15.5, 16, 13]},
			"faces": {
				"north": {"uv": [8.75, 2, 9.25, 3], "texture": "#0"},
				"east": {"uv": [8, 2, 8.75, 3], "texture": "#0"},
				"south": {"uv": [10, 2, 10.5, 3], "texture": "#0"},
				"west": {"uv": [9.25, 2, 10, 3], "texture": "#0"},
				"up": {"uv": [9.25, 2, 8.75, 1.25], "texture": "#0"},
				"down": {"uv": [9.75, 1.25, 9.25, 2], "texture": "#0"}
			}
		},
		{
			"from": [4.5, 0, 6],
			"to": [6.5, 1, 8],
			"rotation": {"angle": 0, "axis": "y", "origin": [15.5, 16, 13]},
			"faces": {
				"north": {"uv": [8.5, 3.5, 9, 3.75], "texture": "#0"},
				"east": {"uv": [8, 3.5, 8.5, 3.75], "texture": "#0"},
				"south": {"uv": [9.5, 3.5, 10, 3.75], "texture": "#0"},
				"west": {"uv": [9, 3.5, 9.5, 3.75], "texture": "#0"},
				"up": {"uv": [9, 3.5, 8.5, 3], "texture": "#0"},
				"down": {"uv": [9.5, 3, 9, 3.5], "texture": "#0"}
			}
		},
		{
			"from": [8.5, 4, 6],
			"to": [11.5, 9, 11],
			"shade": false,
			"rotation": {"angle": 0, "axis": "y", "origin": [0.5, 16, 13]},
			"faces": {
				"north": {"uv": [7.25, 3.75, 6.5, 5], "texture": "#0"},
				"east": {"uv": [8.5, 3.75, 7.25, 5], "texture": "#0"},
				"south": {"uv": [9.25, 3.75, 8.5, 5], "texture": "#0"},
				"west": {"uv": [6.5, 3.75, 5.25, 5], "texture": "#0"},
				"up": {"uv": [6.5, 3.75, 7.25, 2.5], "texture": "#0"},
				"down": {"uv": [7.25, 2.5, 8, 3.75], "texture": "#0"}
			}
		},
		{
			"from": [9.5, 0, 8],
			"to": [11.5, 4, 11],
			"shade": false,
			"rotation": {"angle": 0, "axis": "y", "origin": [0.5, 16, 13]},
			"faces": {
				"north": {"uv": [9.25, 2, 8.75, 3], "texture": "#0"},
				"east": {"uv": [10, 2, 9.25, 3], "texture": "#0"},
				"south": {"uv": [10.5, 2, 10, 3], "texture": "#0"},
				"west": {"uv": [8.75, 2, 8, 3], "texture": "#0"},
				"up": {"uv": [8.75, 2, 9.25, 1.25], "texture": "#0"},
				"down": {"uv": [9.25, 1.25, 9.75, 2], "texture": "#0"}
			}
		},
		{
			"from": [9.5, 0, 6],
			"to": [11.5, 1, 8],
			"shade": false,
			"rotation": {"angle": 0, "axis": "y", "origin": [0.5, 16, 13]},
			"faces": {
				"north": {"uv": [9, 3.5, 8.5, 3.75], "texture": "#0"},
				"east": {"uv": [9.5, 3.5, 9, 3.75], "texture": "#0"},
				"south": {"uv": [10, 3.5, 9.5, 3.75], "texture": "#0"},
				"west": {"uv": [8.5, 3.5, 8, 3.75], "texture": "#0"},
				"up": {"uv": [8.5, 3.5, 9, 3], "texture": "#0"},
				"down": {"uv": [9, 3, 9.5, 3.5], "texture": "#0"}
			}
		},
		{
			"from": [4.5, 3, 3.5],
			"to": [6.5, 9, 5.5],
			"rotation": {"angle": 22.5, "axis": "x", "origin": [5.5, 9, 3.5]},
			"faces": {
				"north": {"uv": [0.5, 0.5, 1, 2], "texture": "#0"},
				"east": {"uv": [0, 0.5, 0.5, 2], "texture": "#0"},
				"south": {"uv": [1.5, 0.5, 2, 2], "texture": "#0"},
				"west": {"uv": [1, 0.5, 1.5, 2], "texture": "#0"},
				"up": {"uv": [1, 0.5, 0.5, 0], "texture": "#0"},
				"down": {"uv": [1.5, 0, 1, 0.5], "texture": "#0"}
			}
		},
		{
			"from": [9.5, 3, 3.5],
			"to": [11.5, 9, 5.5],
			"shade": false,
			"rotation": {"angle": 22.5, "axis": "x", "origin": [10.5, 9, 3.5]},
			"faces": {
				"north": {"uv": [1, 0.5, 0.5, 2], "texture": "#0"},
				"east": {"uv": [1.5, 0.5, 1, 2], "texture": "#0"},
				"south": {"uv": [2, 0.5, 1.5, 2], "texture": "#0"},
				"west": {"uv": [0.5, 0.5, 0, 2], "texture": "#0"},
				"up": {"uv": [0.5, 0.5, 1, 0], "texture": "#0"},
				"down": {"uv": [1, 0, 1.5, 0.5], "texture": "#0"}
			}
		}
	],
	"display": {
		"thirdperson_righthand": {
			"rotation": [0, -180, 0],
			"translation": [0, 3.5, 0],
			"scale": [0.45, 0.45, 0.45]
		},
		"thirdperson_lefthand": {
			"rotation": [0, -180, 0],
			"translation": [0, 3.5, 0],
			"scale": [0.45, 0.45, 0.45]
		},
		"firstperson_righthand": {
			"rotation": [0, -180, 0],
			"translation": [2, 1.5, 0],
			"scale": [0.6, 0.6, 0.6]
		},
		"firstperson_lefthand": {
			"rotation": [0, -180, 0],
			"translation": [2, 1.5, 0],
			"scale": [0.6, 0.6, 0.6]
		},
		"ground": {
			"translation": [0, 1, 0],
			"scale": [0.6, 0.6, 0.6]
		},
		"gui": {
			"rotation": [30, 225, 0],
			"scale": [0.625, 0.625, 0.625]
		},
		"head": {
			"translation": [0, -30, -1.25],
			"scale": [2, 2, 2]
		},
		"fixed": {
			"rotation": [0, 90, 0],
			"translation": [0, 1.25, -3.25],
			"scale": [0.8, 0.8, 0.8]
		}
	},
	"groups": [
		{
			"name": "Main",
			"origin": [8, 8, 8],
			"children": [
				{
					"name": "Body",
					"origin": [8, 8, 8],
					"children": [0, 1, 2, 3]
				},
				{
					"name": "Head",
					"origin": [8, 8, 8],
					"children": [4, 5, 6]
				},
				{
					"name": "Legs",
					"origin": [8, 8, 8],
					"children": [
						{
							"name": "Leg1",
							"origin": [15.5, 18, 12],
							"children": [7, 8, 9]
						},
						{
							"name": "Leg2",
							"origin": [15.5, 18, 12],
							"children": [10, 11, 12]
						},
						{
							"name": "Leg3",
							"origin": [15.5, 16, 13],
							"children": [13]
						},
						{
							"name": "Leg3",
							"origin": [15.5, 16, 13],
							"children": [14]
						}
					]
				},
				{
					"name": "Hands",
					"origin": [8, 8, 8],
					"children": []
				}
			]
		}
	]
}