{
	"credit": "Made with Blockbench",
	"texture_size": [64, 64],
	"textures": {
		"0": "craftadia/pets/skeleton_wolf_pet",
		"particle": "craftadia/pets/skeleton_wolf_pet"
	},
	"elements": [
		{
			"name": "tail",
			"from": [7, 2.7594, 13.12924],
			"to": [9, 7.7594, 13.12924],
			"rotation": {"angle": -45, "axis": "x", "origin": [8, 8.22369, 11.56709]},
			"faces": {
				"north": {"uv": [3.5, 7.25, 4, 8.5], "texture": "#0"},
				"east": {"uv": [2, 7.25, 2.5, 8.5], "texture": "#0"},
				"south": {"uv": [3.5, 7.25, 4, 8.5], "texture": "#0"},
				"west": {"uv": [3, 7.25, 3.5, 8.5], "texture": "#0"},
				"up": {"uv": [3, 7.25, 2.5, 6.75], "texture": "#0"},
				"down": {"uv": [3.5, 6.75, 3, 7.25], "texture": "#0"}
			}
		},
		{
			"name": "body",
			"from": [11, 4, 4],
			"to": [11, 10, 12],
			"rotation": {"angle": 0, "axis": "y", "origin": [9, -2, 6]},
			"faces": {
				"north": {"uv": [2, 2, 2, 3.5], "texture": "#0"},
				"east": {"uv": [0, 2, 2, 3.5], "texture": "#0"},
				"south": {"uv": [4, 2, 4, 3.5], "texture": "#0"},
				"west": {"uv": [3.25, 2, 5.25, 3.5], "texture": "#0"},
				"up": {"uv": [2, 2, 2, 0], "texture": "#0"},
				"down": {"uv": [2, 0, 2, 2], "texture": "#0"}
			}
		},
		{
			"name": "body",
			"from": [5, 4, 4],
			"to": [5, 10, 12],
			"rotation": {"angle": 0, "axis": "y", "origin": [9, -2, 6]},
			"faces": {
				"north": {"uv": [2, 2, 2, 3.5], "texture": "#0"},
				"east": {"uv": [0, 2, 2.25, 3.5], "texture": "#0"},
				"south": {"uv": [4, 2, 4, 3.5], "texture": "#0"},
				"west": {"uv": [3.5, 2, 5.5, 3.5], "texture": "#0"},
				"up": {"uv": [2, 2, 2, 0], "texture": "#0"},
				"down": {"uv": [2, 0, 2, 2], "texture": "#0"}
			}
		},
		{
			"name": "body",
			"from": [5, 4, 4],
			"to": [11, 10, 4],
			"rotation": {"angle": 0, "axis": "y", "origin": [9, -2, 5]},
			"faces": {
				"north": {"uv": [2, 2, 3.5, 3.5], "texture": "#0"},
				"east": {"uv": [0, 0, 0, 1.5], "texture": "#0"},
				"south": {"uv": [2, 2, 3.5, 3.5], "texture": "#0"},
				"west": {"uv": [1.5, 0, 1.5, 1.5], "texture": "#0"},
				"up": {"uv": [1.5, 0, 0, 0], "texture": "#0"},
				"down": {"uv": [3, 0, 1.5, 0], "texture": "#0"}
			}
		},
		{
			"name": "body",
			"from": [5, 4, 13],
			"to": [11, 10, 13],
			"rotation": {"angle": 0, "axis": "y", "origin": [9, -2, 6]},
			"faces": {
				"north": {"uv": [5.5, 2, 7, 3.5], "texture": "#0"},
				"east": {"uv": [0, 0, 0, 1.5], "texture": "#0"},
				"south": {"uv": [5.5, 2, 7, 3.5], "texture": "#0"},
				"west": {"uv": [1.5, 0, 1.5, 1.5], "texture": "#0"},
				"up": {"uv": [1.5, 0, 0, 0], "texture": "#0"},
				"down": {"uv": [3, 0, 1.5, 0], "texture": "#0"}
			}
		},
		{
			"name": "body",
			"from": [5, 10, 4],
			"to": [11, 10, 13],
			"rotation": {"angle": 0, "axis": "y", "origin": [9, -2, 6]},
			"faces": {
				"north": {"uv": [2, 2, 3.5, 2], "texture": "#0"},
				"east": {"uv": [0, 2, 2, 2], "texture": "#0"},
				"south": {"uv": [5.5, 2, 7, 2], "texture": "#0"},
				"west": {"uv": [3.5, 2, 5.5, 2], "texture": "#0"},
				"up": {"uv": [10, 2.75, 8.5, 0.5], "texture": "#0"},
				"down": {"uv": [10, 0.5, 8.5, 2.75], "texture": "#0"}
			}
		},
		{
			"name": "leg3",
			"from": [8.5, 0, 4.1],
			"to": [10.5, 5, 6.1],
			"shade": false,
			"rotation": {"angle": 0, "axis": "y", "origin": [9, -3, 9.1]},
			"faces": {
				"north": {"uv": [1, 0.5, 0.5, 1.75], "texture": "#0"},
				"east": {"uv": [1.5, 0.5, 1, 1.75], "texture": "#0"},
				"south": {"uv": [2, 0.5, 1.5, 1.75], "texture": "#0"},
				"west": {"uv": [0.5, 0.5, 0, 1.75], "texture": "#0"},
				"up": {"uv": [0.5, 0.5, 1, 0], "texture": "#0"},
				"down": {"uv": [1, 0, 1.5, 0.5], "texture": "#0"}
			}
		},
		{
			"name": "leg4",
			"from": [8.5, 0, 6.1],
			"to": [10.5, 5, 6.1],
			"shade": false,
			"rotation": {"angle": 0, "axis": "y", "origin": [9, -3, 9.1]},
			"faces": {
				"north": {"uv": [1, 0.5, 0.5, 1.75], "texture": "#0"},
				"east": {"uv": [1.5, 0.5, 1, 1.75], "texture": "#0"},
				"south": {"uv": [2, 0.5, 1.5, 1.75], "texture": "#0"},
				"west": {"uv": [0.5, 0.5, 0, 1.75], "texture": "#0"},
				"up": {"uv": [0.5, 0.5, 1, 0], "texture": "#0"},
				"down": {"uv": [1, 0, 1.5, 0.5], "texture": "#0"}
			}
		},
		{
			"name": "leg4",
			"from": [10.5, 0, 4.1],
			"to": [10.5, 5, 6.1],
			"shade": false,
			"rotation": {"angle": 0, "axis": "y", "origin": [9, -3, 9.1]},
			"faces": {
				"north": {"uv": [1, 0.5, 0.5, 1.75], "texture": "#0"},
				"east": {"uv": [1.5, 0.5, 1, 1.75], "texture": "#0"},
				"south": {"uv": [2, 0.5, 1.5, 1.75], "texture": "#0"},
				"west": {"uv": [0.5, 0.5, 0, 1.75], "texture": "#0"},
				"up": {"uv": [0.5, 0.5, 1, 0], "texture": "#0"},
				"down": {"uv": [1, 0, 1.5, 0.5], "texture": "#0"}
			}
		},
		{
			"name": "leg4",
			"from": [8.5, 0, 4.1],
			"to": [8.5, 5, 6.1],
			"shade": false,
			"rotation": {"angle": 0, "axis": "y", "origin": [9, -3, 9.1]},
			"faces": {
				"north": {"uv": [1, 0.5, 0.5, 1.75], "texture": "#0"},
				"east": {"uv": [1.5, 0.5, 1, 1.75], "texture": "#0"},
				"south": {"uv": [2, 0.5, 1.5, 1.75], "texture": "#0"},
				"west": {"uv": [0.5, 0.5, 0, 1.75], "texture": "#0"},
				"up": {"uv": [0.5, 0.5, 1, 0], "texture": "#0"},
				"down": {"uv": [1, 0, 1.5, 0.5], "texture": "#0"}
			}
		},
		{
			"name": "leg4",
			"from": [8.5, 0, 4.1],
			"to": [10.5, 0, 6.1],
			"shade": false,
			"rotation": {"angle": 0, "axis": "y", "origin": [9, -3, 9.1]},
			"faces": {
				"north": {"uv": [1, 0.5, 0.5, 1.75], "texture": "#0"},
				"east": {"uv": [1.5, 0.5, 1, 1.75], "texture": "#0"},
				"south": {"uv": [2, 0.5, 1.5, 1.75], "texture": "#0"},
				"west": {"uv": [0.5, 0.5, 0, 1.75], "texture": "#0"},
				"up": {"uv": [1, 0.5, 1.5, 0], "texture": "#0"},
				"down": {"uv": [1, 0, 1.5, 0.5], "texture": "#0"}
			}
		},
		{
			"name": "leg2",
			"from": [5.5, 0, 4.1],
			"to": [7.5, 5, 6.1],
			"rotation": {"angle": 0, "axis": "y", "origin": [9, -3, 9.1]},
			"faces": {
				"north": {"uv": [0.5, 0.5, 1, 1.75], "texture": "#0"},
				"east": {"uv": [0, 0.5, 0.5, 1.75], "texture": "#0"},
				"south": {"uv": [1.5, 0.5, 2, 1.75], "texture": "#0"},
				"west": {"uv": [1, 0.5, 1.5, 1.75], "texture": "#0"},
				"up": {"uv": [1, 0.5, 0.5, 0], "texture": "#0"},
				"down": {"uv": [1.5, 0, 1, 0.5], "texture": "#0"}
			}
		},
		{
			"name": "leg3",
			"from": [5.5, 0, 6.1],
			"to": [7.5, 5, 6.1],
			"rotation": {"angle": 0, "axis": "y", "origin": [9, -3, 9.1]},
			"faces": {
				"north": {"uv": [0.5, 0.5, 1, 1.75], "texture": "#0"},
				"east": {"uv": [0, 0.5, 0.5, 1.75], "texture": "#0"},
				"south": {"uv": [1.5, 0.5, 2, 1.75], "texture": "#0"},
				"west": {"uv": [1, 0.5, 1.5, 1.75], "texture": "#0"},
				"up": {"uv": [1, 0.5, 0.5, 0], "texture": "#0"},
				"down": {"uv": [1.5, 0, 1, 0.5], "texture": "#0"}
			}
		},
		{
			"name": "leg3",
			"from": [7.5, 0, 4.1],
			"to": [7.5, 5, 6.1],
			"rotation": {"angle": 0, "axis": "y", "origin": [9, -3, 9.1]},
			"faces": {
				"north": {"uv": [0.5, 0.5, 1, 1.75], "texture": "#0"},
				"east": {"uv": [0, 0.5, 0.5, 1.75], "texture": "#0"},
				"south": {"uv": [1.5, 0.5, 2, 1.75], "texture": "#0"},
				"west": {"uv": [1, 0.5, 1.5, 1.75], "texture": "#0"},
				"up": {"uv": [1, 0.5, 0.5, 0], "texture": "#0"},
				"down": {"uv": [1.5, 0, 1, 0.5], "texture": "#0"}
			}
		},
		{
			"name": "leg3",
			"from": [5.5, 0, 4.1],
			"to": [5.5, 5, 6.1],
			"rotation": {"angle": 0, "axis": "y", "origin": [9, -3, 9.1]},
			"faces": {
				"north": {"uv": [0.5, 0.5, 1, 1.75], "texture": "#0"},
				"east": {"uv": [0, 0.5, 0.5, 1.75], "texture": "#0"},
				"south": {"uv": [1.5, 0.5, 2, 1.75], "texture": "#0"},
				"west": {"uv": [1, 0.5, 1.5, 1.75], "texture": "#0"},
				"up": {"uv": [1, 0.5, 0.5, 0], "texture": "#0"},
				"down": {"uv": [1.5, 0, 1, 0.5], "texture": "#0"}
			}
		},
		{
			"name": "leg3",
			"from": [5.5, 0, 4.1],
			"to": [7.5, 0, 6.1],
			"rotation": {"angle": 0, "axis": "y", "origin": [9, -3, 9.1]},
			"faces": {
				"north": {"uv": [0.5, 0.5, 1, 1.75], "texture": "#0"},
				"east": {"uv": [0, 0.5, 0.5, 1.75], "texture": "#0"},
				"south": {"uv": [1.5, 0.5, 2, 1.75], "texture": "#0"},
				"west": {"uv": [1, 0.5, 1.5, 1.75], "texture": "#0"},
				"up": {"uv": [1.5, 0.5, 1, 0], "texture": "#0"},
				"down": {"uv": [1.5, 0, 1, 0.5], "texture": "#0"}
			}
		},
		{
			"name": "leg1",
			"from": [8.5, 0, 10.9],
			"to": [10.5, 5, 12.9],
			"shade": false,
			"rotation": {"angle": 0, "axis": "y", "origin": [9, -3, 4.9]},
			"faces": {
				"north": {"uv": [1, 0.5, 0.5, 1.75], "texture": "#0"},
				"east": {"uv": [1.5, 0.5, 1, 1.75], "texture": "#0"},
				"south": {"uv": [2, 0.5, 1.5, 1.75], "texture": "#0"},
				"west": {"uv": [0.5, 0.5, 0, 1.75], "texture": "#0"},
				"up": {"uv": [0.5, 0.5, 1, 0], "texture": "#0"},
				"down": {"uv": [1, 0, 1.5, 0.5], "texture": "#0"}
			}
		},
		{
			"name": "leg2",
			"from": [8.5, 0, 12.9],
			"to": [10.5, 5, 12.9],
			"shade": false,
			"rotation": {"angle": 0, "axis": "y", "origin": [9, -3, 4.9]},
			"faces": {
				"north": {"uv": [1, 0.5, 0.5, 1.75], "texture": "#0"},
				"east": {"uv": [1.5, 0.5, 1, 1.75], "texture": "#0"},
				"south": {"uv": [2, 0.5, 1.5, 1.75], "texture": "#0"},
				"west": {"uv": [0.5, 0.5, 0, 1.75], "texture": "#0"},
				"up": {"uv": [0.5, 0.5, 1, 0], "texture": "#0"},
				"down": {"uv": [1, 0, 1.5, 0.5], "texture": "#0"}
			}
		},
		{
			"name": "leg2",
			"from": [8.5, 0, 10.9],
			"to": [10.5, 5, 10.9],
			"shade": false,
			"rotation": {"angle": 0, "axis": "y", "origin": [9, -3, 4.9]},
			"faces": {
				"north": {"uv": [1, 0.5, 0.5, 1.75], "texture": "#0"},
				"east": {"uv": [1.5, 0.5, 1, 1.75], "texture": "#0"},
				"south": {"uv": [2, 0.5, 1.5, 1.75], "texture": "#0"},
				"west": {"uv": [0.5, 0.5, 0, 1.75], "texture": "#0"},
				"up": {"uv": [0.5, 0.5, 1, 0], "texture": "#0"},
				"down": {"uv": [1, 0, 1.5, 0.5], "texture": "#0"}
			}
		},
		{
			"name": "leg2",
			"from": [8.5, 0, 10.9],
			"to": [8.5, 5, 12.9],
			"shade": false,
			"rotation": {"angle": 0, "axis": "y", "origin": [9, -3, 4.9]},
			"faces": {
				"north": {"uv": [1, 0.5, 0.5, 1.75], "texture": "#0"},
				"east": {"uv": [1.5, 0.5, 1, 1.75], "texture": "#0"},
				"south": {"uv": [2, 0.5, 1.5, 1.75], "texture": "#0"},
				"west": {"uv": [0.5, 0.5, 0, 1.75], "texture": "#0"},
				"up": {"uv": [0.5, 0.5, 1, 0], "texture": "#0"},
				"down": {"uv": [1, 0, 1.5, 0.5], "texture": "#0"}
			}
		},
		{
			"name": "leg2",
			"from": [8.5, 0, 10.9],
			"to": [10.5, 0, 12.9],
			"shade": false,
			"rotation": {"angle": 0, "axis": "y", "origin": [9, -3, 4.9]},
			"faces": {
				"north": {"uv": [1, 0.5, 0.5, 1.75], "texture": "#0"},
				"east": {"uv": [1.5, 0.5, 1, 1.75], "texture": "#0"},
				"south": {"uv": [2, 0.5, 1.5, 1.75], "texture": "#0"},
				"west": {"uv": [0.5, 0.5, 0, 1.75], "texture": "#0"},
				"up": {"uv": [1, 0.5, 1.5, 0], "texture": "#0"},
				"down": {"uv": [1, 0, 1.5, 0.5], "texture": "#0"}
			}
		},
		{
			"name": "leg1",
			"from": [5.5, 0, 12.9],
			"to": [7.5, 5, 12.9],
			"rotation": {"angle": 0, "axis": "y", "origin": [9, -3, 4.9]},
			"faces": {
				"north": {"uv": [0.5, 0.5, 1, 1.75], "texture": "#0"},
				"east": {"uv": [0, 0.5, 0.5, 1.75], "texture": "#0"},
				"south": {"uv": [1.5, 0.5, 2, 1.75], "texture": "#0"},
				"west": {"uv": [1, 0.5, 1.5, 1.75], "texture": "#0"},
				"up": {"uv": [1, 0.5, 0.5, 0], "texture": "#0"},
				"down": {"uv": [1.5, 0, 1, 0.5], "texture": "#0"}
			}
		},
		{
			"name": "leg1",
			"from": [5.5, 0, 10.9],
			"to": [7.5, 5, 10.9],
			"rotation": {"angle": 0, "axis": "y", "origin": [9, -3, 4.9]},
			"faces": {
				"north": {"uv": [0.5, 0.5, 1, 1.75], "texture": "#0"},
				"east": {"uv": [0, 0.5, 0.5, 1.75], "texture": "#0"},
				"south": {"uv": [1.5, 0.5, 2, 1.75], "texture": "#0"},
				"west": {"uv": [1, 0.5, 1.5, 1.75], "texture": "#0"},
				"up": {"uv": [1, 0.5, 0.5, 0], "texture": "#0"},
				"down": {"uv": [1.5, 0, 1, 0.5], "texture": "#0"}
			}
		},
		{
			"name": "leg1",
			"from": [7.5, 0, 10.9],
			"to": [7.5, 5, 12.9],
			"rotation": {"angle": 0, "axis": "y", "origin": [9, -3, 4.9]},
			"faces": {
				"north": {"uv": [0.5, 0.5, 1, 1.75], "texture": "#0"},
				"east": {"uv": [0, 0.5, 0.5, 1.75], "texture": "#0"},
				"south": {"uv": [1.5, 0.5, 2, 1.75], "texture": "#0"},
				"west": {"uv": [1, 0.5, 1.5, 1.75], "texture": "#0"},
				"up": {"uv": [1, 0.5, 0.5, 0], "texture": "#0"},
				"down": {"uv": [1.5, 0, 1, 0.5], "texture": "#0"}
			}
		},
		{
			"name": "leg1",
			"from": [5.5, 0, 10.9],
			"to": [5.5, 5, 12.9],
			"rotation": {"angle": 0, "axis": "y", "origin": [9, -3, 4.9]},
			"faces": {
				"north": {"uv": [0.5, 0.5, 1, 1.75], "texture": "#0"},
				"east": {"uv": [0, 0.5, 0.5, 1.75], "texture": "#0"},
				"south": {"uv": [1.5, 0.5, 2, 1.75], "texture": "#0"},
				"west": {"uv": [1, 0.5, 1.5, 1.75], "texture": "#0"},
				"up": {"uv": [1, 0.5, 0.5, 0], "texture": "#0"},
				"down": {"uv": [1.5, 0, 1, 0.5], "texture": "#0"}
			}
		},
		{
			"name": "leg1",
			"from": [5.5, 0, 10.9],
			"to": [7.5, 0, 12.9],
			"rotation": {"angle": 0, "axis": "y", "origin": [9, -3, 4.9]},
			"faces": {
				"north": {"uv": [0.5, 0.5, 1, 1.75], "texture": "#0"},
				"east": {"uv": [0, 0.5, 0.5, 1.75], "texture": "#0"},
				"south": {"uv": [1.5, 0.5, 2, 1.75], "texture": "#0"},
				"west": {"uv": [1, 0.5, 1.5, 1.75], "texture": "#0"},
				"up": {"uv": [1.5, 0.5, 1, 0], "texture": "#0"},
				"down": {"uv": [1.5, 0, 1, 0.5], "texture": "#0"}
			}
		},
		{
			"name": "head",
			"from": [4, 5.5, 0],
			"to": [4, 12.5, 6],
			"rotation": {"angle": 0, "axis": "y", "origin": [9, -2, 11]},
			"faces": {
				"north": {"uv": [1.5, 5, 3.5, 6.75], "texture": "#0"},
				"east": {"uv": [0, 5, 1.5, 6.75], "texture": "#0"},
				"south": {"uv": [5, 5, 7, 6.75], "texture": "#0"},
				"west": {"uv": [3.5, 5, 5, 6.75], "texture": "#0"},
				"up": {"uv": [3.5, 5, 1.5, 3.5], "texture": "#0"},
				"down": {"uv": [5.5, 3.5, 3.5, 5], "texture": "#0"}
			}
		},
		{
			"name": "head",
			"from": [12, 5.5, 0],
			"to": [12, 12.5, 6],
			"rotation": {"angle": 0, "axis": "y", "origin": [9, -2, 11]},
			"faces": {
				"north": {"uv": [1.5, 5, 3.5, 6.75], "texture": "#0"},
				"east": {"uv": [0, 5, 1.5, 6.75], "texture": "#0"},
				"south": {"uv": [5, 5, 7, 6.75], "texture": "#0"},
				"west": {"uv": [3.5, 5, 5, 6.75], "texture": "#0"},
				"up": {"uv": [3.5, 5, 1.5, 3.5], "texture": "#0"},
				"down": {"uv": [5.5, 3.5, 3.5, 5], "texture": "#0"}
			}
		},
		{
			"name": "head",
			"from": [4, 12.5, 0],
			"to": [12, 12.5, 6],
			"rotation": {"angle": 0, "axis": "y", "origin": [9, -2, 11]},
			"faces": {
				"north": {"uv": [1.5, 5, 3.5, 6.75], "texture": "#0"},
				"east": {"uv": [0, 5, 1.5, 6.75], "texture": "#0"},
				"south": {"uv": [5, 5, 7, 6.75], "texture": "#0"},
				"west": {"uv": [3.5, 5, 5, 6.75], "texture": "#0"},
				"up": {"uv": [3.5, 5, 1.5, 3.5], "texture": "#0"},
				"down": {"uv": [3.5, 3.5, 1.5, 5], "texture": "#0"}
			}
		},
		{
			"name": "head",
			"from": [4, 5.5, 0],
			"to": [12, 12.5, 0],
			"rotation": {"angle": 0, "axis": "y", "origin": [9, -2, 11]},
			"faces": {
				"north": {"uv": [1.5, 5, 3.5, 6.75], "texture": "#0"},
				"east": {"uv": [0, 5, 1.5, 6.75], "texture": "#0"},
				"south": {"uv": [1.5, 5, 3.5, 6.75], "texture": "#0"},
				"west": {"uv": [3.5, 5, 5, 6.75], "texture": "#0"},
				"up": {"uv": [3.5, 5, 1.5, 3.5], "texture": "#0"},
				"down": {"uv": [5.5, 3.5, 3.5, 5], "texture": "#0"}
			}
		},
		{
			"name": "head",
			"from": [5, 12.5, 4],
			"to": [7, 14.5, 4],
			"rotation": {"angle": 0, "axis": "y", "origin": [9, -1, 11]},
			"faces": {
				"north": {"uv": [0.25, 3.75, 0.75, 4.25], "texture": "#0"},
				"east": {"uv": [0, 3.75, 0.25, 4.25], "texture": "#0"},
				"south": {"uv": [0.75, 3.75, 0.25, 4.25], "texture": "#0"},
				"west": {"uv": [0.75, 3.75, 1, 4.25], "texture": "#0"},
				"up": {"uv": [0.75, 3.75, 0.25, 3.5], "texture": "#0"},
				"down": {"uv": [1.25, 3.5, 0.75, 3.75], "texture": "#0"}
			}
		},
		{
			"name": "head",
			"from": [9, 12.5, 4],
			"to": [11, 14.5, 4],
			"shade": false,
			"rotation": {"angle": 0, "axis": "y", "origin": [9, -1, 11]},
			"faces": {
				"north": {"uv": [0.75, 3.75, 0.25, 4.25], "texture": "#0"},
				"east": {"uv": [1, 3.75, 0.75, 4.25], "texture": "#0"},
				"south": {"uv": [0.25, 3.75, 0.75, 4.25], "texture": "#0"},
				"west": {"uv": [0.25, 3.75, 0, 4.25], "texture": "#0"},
				"up": {"uv": [0.25, 3.75, 0.75, 3.5], "texture": "#0"},
				"down": {"uv": [0.75, 3.5, 1.25, 3.75], "texture": "#0"}
			}
		},
		{
			"name": "head",
			"from": [6.5, 5.52, -3],
			"to": [9.5, 8.52, 0],
			"rotation": {"angle": 0, "axis": "y", "origin": [9, -2, 9]},
			"faces": {
				"north": {"uv": [5.75, 0.75, 6.5, 1.5], "texture": "#0"},
				"east": {"uv": [5, 0.75, 5.75, 1.5], "texture": "#0"},
				"south": {"uv": [7.25, 0.75, 8, 1.5], "texture": "#0"},
				"west": {"uv": [6.5, 0.75, 7.25, 1.5], "texture": "#0"},
				"up": {"uv": [6.5, 0.75, 5.75, 0], "texture": "#0"},
				"down": {"uv": [7.25, 0, 6.5, 0.75], "texture": "#0"}
			}
		}
	],
	"display": {
		"thirdperson_righthand": {
			"rotation": [0, -180, 0],
			"translation": [0, 4, 0],
			"scale": [0.6, 0.6, 0.6]
		},
		"thirdperson_lefthand": {
			"rotation": [0, -180, 0],
			"translation": [0, 4, 0],
			"scale": [0.6, 0.6, 0.6]
		},
		"firstperson_righthand": {
			"rotation": [0, -180, 0],
			"translation": [2, 1.5, 0],
			"scale": [0.6, 0.6, 0.6]
		},
		"firstperson_lefthand": {
			"rotation": [0, -180, 0],
			"translation": [2, 1.5, 0],
			"scale": [0.6, 0.6, 0.6]
		},
		"ground": {
			"translation": [0, 1, 0],
			"scale": [0.6, 0.6, 0.6]
		},
		"gui": {
			"rotation": [30, 225, 0],
			"translation": [-0.75, 1.5, 0],
			"scale": [0.625, 0.625, 0.625]
		},
		"head": {
			"translation": [0, -30, -1.25],
			"scale": [2, 2, 2]
		},
		"fixed": {
			"translation": [0, 1.25, -3.25],
			"scale": [0.8, 0.8, 0.8]
		}
	},
	"groups": [
		{
			"name": "tail",
			"origin": [-1, 10, 9],
			"shade": false,
			"children": [0]
		},
		{
			"name": "Main",
			"origin": [0, -3, 2],
			"children": [
				{
					"name": "Body2",
					"origin": [-1, 7, 0],
					"children": [
						{
							"name": "upperBody",
							"origin": [-1, 7, 0],
							"shade": false,
							"children": []
						},
						{
							"name": "body",
							"origin": [0, 7, 0],
							"shade": false,
							"children": [1, 2, 3, 4, 5]
						}
					]
				},
				{
					"name": "leg3",
					"origin": [0.5, 5, -2],
					"shade": false,
					"children": [6, 7, 8, 9, 10]
				},
				{
					"name": "leg2",
					"origin": [-2.5, 5, -2],
					"shade": false,
					"children": [11, 12, 13, 14, 15]
				},
				{
					"name": "leg1",
					"origin": [0.5, 5, 9],
					"shade": false,
					"children": [16, 17, 18, 19, 20]
				},
				{
					"name": "leg0",
					"origin": [-2.5, 5, 9],
					"shade": false,
					"children": [21, 22, 23, 24, 25]
				},
				{
					"name": "head",
					"origin": [-1, 7.5, -5],
					"shade": false,
					"children": [26, 27, 28, 29, 30, 31, 32]
				}
			]
		}
	]
}