{
	"credit": "Made with Blockbench",
	"texture_size": [32, 16],
	"textures": {
		"0": "craftadia/pets/snake_pet"
	},
	"elements": [
		{
			"from": [6.99, 1.52073, 7.68552],
			"to": [9.01, 3.54073, 11.70552],
			"rotation": {"angle": -22.5, "axis": "x", "origin": [8, 1.53073, 11.69552]},
			"faces": {
				"north": {"uv": [2, 12, 3, 14], "texture": "#0"},
				"east": {"uv": [0, 12, 2, 14], "texture": "#0"},
				"south": {"uv": [5, 12, 6, 14], "texture": "#0"},
				"west": {"uv": [3, 12, 5, 14], "texture": "#0"},
				"up": {"uv": [3, 12, 2, 8], "texture": "#0"},
				"down": {"uv": [4, 8, 3, 12], "texture": "#0"}
			}
		},
		{
			"from": [7, 0, 4],
			"to": [9, 2, 8],
			"rotation": {"angle": 0, "axis": "y", "origin": [8, 0, 8]},
			"faces": {
				"north": {"uv": [2, 12, 3, 14], "texture": "#0"},
				"east": {"uv": [0, 12, 2, 14], "texture": "#0"},
				"south": {"uv": [5, 12, 6, 14], "texture": "#0"},
				"west": {"uv": [3, 12, 5, 14], "texture": "#0"},
				"up": {"uv": [3, 12, 2, 8], "texture": "#0"},
				"down": {"uv": [4, 8, 3, 12], "texture": "#0"}
			}
		},
		{
			"from": [7, 1.1611, 10.09408],
			"to": [9, 3.1611, 14.09408],
			"rotation": {"angle": 22.5, "axis": "x", "origin": [7.99, 1.16112, 11.09408]},
			"faces": {
				"north": {"uv": [2, 12, 3, 14], "texture": "#0"},
				"east": {"uv": [0, 12, 2, 14], "texture": "#0"},
				"south": {"uv": [5, 12, 6, 14], "texture": "#0"},
				"west": {"uv": [3, 12, 5, 14], "texture": "#0"},
				"up": {"uv": [3, 12, 2, 8], "texture": "#0"},
				"down": {"uv": [4, 8, 3, 12], "texture": "#0"}
			}
		},
		{
			"from": [7.3, 0.3, 14],
			"to": [8.7, 1.7, 17.4],
			"rotation": {"angle": 0, "axis": "y", "origin": [8, 0, 14.7]},
			"faces": {
				"north": {"uv": [2, 12, 3, 14], "texture": "#0"},
				"east": {"uv": [0, 12, 2, 14], "texture": "#0"},
				"south": {"uv": [5, 12, 6, 14], "texture": "#0"},
				"west": {"uv": [3, 12, 5, 14], "texture": "#0"},
				"up": {"uv": [3, 12, 2, 8], "texture": "#0"},
				"down": {"uv": [4, 8, 3, 12], "texture": "#0"}
			}
		},
		{
			"from": [6.99, 0.22304, -0.03352],
			"to": [9.01, 2.24304, 3.98648],
			"rotation": {"angle": 45, "axis": "x", "origin": [8, 0.08813, 3.70693]},
			"faces": {
				"north": {"uv": [2, 12, 3, 14], "texture": "#0"},
				"east": {"uv": [0, 12, 2, 14], "texture": "#0"},
				"south": {"uv": [5, 12, 6, 14], "texture": "#0"},
				"west": {"uv": [3, 12, 5, 14], "texture": "#0"},
				"up": {"uv": [3, 12, 2, 8], "texture": "#0"},
				"down": {"uv": [4, 8, 3, 12], "texture": "#0"}
			}
		},
		{
			"from": [6, 2.82843, -1.82843],
			"to": [10, 5.82843, 3.17157],
			"rotation": {"angle": 0, "axis": "y", "origin": [8, 2.68351, 5.90203]},
			"faces": {
				"north": {"uv": [2.5, 5, 4.5, 8], "texture": "#0"},
				"east": {"uv": [0, 5, 2.5, 8], "texture": "#0"},
				"south": {"uv": [7, 5, 9, 8], "texture": "#0"},
				"west": {"uv": [4.5, 5, 7, 8], "texture": "#0"},
				"up": {"uv": [4.5, 5, 2.5, 0], "texture": "#0"},
				"down": {"uv": [6.5, 0, 4.5, 5], "texture": "#0"}
			}
		},
		{
			"from": [7.5, 2.65363, -3.73046],
			"to": [8.5, 2.65363, -0.73046],
			"rotation": {"angle": 22.5, "axis": "x", "origin": [8, 1.5, 4]},
			"faces": {
				"north": {"uv": [10.5, 4, 11, 4], "texture": "#0"},
				"east": {"uv": [9, 4, 10.5, 4], "texture": "#0"},
				"south": {"uv": [12.5, 4, 13, 4], "texture": "#0"},
				"west": {"uv": [11, 4, 12.5, 4], "texture": "#0"},
				"up": {"uv": [11, 4, 10.5, 1], "texture": "#0"},
				"down": {"uv": [11.5, 1, 11, 4], "texture": "#0"}
			}
		}
	],
	"display": {
		"thirdperson_righthand": {
			"rotation": [0, -180, 0],
			"translation": [0, 4, 0],
			"scale": [0.6, 0.6, 0.6]
		},
		"thirdperson_lefthand": {
			"rotation": [0, -180, 0],
			"translation": [0, 4, 0],
			"scale": [0.6, 0.6, 0.6]
		},
		"firstperson_righthand": {
			"rotation": [0, -180, 0],
			"translation": [2, 1.5, 0],
			"scale": [0.6, 0.6, 0.6]
		},
		"firstperson_lefthand": {
			"rotation": [0, -180, 0],
			"translation": [2, 1.5, 0],
			"scale": [0.6, 0.6, 0.6]
		},
		"ground": {
			"translation": [0, 1, 0],
			"scale": [0.6, 0.6, 0.6]
		},
		"gui": {
			"rotation": [30, 225, 0],
			"translation": [-0.5, 3.5, 0],
			"scale": [0.625, 0.625, 0.625]
		},
		"head": {
			"translation": [0, -30, -1.25],
			"scale": [2, 2, 2]
		},
		"fixed": {
			"translation": [0, 1.25, -3.25],
			"scale": [0.8, 0.8, 0.8]
		}
	},
	"groups": [
		{
			"name": "Main",
			"origin": [0, 0, -3],
			"children": [
				{
					"name": "Foward1",
					"origin": [0, 1, 0],
					"children": [
						{
							"name": "1",
							"origin": [0, 1, 0],
							"children": [0]
						},
						{
							"name": "Foward2",
							"origin": [0, 1, -4],
							"children": [
								{
									"name": "4",
									"origin": [0, 0, -7],
									"children": [1]
								}
							]
						}
					]
				},
				{
					"name": "Back1",
					"origin": [0, 1, 0],
					"children": [
						{
							"name": "3",
							"origin": [0, 1, 4],
							"children": [2,
								{
									"name": "5",
									"origin": [0, 1, 7.7],
									"children": [3]
								}
							]
						}
					]
				},
				{
					"name": "Foward3",
					"origin": [0, 1, -8],
					"children": [
						{
							"name": "6",
							"origin": [0, 1, -8],
							"children": [4]
						},
						{
							"name": "Head",
							"origin": [0, 1.5, -12],
							"children": [5,
								{
									"name": "Mouth",
									"origin": [0, 1.00872, -3.90038],
									"children": [6]
								}
							]
						}
					]
				}
			]
		}
	]
}